en	puta
Jutarnja kava ☕	1
Intro	43
Good morning! ☀️ Today's challenge takes 2 minutes — or as long as your coffee does.	1
Six words, one cozy morning scene. Learn them, match them, done. Tomorrow they'll still be here in your Dictionary.	1
Words of the day	37
Tap a card to reveal the meaning.	19
morning	8
milk	15
sugar	12
Match the morning	1
Match each Croatian word with its English meaning. All six belong on one breakfast table.	1
Finish the scene	1
Complete the morning scene — pick the right word.	1
Reward	43
You just had breakfast in Croatian. 🥐 **+10 points · streak +1**	1
*Sutra: idemo na more.* — Tomorrow: we head to the sea.	1
Na moru 🌊	1
Postcard from the Croatian coast! 🏖️	1
Today's challenge: six beach words — and one tiny pattern that unlocks the gender of almost every Croatian noun. Spot it once, use it forever.	1
Croatian nouns have a gender, and the ending usually gives it away: ends in **-a** → feminine (*plaža*), ends in a **consonant** → masculine (*brod*), ends in **-o / -e** → neuter (*more*).	1
beach	13
boat	18
seagull	7
Sort the postcard	1
F (-a)	7
M (consonant)	5
N (-o/-e)	6
Sort each beach word into its gender group. Look at the last letter — it's telling you the answer.	1
Speed round	1
A word flashes — tap its gender. Beat the clock!	1
You can now guess the gender of thousands of Croatian nouns from one letter. Not bad for a day at the beach. 🐟 **+10 points · streak +1**	1
*Sutra: piće u kafiću.* — Tomorrow: a drink at the café.	1
U kafiću 🥤	1
You walk into a café in Split. The waiter looks at you. 😅	1
Good news: you already know almost every word you need. Today you'll *build* your first café conversation — word by word.	1
please	3
bill / check	1
Build the conversation	1
Translate each line by tapping the words in the right order. Extra words are there to trick you!	1
Quick replay	1
Now play the scene. The waiter speaks — choose your reply. (Some options are deliberately silly!)	1
You just ordered a drink and paid the bill — in Croatian, in a café in Split. The waiter is impressed. 🇭🇷 **+10 points · streak +1**	1
*Sutra: novi izazov te čeka.* — Tomorrow: a new challenge is waiting for you.	1
Na tržnici 🍎	1
Saturday morning, a Croatian market. 🧺 Colors, noise, and fruit everywhere.	1
Six words today — and one of them you already know. Fill your basket!	1
market	14
pear	12
orange	12
lemon	11
grapes	7
Fill the basket	1
Match each fruit to its name — every correct pair lands in your basket.	1
Market memory	1
Flip the cards — find each fruit and its Croatian name.	1
Your basket is full — and your Croatian fruit vocabulary too. 🍐 **+10 points · streak +1**	1
Grad u bojama 🎨	1
Remember the gender trick from the beach? 🌊 Today it pays off.	1
Adjectives in Croatian *dress to match* their noun: **crven** auto, **crvena** kuća, **crveno** sunce. Same word, three outfits.	1
The adjective copies the noun's ending: auto je **crven** (M — suglasnik) · kuća je **crvena** (Ž — -a) · sunce je **crveno** (S — -o).	1
Same word, three outfits — tap to reveal.	1
Color the town	1
Pick the right form — the adjective has to match!	1
Type the ending	2
Type the whole adjective — sometimes there's nothing to add after the base form!	1
You didn't learn a single new word today — and yet your Croatian just leveled up. That's grammar for you. 🖌️ **+10 points · streak +1**	1
Obitelj 👨‍👩‍👧	1
Time to meet the family! 📸	1
Here's a family photo. Six people, six words — and two of them you can already guess. (Croatian kids say *mama* and *tata* too.)	1
Who is who?	1
Match each family member with the English word.	1
Introduce them	1
Someone steps out of the photo — introduce them!	1
The whole family knows your name now. Well — you know theirs. 👵 **+10 points · streak +1**	1
Rođendan 🎂	1
It's somebody's birthday! 🎉 The cake is here, the candles are lit — but how many are there?	1
Today: count to six in Croatian. By the end, you'll do it without thinking.	1
one (1)	1
two (2)	1
three (3)	1
four (4)	1
five (5)	1
six (6)	1
Count the candles	1
How many candles? Tap the Croatian number.	1
🕯	1
🕯🕯	1
🕯🕯🕯	1
🕯🕯🕯🕯	1
🕯🕯🕯🕯🕯	1
🕯🕯🕯🕯🕯🕯	1
Number rush	1
A digit appears — tap the Croatian number. Faster every round!	1
**Jedan, dva, tri** — you're counting in Croatian! And yes, there's cake. 🍰 **+10 points · streak +1**	1
Tko si ti? 👋	1
The party from yesterday is still going — and people want to meet you. 🥳	1
Four tiny word-pairs are all you need: **ja sam** (I am), **ti si** (you are), **on je** (he is), **ona je** (she is). Let's mingle.	1
The verb changes with the person — that's why Croatians often drop the pronoun entirely: *Ja sam Ana. Ti si brat. On je konobar. Ona je sestra.*	1
I am	1
you are	1
he is	1
she is	1
Match the pairs	3
Each pronoun has its partner — match them. No mixing allowed at this party!	1
sam	2
si	2
je	3
Introduce the guests	1
Build each introduction from the words below — extra words are traps!	1
**Ja sam...** — you can introduce yourself in Croatian. The party's a success. 🎈 **+10 points · streak +1**	1
Kakvo je vrijeme? ⛅	1
You're the weather reporter today. 🎙️ The map of Croatia is behind you, the camera is on.	1
Six weather words and you're ready to go live.	1
"Tap a card to reveal the meaning. (Fun fact — ""vrijeme"" also means ""time"".)"	1
weather	3
rain	6
snow	4
wind	6
Weather map	1
Match each symbol on the map with its Croatian word.	1
🌧	1
❄️	1
💨	1
🌡⬆	1
🌡⬇	1
🗺	1
Read the forecast	1
You're live! Pick the correct line for each city.	1
Zagreb: 🌧	1
Split: ☀️	1
Clear skies, perfect Croatian. Your forecast career is off to a great start. 🌤 **+10 points · streak +1**	1
Dan suprotnosti 🙃	1
Something's wrong today. The coffee is cold, the snow is warm, the sea is... red? 🤨	1
Time to learn the most useful little word in Croatian: **nije** (is not). One word, and you can correct *anything*.	1
To say something is NOT — just swap **je** for **nije**: Kava **je** topla. → Kava **nije** topla. That's the whole rule. No extra words, no word-order tricks.	1
Look at the scene, read the sentence — is it TRUE or FALSE?	1
"(🌊 plavo more) ""More je crveno."""	1
Fix the world	1
Now correct every false sentence — type the missing word.	1
More ___ crveno.	1
Hard mode	1
Build the corrected sentence — extra words are traps!	1
The world makes sense again — thanks to you and one little word. **Nije** loše! 😉 **+10 points · streak +1**	1
Na selu 🐄	1
"Welcome to a Croatian farm! 🚜 The animals are loud today — and fun fact: they ""speak"" Croatian. A dog here says *vau-vau*, not *woof-woof*."	1
Six animals, six words. Listen carefully.	1
cow	3
horse	7
bird	2
Who said that?	1
Match each sound to the right animal.	1
pas	1
mačka	1
krava	1
konj	1
ptica	1
riba	1
Farm memory	1
Find all six pairs. The animals are hiding!	1
The farm is fed, the words are yours. **Vau-vau!** 🐶 **+10 points · streak +1**	1
U restoranu 🍽	1
Remember the café in Split? Tonight you're back — but this time it's dinner. 🌅	1
The waiter recognizes you. The menu is in Croatian. Good thing you know exactly five new words...	1
menu	6
soup	13
meat	9
salad	7
water	8
Order dinner	1
Translate each line — tap the words in order. The waiter is waiting! Extra words are traps.	1
Dinner dialogue	1
Play the scene — choose your replies. (Neki odgovori citiraju prošle challengee — čisto za zabavu.)	1
Dinner ordered, small talk survived, bill paid. You're officially dangerous in a Croatian restaurant. 🧾 **+10 points · streak +1**	1
Dvije banane, molim 🍌🍌	1
Back at the market! 🧺 But today one apple won't cut it — you need two, three, five...	1
Good news: Croatian plurals follow patterns you can *see*. Two letters do most of the work:	1
ends in **-a**? Swap it for **-e**: banan**a** → banan**e**, jabuk**a** → jabuk**e**. Ends in a consonant? Add **-i**: telefon → telefon**i**, hotel → hotel**i**.	1
Singular → plural. Tap to reveal.	1
banana → bananas	1
apple → apples	1
telephone → telephones	1
hotel → hotels	1
One or many?	3
SINGULAR	4
PLURAL	6
Sort the words — is it one thing or more?	1
Shopping list	1
Type what's in your basket — watch the ending! (After numbers 2–4, masculine words take -a: dva telefona. You'll learn why later.)	1
**Dvije banane, tri jabuke** — the market ladies are impressed. 🛒 **+10 points · streak +1**	1
Vrijeme leti 📅	1
Flip open a diary. 📖 Yesterday's page, today's page, tomorrow's page.	1
Six little time words today — the kind you'll use in literally every Croatian conversation.	1
today	7
tomorrow	10
yesterday	11
week	7
weekend	11
Sort the diary	1
JUČER	30
DANAS	3
SUTRA	3
Three diary pages — put each scene on the right one.	1
Complete the diary	1
Finish each diary line.	1
**Jučer, danas, sutra** — your Croatian now travels in time. ⏳ **+10 points · streak +1**	1
Na put! ✈️	1
Pack your bags — today we travel! 🧳	1
Here's the trick: today you learn six words you *already know*. Croatian borrowed them, you just have to claim them back. This might be your fastest challenge yet — so we're timing you.	1
"Tap a card — you'll see why these look familiar. (""Karta"" also means map — one word, two lives.)"	1
airplane	16
airport	9
suitcase	14
ticket	20
Speed run	1
These words look familiar for a reason. Croatian word appears — tap the English meaning. Go!	1
music	7
The itinerary	1
"Your travel day, in order — build each step. (""tu"" = here.) Extra words are traps!"	1
Six words in record time — told you that you already speak Croatian. **Sretan put!** (Have a good trip!) 🌍 **+10 points · streak +1**	1
Detektiv 🕵️	1
A crime has been committed. 🍰❌ The cake is GONE.	1
Every detective needs three questions: **tko?** (who?), **što?** (what?), **gdje?** (where?).	1
"Croatian questions are beautifully simple — question word + **je**: *Tko je to?* — Who is that? *Što je to?* — What is that? *Gdje je torta?* — Where is the cake? No ""do"", no ""does"", no word-order gymnastics."	1
what	7
where	8
Question or answer?	1
"Match each question to the only answer that makes sense. Detective logic! (""u kuhinji"" = in the kitchen, ""u kafiću"" = in the café.)"	1
Ovo je baka.	1
Ovo je jelovnik.	1
Torta je u kuhinji.	1
Konobar je u kafiću.	1
Solve the case	1
Interrogate the suspects — pick the right question for each clue.	1
Case closed: **mačka** did it. The bakery of justice thanks you, detective. 🐱⚖️ **+10 points · streak +1**	1
Robot 🤖	1
Today you're an engineer. 🔧 On the table: robot parts. Head, eyes, arms, legs...	1
Name every part in Croatian and your robot comes to life.	1
"Tap a card to reveal the meaning. (""Ruka"" covers both arm and hand — one word for both!)"	1
head	11
arm / hand	1
leg	6
Assemble the robot	1
Attach each label to the right part. Wrong label, no robot!	1
arm	7
Robot says!	1
The robot calls out a part in English — tap the Croatian word. Faster every round!	1
Your robot is alive — and bilingual. **Glava, ruka, noga** — all systems go. 🦾 **+10 points · streak +1**	1
Tvoj hrvatski dan 🏆	1
Two weeks ago, *kava* was your whole vocabulary. Look at you now. 💪	1
Today, no new words. Instead: one full day in Croatia — and you'll understand every line of it. Ready?	1
The story	3
Five questions about the story!	1
What's the weather like?	1
rainy	4
What does the hero buy at the market?	1
2 bananas and 3 apples	1
3 bananas	1
lemons	1
What do they drink at the café?	1
The restaurant is...	1
The bill, please	1
The menu, please	1
More soup, please	1
Grand speed finale	1
Everything you've learned, rapid fire. Beat your best!	1
bill	11
five	7
six	5
🏆 **Two-week champion!** You just read a whole story in Croatian — every word of it yours.	1
Modna revija 👕	1
New cycle, new you. 🕺 Today: a fashion show — and you're the designer.	1
Six clothing words walk down the runway. Dress your model, name every piece.	1
"Tap a card to reveal the meaning. (""Hlače"" and ""cipele"" are always plural — just like in English!)"	1
t-shirt	3
trousers / pants	1
shoes	3
jacket	4
cap / hat	1
socks	4
Dress the model	1
Attach each label onto the right piece. The show starts when the outfit is complete!	1
trousers	8
cap	5
Fashion critic	1
You're the judge — pick the correct comment. Watch the adjective ending!	1
The crowd goes wild — your collection (and your Croatian) is a hit. 👗✨ **+10 points · streak +1**	1
Lijena nedjelja 📖	1
Lazy Sunday. ☕ You read, you eat, you watch the rain — and today you say it all in Croatian.	1
"The trick: Croatian ""I""-verbs end in **-m**. *Čitam* = I read. One word — pronoun included, free of charge."	1
"One word = a whole English sentence: **čitam** — I read / I'm reading. **gledam** — I watch. **pijem** — I drink. No ""am"", no ""-ing"", often no ""ja"" needed. The **-m** at the end means *me*."	1
What am I doing?	1
Match each scene from your lazy Sunday to the verb.	1
čitam	1
pišem	2
gledam	1
slušam	1
jedem	1
pijem	1
Narrate your Sunday	1
"Build each sentence about your day. (""čaj"" = tea — a preview of tomorrow!) Extra words are traps."	1
**Čitam, gledam, pijem** — you just survived a whole Sunday in Croatian without leaving the couch. 🛋 **+10 points · streak +1**	1
Beach bar 🍹	1
Back at the beach — but today you're thirsty. 🏖️	1
The beach bar has a chalkboard menu. Six drinks on it, half of them you can already guess.	1
beer	4
lemonade	6
cocoa	5
ice	6
The chalkboard	1
Match each drink to its name on the chalkboard menu.	1
Order up	1
What are you drinking? Say it like a local.	1
Say it smoothly	1
Build the order — extra words are traps!	1
**Živjeli!** (Cheers!) — the bartender already likes you. 🥂 **+10 points · streak +1**	1
Kavu, molim! ☕➡️	1
Tiny detail, big difference. 🔍	1
On the shelf it's **kava**. But the moment you order it, drink it, or need it — it becomes **kavu**. Croatian words change shape when something *happens* to them.	1
When a feminine word (-a) is the *target* of the action, **-a turns into -u**: Kav**a** je topla. → Pijem kav**u**. Other words don't change (for now — lucky you): *Pijem čaj. Gledam more.*	1
Naming form → target form. Tap to reveal.	1
Shelf or hand?	1
Pick the right form — is the word just sitting there, or is something happening to it?	1
Your morning, in order — type the missing part (or the whole word).	1
Gledam ___ (the house)	1
One letter — and suddenly you order coffee like you were born in Zagreb. **Kavu, molim!** ☕ **+10 points · streak +1**	1
Razgledavanje 🗺	1
You're a tourist today — map in hand, old town ahead. 🧭	1
Six city words and you'll never be lost in Croatia again. (Okay, *almost* never.)	1
street	16
square	11
bridge	15
church	8
bus	16
train	19
Pin the map	1
Six pins on the old-town map — label them all.	1
Lost tourist	1
"Help the lost tourist — pick the right question or answer. (""na trgu"" = on the square.)"	1
"Tourist saved, old town conquered. Your map has no blank spots left. 🏛 (Jesi li primijetio? **Molim** je i ""please"" i odgovor na ""hvala""!) **+10 points · streak +1**"	1
Tombola! 🎱	1
Bingo night, Croatian style — **tombola**! 🎉	1
You know 1–6. Tonight the caller goes higher: seven to twelve. Grab your card.	1
Tap a card to reveal the meaning. (Spot the pattern — jedanaest = jedan+aest, dvanaest = dva+naest!)	1
seven (7)	1
eight (8)	1
nine (9)	1
ten (10)	1
eleven (11)	1
twelve (12)	1
Cross it off	1
The caller shouts a number — cross it off your tombola card!	1
7	3
9	3
8	3
11	3
10	3
12	3
Number rush II	1
Now the full range 1–12. See the digit, tap the word. The caller speeds up!	1
**TOMBOLA!** You won the round — and twelve Croatian numbers. 🏆 **+10 points · streak +1**	1
Mi smo tim! ⚽	1
Match day! ⚽ Your team warms up, the rivals arrive, the fans are loud.	1
You know *ja, ti, on, ona*. Today, the plural squad: **mi** (we), **vi** (you all), **oni** (they). Whole teams in one word.	1
Same trick as before — each pronoun has its verb partner: **mi smo** (*Mi smo tim!*), **vi ste** (*Vi ste dobri.*), **oni su** (*Oni su tu.*)	1
we are	1
you (all) are	1
they are	1
Match the squads	1
Full roster check — match every pronoun to its partner. Old players included!	1
smo	1
ste	1
su	1
Stadium announcer	1
"You're on the mic — build each line for the crowd. (""tim"" = team, ""glasni"" = loud, ""nismo"" = we are not.) Extra words are traps!"	1
Final whistle: **mi smo tim** — and you're the captain of all six pronouns now. 🏅 **+10 points · streak +1**	1
Sportski dan 🏀	1
The park is packed today — a game on every court. 🌳	1
Six sports words, half of them already yours. (Croatian fans watch *tenis* and play *nogomet* — and *nogomet* hides a word you know: **noga** + met!)	1
football / soccer	1
basketball	7
tennis	7
swimming	2
running	2
I play	2
Court by court	1
Walk through the park — name the game on every court.	1
football	6
What do you play?	1
"Tell us your game. (Spotted the -u in ""košarku""? That's the target-form rule in action!)"	1
"""I play football and tennis."""	1
Game, set, match. **Igram nogomet, igram tenis** — the park is yours. 🥇 **+10 points · streak +1**	1
Volim / ne volim ❤️	1
The most useful sentence in any language: *I like...* ❤️	1
In Croatian it's one word — **volim**. And *I don't like*? Just add **ne**: **ne volim**. Today you sort your whole world into hearts and crosses.	1
**Volim more.** — I like the sea. **Ne volim kišu.** — I don't like rain. *(spotted the -u? kiša → kišu)* **Volim kavu, ne volim čaj.** — both in one breath.	1
I like / I love	1
I don't like	1
I like coffee	1
I don't like rain	1
Hearts and crosses	1
❤️ VOLIM	4
💔 NE VOLIM	4
Does this person like it or not? Sort fast! (Nitko ne voli ponedjeljak. 😩)	1
Your turn	1
Now your taste — build each confession. The wrong endings are the traps!	1
**Volim hrvatski!** — go on, say it, you've earned it. ❤️🇭🇷 **+10 points · streak +1**	1
Koncert 🎸	1
Tonight we go out. 🎶 There's a concert on the main square — you have just enough Croatian to get in, sing along, and dance.	1
Six words. Doors open now.	1
"Tap a card to reveal the meaning. (""Karta"" — also map, also ticket. One word, two lives.)"	1
song	13
dance	8
Backstage pass	1
Match all six and the bouncer lets you in.	1
At the show	1
You're in! Now act like you belong. (karta → kartu — you're buying it, so it changes!)	1
"""I like the song!"""	1
Encore! You bought the ticket, loved the song, joined the dance — all in Croatian. 🎤 **+10 points · streak +1**	1
U prirodi 🏞	1
City noise off, boots on. 🥾 Today: a hike through Croatia's postcard side — mountains, rivers, lakes (yes, Plitvice counts).	1
Six nature words. The view is the reward.	1
"Tap a card to reveal the meaning. (""Drvo"" also means wood.)"	1
forest	4
mountain	11
river	10
lake	4
flower	6
The panorama	1
Label the view — six pins on one panorama.	1
Gender check at the summit	1
Quick gender check — the last letter is telling you the answer.	1
Describe the view	1
Then describe what you see — endings matter!	1
"""I like the forest."""	1
Summit reached. **Planina, rijeka, jezero** — and not a single wrong ending. 🏔 **+10 points · streak +1**	1
Detektiv 2: Nestala gitara 🕵️🎸	1
Remember the cake thief? 😼 Bad news: someone struck again. The guitar from last night's concert — GONE.	1
You already ask *tko, što, gdje*. A real detective needs three more: **kada?** (when?), **koliko?** (how much?), **zašto?** (why?).	1
**Kada?** → *Kada je koncert?* **Koliko?** → *Koliko je karta?* **Zašto?!** — and the answer starts with **zato** (because).	1
when	15
how much / how many	1
The interrogation board	1
Pin each question to its answer on the detective board. All six question words — old and new.	1
Sutra.	1
Deset.	1
Gitara nije tu!	1
Ovo je mačka.	1
Ovo je karta.	1
Zato. 😼	1
Crack the case	1
Question the suspect — pick the right question for each moment.	1
Case closed again. The cat keeps the guitar — some criminals can't be stopped, only understood. 🎶😼 **+10 points · streak +1**	1
Kako si? 😊	1
"**""Kako si?""** — How are you? You'll hear this ten times a day in Croatia. 😊"	1
Today you finally answer like a human, not a tourist: happy, tired, hungry... Six feelings, six emojis.	1
Fraza dana: *Kako si? — Dobro sam!* (How are you? — I'm fine!)	1
happy 😊	1
sad 😢	1
tired 🥱	1
hungry 😋	1
thirsty 🥤	1
angry 😠	1
Emoji match	1
Six faces, six feelings — match them all.	1
😊	1
😢	1
🥱	1
😋	1
🥤	1
😠	1
How is everyone?	1
Look at each person and pick the right sentence. Watch the ending — he and she feel differently!	1
**Kako si? — Sretan sam!** And you should be — you can talk about feelings now. 💬 **+10 points · streak +1**	1
Sedam dana 📆	1
One challenge, one whole week. 📅 Today you learn all seven days — and yes, **ponedjeljak** (Monday) is just as unpopular in Croatian.	1
Bonus: Croatians don't capitalize day names. One rule less!	1
Tap a card — the mnemonics are built in!	1
"Monday (""po nedjelji"" — after Sunday)"	1
Tuesday	1
Wednesday (sredina — the middle!)	1
Thursday (četiri — 4th day!)	1
Friday (pet — 5th day!)	1
Saturday (≈ Sabbath)	1
"Sunday (""ne djelati"" — no working 😴)"	1
Sort the week	1
The week fell apart! Tap the days back into order, Monday to Sunday.	1
The planner	1
"Fill in your planner — what day is it? (""u srijedu"" = on Wednesday.)"	1
**Ponedjeljak, utorak, srijeda...** — your calendar speaks Croatian now. See you **sutra** — it's the grand finale! 🗓 **+10 points · streak +1**	1
Vikend u Hrvatskoj 🏆	1
Cycle two, complete. Two weeks ago you couldn't say *I like coffee* — now watch yourself spend a whole weekend in Croatian. 😎	1
No new words today. Just you, a story, and everything you've learned.	1
Slušam muziku i volim pjesmu. Ples!	1
Subota: planina, šuma i jezero. Gledam rijeku.	1
Did you live it?	1
Five questions about your weekend — from memory!	1
How does the hero feel on Friday?	1
What do they buy at the concert?	1
a ticket	1
a guitar	1
Where do they go on Saturday?	1
the mountain	1
the market	1
the cinema	1
Sunday morning = ?	1
coffee and a book	1
football and beer	1
tombola	1
What don't they like?	1
Monday	4
Sunday	5
Grand speed finale II	1
Everything from both cycles, rapid fire. New personal best or bust!	1
seven	4
twelve	7
Friday	2
I like	1
🏆 **Two cycles down!** You order in cafés, ask questions like a detective, talk about feelings and survive Mondays — in Croatian.	1
Ključevi od kuće 🔑	1
Someone just handed you the keys to a house in Croatia. 🔑 Nobody's home. You have five minutes to learn what every room is called before the neighbours knock.	1
Six words, one house. Walk in.	1
Tap a card to open that door.	1
bathroom	8
Which room?	1
You hear a sound somewhere in the house. Which room is it coming from?	1
Show me around	1
"The neighbours came in anyway. Give them the tour — one sentence at a time. (""vrata"" is plural in Croatian, so it takes **su**.) Extra words are traps!"	1
The neighbours left impressed and you didn't say a single word of English. **Dobro došli!** (Welcome!) 🏠 **+10 points · streak +1**	1
Gdje je mačka? 🙈	1
The cat is hiding. 🐱 Somewhere in this house, behind something, and she is *not* coming when called.	1
To find her you need one tiny word: **u** = in. And here's the catch — the word after **u** changes its ending. *Kuhinja* → **u kuhinji**. *Soba* → **u sobi**. The word moved, so it changed shape.	1
Feminine words swap **-a** for **-i**. Masculine and neuter words take **-u**: *vrt* → **u vrtu**, *auto* → **u autu**. That's the whole rule. Now go find her.	1
The pattern	2
Tap a card — same word, two shapes. Left is the thing, right is being *inside* it.	1
u kuhinji — in the kitchen	1
u sobi — in the room	1
u kući — in the house	1
u vrtu — in the garden	1
u autu — in the car	1
u kinu — at the cinema	1
Change the shape	1
Match every place to the shape it takes after **u**. Six matches, one cat.	1
u kuhinji	1
u sobi	1
u kući	1
u vrtu	1
u autu	1
u kinu	2
The search	1
Follow the clues. Where is she?	1
"""The cat is in the house."""	1
😼 Found her — **u vrtu**, of course, pretending she was never lost. You just bent five Croatian words into a new shape and the world didn't end. **+10 points · streak +1**	1
Selidba 📦	1
Moving day. 🚚 The truck is outside, the boxes are heavy, and the movers only speak Croatian.	1
Six things to carry. Learn their names or they go in the wrong room.	1
Tap a card to see what's inside the box.	1
wardrobe	8
picture	6
Unpack the boxes	1
Every box has a twin. Flip and match all six before the movers lose patience.	1
Where does it go?	1
The movers are waiting. Point them to the right room.	1
Everything landed in the right room and nobody dropped the lamp. 📦 **Bravo!** **+10 points · streak +1**	1
Što imaš u torbi? 🎒	1
Airport security. 🛃 The officer points at your bag and says one word: *Otvorite.*	1
You'll need the verb **imati** — to have. **Imam** = I have. **Imaš** = you have. **Ima** = he/she/it has. Notice the endings doing all the work: **-m** is me, **-š** is you, nothing is him or her.	1
Open the bag.	1
Tap a card. Three forms, three things — everything you need for an inspection.	1
I have	1
you have	2
he / she / it has	1
bag	20
key	11
newspaper	6
Fill the form	1
Type the missing form of **imati**. Look at who's doing the having!	1
The inspection	1
Play the scene. Choose your replies — the officer is not in a joking mood.	1
Bag closed, stamp in the passport, and you argued your way through customs in Croatian. 🛄 **Sretan put!** **+10 points · streak +1**	1
Prvi dan škole 🍎	1
September. New shoes, new bag, and a classroom where everything has a Croatian name. 🏫	1
The bell goes in six words. Sit down.	1
Tap a card — the answer's on the other side. No copying.	1
school	13
teacher (f.)	6
pencil	10
test	3
People or things?	1
Osoba 🧑	4
Stvar 📦	5
Sort the classroom. Living things on the left, everything you can drop on the right.	1
The lesson	1
Class is in session. Answer before she calls someone else.	1
"""The school is big."""	1
"""I have a pencil."""	1
Bell rings, nobody got called to the board, and your pencil survived. 🔔 **Odličan!** (Excellent!) **+10 points · streak +1**	1
Tko radi što? 👮‍♀️	1
Small town, Monday morning. ☀️ Six people are already at work and every one of them is about to talk to you.	1
Learn who's who before you need one of them.	1
Tap a card to meet them.	1
doctor (m.)	1
doctor (f.)	1
postman	6
coach	6
Who do you need?	1
Something's happening in town. Match each situation to the person who fixes it.	1
doktorica	1
policajac	1
poštar	1
trener	1
doktor	1
At the doctor's	1
You didn't feel great this morning. Play the scene.	1
Diagnosis: too little sleep, too much Croatian. 💊 The prescription is water and a nap. **+10 points · streak +1**	1
Intervju 🎤	1
You've been handed a microphone. 🎤 Croatian radio, live, and your job today is to *ask* the questions.	1
Asking means switching the ending. **Čitam** (I read) → **čitaš** (you read). **Volim** → **voliš**. **Imam** → **imaš**.	1
The **-m** is me. The **-š** is you. Swap one letter and the question is done — no *do*, no *does*, no word shuffling. Three, two, one, you're on air.	1
Tap a card — my side, your side.	1
you like / you love	1
On air	1
Type the **you** form. One letter does all the work.	1
Ask the guest	1
Your guest is waiting. Pick the question that actually asks *them*.	1
More voli?	1
And that's a wrap. 📻 You asked six questions on live radio and the guest never once switched to English. **+10 points · streak +1**	1
Zadnji tramvaj 🚋	1
23:47. The last tram leaves in thirteen minutes and you're on the wrong side of town. 🌃	1
Six words stand between you and a very long walk home. Move.	1
Tap fast — the clock is running.	1
tram	14
bicycle	10
road	10
stop / station	1
terminal / main station	1
Rush hour	1
Croatian word appears — tap the English. Everything that moves, all at once. Go!	1
stop	10
station	11
Thirteen minutes	1
"Build each thought as you run. (""na"" = on / at — same shape change as **u**.) Extra words are traps!"	1
23:59 — you made it, ticket in hand, and the driver even nodded. 🚋 **+10 points · streak +1**	1
Koliko je sati? 🕐	1
Your phone is dead and you have a train to catch. ⏰ Time to ask a stranger — in Croatian.	1
Six words that put the day in order.	1
Tap a card and watch the day go by.	1
hour / clock	1
now	4
in the morning	3
in the afternoon	1
in the evening	3
night	6
Around the clock	1
Match every moment of the day to its Croatian name.	1
ujutro	1
popodne	1
navečer	1
noć	1
sada	1
sat	1
Catching the train	1
The station clock says 19:58. Ask, answer, run.	1
"""I drink coffee in the morning."""	1
"""The concert is in the evening."""	1
19:59, doors closing, and you're on it. ⏰ **Točno na vrijeme!** (Right on time!) **+10 points · streak +1**	1
Dan u gradu 🌆	1
No new words today. 📖 Instead: one day, one city, one story — and you read all of it in Croatian.	1
Coffee, a tram, a search for a missing cat, and an evening on the square. Press play.	1
**Navečer** — Koncert je na trgu. Slušam pjesmu i volim muziku. Ples!	1
**Noć** — Umoran sam. Dobra noć! 🌙	1
Did you follow?	1
Five questions about your day in the city. From memory!	1
What do you drink in the morning?	1
Where is the cat?	1
What do you have for the tram?	1
What do you eat in the afternoon?	1
How do you feel at night?	1
City speed run	1
Everything from the story, rapid fire. Croatian appears — tap the English meaning. New personal best!	1
Morning coffee to good night — a whole day, start to finish, in Croatian. 🌆 **Laku noć!** **+15 points · streak +1**	1
The Accusative (Feminine): -a → -u	1
The rule: the first case, officially	1
The formal statement of your first case. The naming form is the **nominative** (*Kava je dobra*); the form for whatever the verb acts on is the **accusative**, feminine **-a → -u** (*Pijem kav**u***). Other nouns stay unchanged for now.	1
Naming form = **nominative** (*Kava je dobra*); target = **accusative**, feminine **-a → -u** (*Pijem kavu*).	1
"**What a ""case"" is:** Croatian shows a word's *role* in the sentence by changing its ending. The form that *names* (the subject) is the **nominative**. The form that marks the *target* of an action (the object) is the **accusative**. *Kava je dobra.* — kava names. *Pijem kavu.* — kava is the target of drinking."	1
tab: Role | Called | Ending | Example	1
tab: names the thing | nominative | **-a** | Kava je dobra.	1
tab: target of the action | accusative | **-u** | Pijem kavu.	1
**The rule:** feminine nouns (ending in -a): **-a → -u**. kava → kavu · jabuka → jabuku · voda → vodu · riba → ribu · tržnica → tržnicu.	1
Masculine *inanimate* and neuter nouns don't change at all — that's why *Pijem sok* and *Gledam film* worked in Lesson 3 with no new endings. (Masculine *living* things do change — that's Lesson 6.)	1
**Which verbs trigger it?** Any verb with a target: *pijem, jedem, kuham, kupujem, trebam, plaćam, tražim, biram, nosim, volim, gledam, čitam*.	1
**Now you write them.** Kava je dobra, pijem [kavu]. Riba je svježa, kupujem [ribu]. Sok je hladan, pijem [sok] — ništa se ne mijenja.	1
Naming or target?	3
Sorting sentences by the job the noun does. Subject beside *je* → naming form in **-a**; sitting after a verb that acts on it → accusative in **-u**. Compare *Torta je slatka* with *Plaćam tort**u***.	1
Beside *je* → **-a**; after a verb acting on it → **-u**. *Torta je slatka. Plaćam tortu.*	1
NAMING (-a)	20
TARGET (-u)	20
Nominative or accusative? Read each sentence and decide what job the food word is doing in it.	1
One tap for the missing letter. Decide the role first: naming takes **-a**, target takes **-u**. Every verb on this page — *trebam*, *kupujem*, *kuham*, *nosim*, *biram* — takes a target, so its noun ends in **-u**.	1
Naming **-a**, target **-u**. All verbs here take a target, so **-u**.	1
One letter, one tap. If the word is naming something it takes **-a**; if it is the target of the verb it takes **-u**.	1
The water is cold.	3
I need water.	4
The fish is fresh.	3
I'm buying fish.	4
The soup is warm.	4
I'm cooking soup.	2
The cake is sweet.	1
I'm paying for the cake.	2
The bag is small.	4
I'm carrying the bag.	5
The pear is yellow.	3
I'm choosing a pear.	3
The market is big.	3
I'm looking for the market.	5
I'm reading a book.	4
The chocolate is expensive.	1
I love chocolate.	4
The price is high.	1
I'm looking at the price.	1
Type the accusative	6
Typed production of the accusative. Replace the final **-a** with **-u** and change nothing else: *naranča → naranč**u***, *mrkva → mrkv**u***. The diacritics stay exactly where they were.	1
Swap **-a** for **-u**, nothing else: *naranča → naranču*.	1
Type the accusative form.	1
The rule: the adjective travels too	1
The rule that a describing word follows its noun into the case. For feminine words the ending is the same on both: *crn**a** kav**a*** becomes *Pijem crn**u** kav**u***. Listen for the rhyme — -u and then -u again.	1
The adjective goes along: *crna kava → Pijem crnu kavu*.	1
A case never touches the noun alone. **Whatever describes it comes along** — and for feminine words the ending is the very same one: **-a → -u**.	1
tab: Naming | Target	1
tab: crn**a** kav**a** | Pijem crn**u** kav**u**.	1
tab: svjež**a** salat**a** | Kupujem svjež**u** salat**u**.	1
tab: velik**a** kuć**a** | Gledam velik**u** kuć**u**.	1
**Say it out loud: -u -u.** The pair rhymed in the nominative and it rhymes in the accusative. Nothing new to hear — just the same ending twice.	1
**Possessives are adjectives at heart**, so they do it too: *moj**a** sestra → Tražim moj**u** sestru.* You meet the possessives properly in Lesson 9; the ending is already yours.	1
**The masculine and neuter stay quiet for now** — *Pijem hladan sok*, *Čitam dobro pismo*. Their adjective endings arrive with Lesson 6's living/non-living split.	1
**Now you write them.** Kava je dobra → Pijem [dobru] kavu. Riba je svježa → Kupujem [svježu] ribu.	1
Naming or target — the whole phrase	1
Choosing a two-word phrase, so both endings must agree. Either both keep **-a** as the subject (*Salata je svježa*) or both take **-u** as the target (*Kupujem svjež**u** rib**u***). A mixed pair is always wrong.	1
Both **-a** (*Salata je svježa*) or both **-u** (*Kupujem svježu ribu*). Never mixed.	1
Both words must agree. Choose the phrase that fits the sentence.	1
Tap the adjective's ending	2
Only the adjective is missing here, and it copies the noun standing next to it. *Crn**a** kava je dobra*, but *Pijem crn**u** kavu* — the noun already tells you which letter to tap.	1
The adjective copies its noun: *Crna kava je dobra. Pijem crnu kavu.*	1
The noun already has its ending — now the adjective has to match it. Same letter, twice in a row.	1
Black coffee is good.	2
I drink black coffee.	2
Fresh fish is expensive.	2
I'm buying fresh fish.	3
The big house is old.	2
I'm looking at the big house.	2
Warm soup is good.	2
I'm cooking warm soup.	3
The new book is good.	2
I'm reading the new book.	2
Sweet chocolate is expensive.	2
I love sweet chocolate.	3
The small bag is cheap.	2
I need a small bag.	3
The red apple is sweet.	2
I'm buying a red apple.	2
Type both endings	2
Typing the whole phrase in the target form. Both words move together: *topla juha → topl**u** juh**u***. Changing only the noun and leaving the adjective in **-a** still counts as wrong.	1
Both words move: *topla juha → toplu juhu*.	1
Put the whole phrase into the target form. Two words, two endings.	2
The rule: where are you going?	1
The rule that a destination is a target too, so it takes the same **-u**: *Idem u trgovin**u***. The little word in front depends on the place: **u** for what you can shut a door behind, **na** for open spaces and events.	1
A destination takes **-u** too: *Idem u trgovinu*. **u** enclosed, **na** open or event.	1
Here is the surprise: **going somewhere is also a target.** The place you are heading for takes the accusative, exactly like the coffee you drink. *Trgovina → Idem u trgovin**u**.*	1
The only thing left to choose is the little word in front — and Croatian splits the world in two.	1
tab: Word | Used for | Example	1
tab: **u** | into something enclosed — a building, a room | Idem **u** trgovinu.	1
tab: **na** | onto an open space, or to an event | Idem **na** tržnicu.	1
**The test:** can you close a door behind you? Then it's **u** — *u kuću, u školu, u pekaru, u kafić, u sobu*. Is it open sky, or is it an occasion rather than a place? Then it's **na** — *na tržnicu, na plažu, na more, na koncert, na posao*. It's a rule of thumb, not a law: a few places with doors still take **na** (*na kolodvor*, *na poštu*), and those you learn as pairs.	1
"**One you'll use every single day:** *Idemo **na kavu**.* — ""Let's go for a coffee."" It isn't a place at all, it's an event, and half of Croatian social life runs on that phrase."	1
Careful: this is *movement*. Standing still somewhere is a different case entirely, and it waits for you in Lesson 13.	1
**Now you write them.** Idem u [školu]. Idem na [tržnicu]. Idem u [grad].	1
u or na?	3
Choosing between the two direction words. **u** goes with enclosed places — *u školu*, *u pekaru*, *u kafić*; **na** goes with open ground or occasions — *na plažu*, *na posao*, *na kavu*. The place keeps its **-u** either way.	1
**u**: *u školu, u kafić*. **na**: *na plažu, na posao, na kavu*. **-u** either way.	1
Choose the preposition. Enclosed space → u. Open space or event → na.	1
Idem ___ more.	1
Open or enclosed?	1
Sorting places by the word they take. Can you close a door behind you? Then **u**. Open sky, or an occasion rather than a building? Then **na** — which is why *tržnica* and even *kava* land in that column.	1
Door you can close → **u**. Open space or occasion → **na** (*na tržnicu, na kavu*).	1
U (zatvoreno)	20
NA (otvoreno)	14
Sort each place by the word it takes. If you can shut a door behind you it's **u**; open sky or an occasion takes **na**.	1
Type the whole direction	1
You type both parts: the preposition and the place in its target form. *škola* becomes *u škol**u***, *tržnica* becomes *na tržnic**u***. The ending is the same either way; only the preposition is a real choice.	1
Preposition + **-u**: *u školu, na tržnicu*.	1
Type the two words — the preposition and the place in its target form.	2
Sentence building from tiles. Two things must hold: a feminine target ends in **-u** and drags its adjective along (*crn**u** kav**u***), and a comma stands before *a* and *ali* but not before *i*.	1
Feminine target **-u** with its adjective (*crnu kavu*); comma before *a*, *ali*, not *i*.	1
Build the sentence. The adjective and the noun have to end the same way.	1
The Accusative (Masculine): Living vs. Non-living	1
The rule: living & non-living	1
The page that completes your accusative singular. Masculine nouns split by animacy: a living one adds **-a** (*Čekam prijatelja*), a thing adds nothing (*Čekam autobus*). *Tko* counts as living, so it becomes **koga**.	1
Masculine: living **+a** (*Čekam prijatelja*), thing unchanged (*Čekam autobus*). *tko → koga*.	1
"With this page, you complete the accusative singular — the whole map of ""target forms""."	1
**The animacy rule:** masculine nouns split in two. Non-living (things) — no change: *Vidim tramvaj. Čekam autobus.* Living (people, animals) — add **-a**: *Vidim čovjeka. Čekam prijatelja.* Croatian likes to mark *who can be affected* by an action. Things can't care; beings can.	1
tab: Word | Naming | Target | Changes?	1
tab: feminine (-a) | kava | kav**u** | yes	1
tab: masculine living | prijatelj | prijatelj**a** | yes	1
tab: masculine thing | tramvaj | tramvaj | no	1
tab: neuter | pismo | pismo | no	1
"This is why Lesson 3 felt easy: almost every object there was a ""no change"" word. Sneaky, right?"	1
**One more word worth having:** *tko* (who) becomes **koga** in the accusative, exactly like every other living thing. *Koga čekaš? — Čekam prijatelja.* You'll meet the rest of the question words in Lesson 11; this one is just the case you already know.	1
**Now you write them.** Vidim [tramvaj] — stvar. Vidim [prijatelja] — biće. [Koga] čekaš?	1
Does it change or not?	1
A sort testing the finished map. Feminine **-a** words become **-u** and masculine beings add **-a**, while masculine things and neuters such as *pismo* and *more* never move. *Mačka* changes for the feminine reason, not animacy.	1
Feminine **-u**, masculine being **-a**; masculine things and neuters stay. *mačka* is feminine.	1
MIJENJA SE	56
OSTAJE ISTO	76
Sort by whether the word changes after *vidim*. Careful — *mačka* is feminine, so it changes by the Lesson 5 rule, not this one.	1
Tap the ending: living or thing?	2
Masculine words only, one tap each. Alive means **-a** (*Vidim studenta*); a thing means the dash (*Vidim kiosk*). Animals count as alive, so *golub* becomes *goluba* exactly like a person does.	1
Masculine only: alive **-a** (*studenta, goluba*), thing the dash (*kiosk*).	1
"Masculine words only. A being takes **-a**; a thing takes nothing. The **—** button is ""no ending""."	1
I see the waiter.	4
I see the bus.	2
I'm waiting for the doctor.	2
I'm waiting for the train.	3
I'm calling my neighbour.	2
I'm calling a taxi.	2
I'm watching the tourist.	3
I'm looking at the traffic light.	2
I'm photographing the monument.	5
I'm photographing the driver.	2
I hear a man.	3
I hear the tram.	3
I see a student.	2
I see a bicycle.	3
I see a pigeon.	2
I see a kiosk.	2
I'm waiting for the postman.	2
I'm waiting for number five.	1
I see a boy.	2
I see a park.	2
The rule: the letter that falls out	1
The spelling rule behind the odd-looking forms. A fleeting **a** lives only in the naming form and vanishes the moment an ending arrives: *policajac* to *policajca*. Words in -er, -ik, -aj, -ač and most in -ar don't squeeze.	1
A fleeting **a** drops when an ending comes: *policajac → policajca*. -er, -ik, -aj, -ač, most -ar keep it.	1
You already met this in Lesson 2, under a different name. **Nepostojano a** — the fleeting *a* — is the letter that only exists in the naming form and disappears the moment an ending is added.	1
tab: Naming | Target | What fell out	1
tab: polic**a**jac | policajca | the **a** before -c	1
tab: kup**a**c | kupca | the **a** before -c	1
tab: Amerik**a**nac | Amerikanca | the **a** before -c	1
tab: pas | psa | the **a** in the middle	1
**It is not random.** Almost every masculine noun ending in **-ac** does it: *policajac, kupac, Amerikanac, Austrijanac, otac*. Spot the *-ac* and you can predict the squeeze before you learn the word.	1
**Words ending in -er, -ik, -aj, -ač, and most in -ar, do not squeeze:** *konobar → konobara*, *trener → trenera*, *učenik → učenika*, *vozač → vozača*. They simply take the **-a** and keep everything else.	1
*Pas → psa* is an exception of its own — no *-ac* in sight, it just loses the vowel. There are only a handful like it, and this one you will use every day.	1
**Names ending in -o swap that -o for the -a:** *Marko → Mark**a***, *Ivo → Iv**a***. The ending is the same one, it simply replaces a letter instead of being added.	1
**Now you write them.** pas → Gledam [psa]. policajac → Vidim [policajca]. Marko → Čekam [Marka].	1
Does it squeeze?	2
A sort about the fleeting **a**. The reliable signal is the ending **-ac**, which nearly always loses its vowel (*kupac* to *kupca*), while -er, -ik, -ač and most -ar words keep everything (*konobar* to *konobara*). *Pas* to *psa* is one of the few exceptions.	1
**-ac** loses its vowel (*kupac → kupca*); -er, -ik, -ač, most -ar don't. *pas → psa*.	1
STEŽE SE	14
NE STEŽE SE	22
Say the target form in your head before you drop the tile. Anything ending in **-ac** almost certainly squeezes.	1
Typed accusatives with the squeezers mixed in. Check the ending before you type: **-ac** drops its vowel (*Amerikanac* to *Amerikanca*), other beings simply add **-a**, and things come back exactly as they went in.	1
**-ac** drops the vowel (*Amerikanca*), other beings add **-a**, things stay.	1
Type the accusative form. Watch the *-ac* words.	2
most →	5
most	9
The whole map in one tap	2
Three buttons for the complete accusative singular. Feminine takes **-u** (*kavu*), a masculine being takes **-a** (*konobara*), a masculine thing takes nothing (*tramvaj*). Settle the gender first, then ask about animacy.	1
Feminine **-u**, masculine being **-a**, masculine thing nothing. Gender first, then alive or not.	1
Three buttons, three outcomes — everything you have learned about the accusative singular in one place. Feminine takes **-u**, a masculine being takes **-a**, a masculine thing takes nothing.	1
I'm drinking coffee.	5
I'm waiting for the tram.	3
I'm calling the doctor.	3
I'm driving the car.	3
I'm eating an apple.	5
I'm waiting for a friend.	3
I'm looking at the bridge.	3
I see a man.	5
I hear the bus.	2
I'm photographing the tourist.	2
I'm looking at the horse.	1
I see the traffic light.	3
Two whole sentences, one right. The wrong one usually adds **-a** to a thing (*Vidim tramvaja*) or leaves a being bare (*Čekam prijatelj*). Remember that *policajca* has one *a* fewer than you would expect.	1
The wrong one adds **-a** to a thing or leaves a being bare. *policajca*.	1
Choose the correct sentence.	6
waiting for a friend	1
seeing a tram	1
watching a dog	1
calling the waiter	1
photographing the monument	1
seeing a police officer	1
driving a car	1
hearing a man	1
waiting for the bus	1
seeing the customer	1
The rule: replacing the target with one small word	1
Your first pronouns: **me, te, ga, je, nas, vas, ih** stand in for a target already named. Gender decides, not life, so *film* and *tramvaj* both become *ga*, while *knjigu* becomes *je*.	1
**me, te, ga, je, nas, vas, ih**. Gender decides: *film → ga*, *knjigu → je*.	1
Once everyone knows *who* or *what* you mean, Croatian doesn't repeat the noun. It swaps the whole thing for a one-syllable pronoun — in the accusative, because it's still the target.	1
tab: Instead of | Say | Example	1
tab: me (as target) | **me** | Ana **me** čeka.	1
tab: you | **te** | Volim **te**.	1
tab: him / it (m., n.) | **ga** | Vidim **ga**.	1
tab: her (f.) | **je** | Vidim **je**.	1
tab: us | **nas** | Konobar **nas** vidi.	1
tab: you (plural) | **vas** | Čekam **vas**.	1
tab: them | **ih** | Zovem **ih**.	1
**It copies the gender of the noun it replaced** — and things count too: *Gledam film → Gledam **ga**.* *Čitam knjigu → Čitam **je**.* *Čekam tramvaj → Čekam **ga**.*	1
**Why this matters now:** without it every Croatian answer sounds like a robot repeating the question. *Čekaš li prijatelja? — Da, čekam **ga**.*	1
**Now you write them.** Čekaš li prijatelja? — Da, čekam [ga]. Vidiš li Anu? — Da, vidim [je].	1
Which pronoun replaces it?	2
Sorting nouns by the pronoun that replaces them. Masculine and neuter both go to **ga** (*most*, *pismo*), feminine goes to **je** (*kava*, *karta*). Whether the noun is alive makes no difference here at all.	1
Masculine and neuter → **ga**; feminine → **je**. Alive or not doesn't matter.	1
GA	24
*ga* stands in for masculine and neuter, *je* for feminine. The noun's gender decides — not whether it is alive.	1
Replace the target	2
Rewriting a sentence with a pronoun instead of the noun. Copy the gender of the word you removed — *Zovem doktora* becomes *Zovem ga*, *Pijem kavu* becomes *Pijem je* — and leave the pronoun sitting after the verb.	1
Copy the gender: *Zovem ga. Pijem je.*	1
Say the same sentence again, with a pronoun instead of the noun. Watch the gender of the word you're replacing.	1
Pick the pronoun	1
Choosing the right little word and the right slot. **ga** covers masculine and neuter, **je** covers feminine, and the short pronoun sits right after the first word or phrase, so it is *Ana me čeka*, not *Ana čeka me*.	1
**ga** m/n, **je** f; after the first word: *Ana me čeka*.	1
Which little word replaces the noun in CAPITALS?	1
Fotografiram MOST.	1
The rule: they lean	1
Why these pronouns are so fussy about position. They are clitics, like *sam* and *je*: unstressed, leaning on the word in front, and unable to start a sentence. For first place or emphasis use *mene, tebe, njega, nju*.	1
Short pronouns never start a sentence. For first place or emphasis: *mene, tebe, njega, nju*.	1
These seven words are **clitics** — the same restless family as *sam, si, je* from Lesson 2. They carry no stress of their own, so they lean on the word in front of them.	1
**The consequence:** a clitic can never open a sentence. *Vidim ga* — always. *Ga vidim* — never.	1
"**If you really want to start with the pronoun**, Croatian hands you a longer, stressed twin: *Njega vidim, ne tebe.* — ""It's *him* I see, not you."" Long forms are for emphasis and contrast; the short ones are for everything else."	1
tab: Short (leans) | Long (stressed) | Use the long one when	1
tab: me | mene | it starts the sentence or is contrasted	1
tab: te | tebe | Tebe čekam, ne njega.	1
tab: ga | njega | Njega vidim.	1
tab: je | nju | Nju zovem.	1
"**""her"" has a spare form: *ju*.** Use it when *je* the verb is standing right next to *je* the pronoun, because *je je* is unsayable: *Ana **ju** je vidjela.* Everywhere else both work, and you'll hear *ju* a lot in speech even where the rule doesn't demand it."	1
**Now you write them.** Ana [ga] je vidjela. Ana [ju] je vidjela — nikad *je je*.	1
Where does the pronoun go?	2
A pure position drill. Only the short forms are banned from first place, so *Vidim ga* is right and *Ga vidim* is impossible; when you want the pronoun up front, its stressed twin takes over, as in *Njega vidim*.	1
*Vidim ga*, never *Ga vidim*. Up front: *Njega vidim*.	1
Only one of these is a sentence a Croatian would actually say. The short pronoun never comes first.	2
I see him.	3
Ana is waiting for me.	3
I love you.	3
The waiter sees us.	3
I'm calling them.	3
It's HIM I see, not you.	2
I'm reading it. (the book)	3
It's YOU I'm waiting for.	2
Answer without repeating	3
Short answers that drop the noun. Say *Da*, then the verb, then the pronoun — *Da, čekam ga* — taking **ga** or **je** from the gender of the noun in the question rather than naming that noun again.	1
*Da* + verb + pronoun: *Da, čekam ga*.	1
Answer *Da*, but don't say the noun again — swap it for its pronoun. Two words after *Da,*.	1
Sentence building that mixes everything on this page. Full nouns keep their accusative ending, and a short pronoun can never take the opening tile: *Ana me čeka*, while *Njega vidim* uses the stressed form instead.	1
Nouns keep the accusative; short pronouns never first: *Ana me čeka*.	1
Build the sentence.	10
The Plural System	1
The rule: plurals of nouns & adjectives	1
The reference page for plural forms. Masculine **-i**, feminine **-e**, neuter **-a**, with one-syllable masculines padding to *-ovi*; adjectives take the very same three endings, so *Knjige su nove* and *Pisma su duga*.	1
Plural: m **-i** (short words *-ovi*), f **-e**, n **-a**. Adjectives the same: *Knjige su nove.*	1
With this page your present tense is *complete* — all six persons — and nouns can finally come in groups.	1
**Noun plurals — the gender trio again:** m. → **-i** (učenik → učenici, prozor → prozori); f. → **-a → -e** (knjiga → knjige, pjesma → pjesme); n. → **-o/-e → -a** (pismo → pisma).	1
tab: Gender | Singular | Plural | Ending	1
tab: masculine | učenik · prozor | učenic**i** · prozor**i** | **-i**	1
tab: masculine, one syllable | stol · grad | stol**ovi** · grad**ovi** | **-ovi**	1
tab: feminine | knjiga · pjesma | knjig**e** · pjesm**e** | **-e**	1
tab: neuter | pismo · more | pism**a** · mor**a** | **-a**	1
**Short words stretch.** Most one-syllable masculine nouns pad the plural with **-ov-**: *stol → stolovi*, *grad → gradovi*, *most → mostovi*, *zid → zidovi*. After a soft sound it's **-ev-**: *ključ → ključevi*. Say *stolovi* out loud a few times and it sticks.	1
**Adjectives follow along:** *Učenici su mlad**i**. Knjige su nov**e**. Pisma su dug**a**.* Same trio: -i / -e / -a.	1
**Now you write them.** Jedna knjiga, dvije [knjige]. Jedan učenik, svi [učenici]. Jedno pismo, dva [pisma].	2
The rule: when k, g and h soften	1
Why it is *učenici* and not *učeniki*. Before the plural **-i** the sounds *k*, *g* and *h* soften to *c*, *z* and *s* — *vojnik* to *vojnici*. The page also lists the four irregulars, including *djeca*, which takes a plural verb.	1
Before **-i**: *k → c, g → z, h → s* (*vojnik → vojnici*). Plus four irregulars, e.g. *djeca*.	1
**Sound shift:** before the plural **-i**, a final **k** turns into **c**: učeni**k** → učeni**ci**, dječa**k** → dječa**ci**, udžbeni**k** → udžbeni**ci**, jezi**k** → jezi**ci**.	1
It isn't only *k*. The same softening hits **g → z** and **h → s**: *bubre**g*** → *bubre**zi***, *ora**h*** → *ora**si***. You'll meet more of these later; for now the *k → c* pairs are the ones you use daily.	1
**Why it happens:** centuries ago the sound softened in front of **-i**, and it never changed back. It is a pronunciation rule that fossilised into spelling.	1
**The rebels.** Four words ignore everything above: *dijete → **djeca***, *brat → **braća***, *čovjek → **ljudi***, *riječ → **riječi***. Learn them as words, not rules.	1
**A curiosity about *djeca* and *braća*:** they mean many people and take a plural verb — *Djeca su dobra* — but as a target they change like a single feminine word: *Vidim **djecu***, exactly like *Vidim ženu*.	1
**Now you write them.** učenik → [učenici]. dječak → [dječaci]. junak → [junaci].	1
Which plural ending?	2
Sorting by ending, straight from gender. A consonant ending is masculine and takes **-i**, *-a* is feminine and takes **-e**, *-o* and *-e* are neuter and take **-a** — *ispit*, *torba*, *more*.	1
Consonant → **-i**, *-a* → **-e**, *-o/-e* → **-a**: *ispiti, torbe, mora*.	1
-I	63
-E	50
-A	35
Sort each singular by the plural ending it takes.	1
Tap the plural ending	3
One tap per gap, the same trio again: **-i** masculine, **-e** feminine, **-a** neuter. Use the adjective as a check — *su duga* can only belong to a neuter plural like *pisma*.	1
m **-i**, f **-e**, n **-a**. The adjective is a check: *su duga* → *pisma*.	1
One tap. Masculine takes **-i**, feminine **-e**, neuter **-a**.	2
The pupils are young.	3
The books are new.	5
The letters are long.	4
The windows are big.	7
The songs are beautiful.	3
The experiences are interesting.	4
The textbooks are heavy.	6
The pencils are new.	3
The seas are warm.	3
The boys are playing.	2
The grades are good.	4
The questions are short.	3
The tables are old.	7
The bags are small.	3
The villages are small.	3
The cities are beautiful.	3
The girls are singing.	3
The mornings are cold.	3
Regular or rebel?	1
Three piles, not two. Regular words take the plain **-i / -e / -a**; one-syllable masculines take **-ovi** (*test* to *testovi*); and *dijete*, *brat*, *čovjek* and *riječ* follow nothing at all.	1
Regular **-i/-e/-a**; short masculines **-ovi** (*testovi*); irregular *djeca, braća, ljudi, riječi*.	1
PRAVILNO	18
-OVI	15
IZNIMKA	10
Three groups. Most words follow the trio, one-syllable masculines pad with **-ovi**, and four words do their own thing entirely.	1
Type the plural	2
Typed plurals with both spelling changes in play: *k* softens to *c* before *-i* (*jezik* to *jezici*), and short masculines insert *-ov-* (*zid* to *zidovi*). A feminine *k* is safe — *olovka* gives *olovke*.	1
*jezik → jezici*, *zid → zidovi*. Feminine *k* stays: *olovke*.	1
Type the plural. Watch the *k → c* words and the one-syllable ones.	2
more →	2
The adjective follows the noun	2
Agreement in the plural. The adjective copies the noun's gender ending exactly: masculine *-i* (*Prozori su veliki*), feminine *-e* (*Knjige su nove*), neuter *-a* (*Mora su topla*).	1
The adjective copies the noun: *Prozori su veliki. Knjige su nove. Mora su topla.*	1
Choose the matching adjective. Same trio as the nouns: -i / -e / -a.	2
The rule: the complete present tense	1
The full six-person table. **-mo** for *mi* and **-te** for *vi* are fixed for every verb in the language; only *oni* varies by family — *-am* verbs give *-aju*, *-im* verbs *-e*, *-em* verbs *-u*.	1
*mi* **-mo**, *vi* **-te** always. *oni*: *-am → -aju*, *-im → -e*, *-em → -u*.	1
Three endings you know, three you meet today. That's the full set of present-tense endings for almost every verb — from here on, the main question is which family a verb belongs to.	1
tab: Person | čitati (-am) | učiti (-im) | jesti (-em)	1
tab: ja | čita**m** | uči**m** | jede**m**	1
tab: ti | čita**š** | uči**š** | jede**š**	1
tab: on / ona | čita | uči | jede	1
tab: mi | čita**mo** | uči**mo** | jede**mo**	1
tab: vi | čita**te** | uči**te** | jede**te**	1
tab: oni | čita**ju** | uč**e** | jed**u**	1
**Look at the last row.** *mi* and *vi* behave identically for every verb in the language — **-mo** and **-te**, no exceptions. Only the *oni* form cares which family the verb belongs to.	1
**The three families decide the *oni* form**, exactly as they decided the *ja* form back in Lesson 3.	1
tab: If *ja* is… | then *oni* is… | Examples	1
tab: **-am** | **-aju** | čitaju · gledaju · pjevaju · igraju	1
tab: **-im** | **-e** | uče · rade · voze · vide · broje	1
tab: **-em** | **-u** | jedu · pišu · plešu · piju · zovu	1
**A spelling trap worth naming.** *piju, čuju, kupuju* look like they end in *-ju*, but they don't — the **j** belongs to the stem (*pij-*, *čuj-*, *kupuj-*) and the ending is a plain **-u**. Only the **-am** family has a real **-ju**.	1
***Biti* you already know in full** — it was your sneak preview back in Lesson 2: *sam, si, je, smo, ste, su*.	1
**Now you write them.** Mi [čitamo] knjige. Vi [čitate] knjige. Oni [čitaju] knjige.	1
Tap the person	3
Choose the person ending. **-mo** is *we*, **-te** is *you all*, **-ju** is *they*; the *-ju* option works throughout because every verb here belongs to the *-am* family, like *igrati* and *vježbati*.	1
**-mo** we, **-te** you all, **-ju** they (all *-am* verbs here).	2
Who is doing it? **-mo** is us, **-te** is you all, **-ju** is them. Every verb here belongs to the -am family.	2
We sing songs.	4
You all sing songs.	3
They sing songs.	3
We play football.	3
You all play football.	3
The boys play football.	10
We play the piano.	3
You all play the guitar.	3
They play the piano.	4
We read books.	3
You all read books.	4
The children read books.	5
We listen to the teacher.	3
You all watch a film.	3
The pupils listen quietly.	5
We are repeating the lesson.	2
You all answer quickly.	2
The pupils practice every day.	2
Tap what THEY do	2
Only the *oni* form, and the bracketed *ja* form is your clue. If *ja* is *-am*, *oni* is **-aju**; if *-im*, **-e**; if *-em*, **-u**. So *čitam* gives *čitaju*, while *čujem* gives *čuju* — stem *j* plus a plain *-u*.	1
From the *ja* form: *-am → -aju*, *-im → -e*, *-em → -u*. *čujem → čuju*.	1
Only the *oni* form. Look at the *ja* form in brackets and let the family decide: **-am → -aju**, **-im → -e**, **-em → -u**.	1
The pupils study Croatian.	2
The boys eat bread.	2
The girls sing songs.	3
The parents work a lot.	2
They write letters.	2
The friends watch a film.	2
The drivers drive fast.	2
The children dance together.	2
Ivan and Luka count the minutes.	2
The tourists see the monument.	2
The parents hear the music.	2
The children repeat the lesson.	2
The friends call the waiter.	2
What do THEY do?	2
Sort the verbs by what their *they* form does. The family is set by the *ja* form: *čitam* and *znam* land in **-aju**, *radim* and *brojim* in **-e**, *pijem* and *plešem* in **-u**.	1
*čitam, znam* → **-aju**; *radim, brojim* → **-e**; *pijem, plešem* → **-u**.	1
-AJU	22
-U	50
The *oni* form, sorted by verb family. **-am** verbs say **-aju**, **-im** verbs say **-e**, **-em** verbs say **-u**.	2
Type the full form for the given subject. Find the person first, then the family: *mi* and *vi* are always **-mo** and **-te**, and only the *they* forms need the family — *jedu*, *plešu*, *slušaju*.	1
*mi* **-mo**, *vi* **-te**; *oni* by family: *jedu, plešu, slušaju*.	1
Type the verb form.	2
The rule: many targets	1
The plural target form, and it is simpler than the singular. Only masculine changes, *-i* to **-e** (*učenici* to *učenike*, with *c* back to *k*); feminine and neuter plurals stay put, and living versus non-living no longer matters.	1
Plural target: only masculine changes, **-i → -e** (*učenike*). Feminine and neuter stay.	1
Plurals become targets too — and here's the good news: **the plural accusative is easier than the singular**, because the living/non-living split from Lesson 6 disappears.	1
tab: Gender | Naming (plural) | Target (plural)	1
tab: m. | učenici, prijatelji, gradovi | učenik**e**, prijatelj**e**, gradov**e**	1
tab: f. | knjige, jabuke | knjig**e**, jabuk**e** — no change	1
tab: n. | pisma | pism**a** — no change	1
**Only masculine moves: -i → -e.** And the *k* softens back: *učenic**i*** but *učenik**e***, *dječac**i*** but *dječak**e***. The **k → c** change only happens in front of an **-i**.	1
**Living or not, same form now:** *Vidim prijatelj**e**.* *Vidim tramvaj**e**.* The *-a* trick was a singular-only rule, and you have just been let off it.	1
**And the pronoun for all of them is *ih*:** *Vidim učenike → Vidim **ih**.* One word for every gender, every time.	1
**Now you write them.** Vidim učenike → Vidim [ih]. Vidim knjige → Vidim [ih]. Vidim pisma → Vidim [ih].	1
Does it change in the plural?	2
Decide whether each plural moves after *vidim*. Masculine plurals do — *gradovi* becomes *gradove* — while feminine **-e** and neuter **-a** plurals look identical in both roles: *Knjige su nove*, *Čitam knjige*.	1
Masculine moves (*gradove*); feminine and neuter look the same: *Čitam knjige*.	1
After *vidim* — does the plural form change, or is it identical to the naming form?	2
Tap the plural target	2
The same noun twice, first naming, then as the target. Masculine plurals swap **-i** for **-e**, and the softened *c* reverts to *k*, because the **k → c** change only happens in front of an *-i*: *učenici* but *Vidim učenike*.	1
Masculine **-i → -e**, and *c* goes back to *k*: *Vidim učenike*.	1
The same word twice — once naming, once as the target. Only masculine plurals move, and watch the **c** turn back into a **k**.	2
The pupils are singing.	2
I see the pupils.	3
I see the boys.	2
The cities are old.	3
I see the old cities.	2
The friends are waiting.	2
I'm waiting for the friends.	2
I'm looking at the windows.	2
I'm carrying the textbooks.	2
The trams are full.	2
I'm waiting for the trams.	2
I see the tables.	2
Type the plural target	2
Type the plural target form. Masculine takes **-e** (*prozori* to *prozore*), feminine and neuter stay as they are (*knjige*, *pisma*), and the irregular *djeca* behaves like one feminine word: *Vidim **djecu***.	1
m **-e** (*prozore*), f and n unchanged; *djeca → djecu*.	1
Put the plural into the target form — after *vidim*.	2
Full sentences, so noun, adjective and verb all have to agree in the plural, and any target noun must be in its target form: *Vidim star**e** gradov**e***, *Mi čeka**mo** prijatelj**e***.	1
Noun, adjective and verb agree; targets in target form: *Vidim stare gradove.*	1
Futur I	1
The rule: helpers & two word orders	1
The core of the future on one page: a helper plus the infinitive. If anything else comes first, the verb stays whole (*Ja ću **plivati***); if the verb comes first, it drops its final *-i* and the helper follows (***Plivat** ću*).	1
Future = helper + infinitive. *Ja ću plivati*; verb first drops *-i*: *Plivat ću*.	1
The Croatian future: one set of helpers + the infinitive.	1
"**The helpers:** ja ću · ti ćeš · on/ona/ono će · mi ćemo · vi ćete · oni će. These are short forms of *htjeti* (to want) — historically, ""I will swim"" grew out of ""I want to swim"". English did exactly the same with *will*!"	1
**Order A — with the pronoun (or any first word):** helper comes second. *Ja ću plivati. Sutra ću plivati. Mi ćemo putovati.*	1
**Order B — verb first:** infinitive loses its final **-i**, helper follows. *Plivat ću. Putovat ćemo. Gledat ćeš.*	1
tab: Order | Shape of the verb | Example	1
tab: something else first | full infinitive | Ja ću **plivati**. · Sutra ću **plivati**.	1
tab: verb first | drops the **-i** | **Plivat** ću. · **Putovat** ćemo.	1
**Now you write them.** Ja [ću] plivati. Mi [ćemo] putovati. Bez zamjenice: [Plivat] ću.	1
The rule: the third time you meet this	1
The *why* behind that word order. *ću* is a **clitic**, unstressed like *sam* and *ga*, and an unstressed word cannot open a Croatian sentence — it needs something in front to lean on. So the verb gives up its *-i* to become that something.	1
*ću* is a clitic like *sam* and *ga*: it can't open a sentence, so something goes before it.	1
**Why can't the helper go first?** Because it is a **clitic** — the same restless family you have now met three times.	1
tab: Lesson | The clitic | Never says	1
tab: 2 | sam · si · je | *Sam student.*	1
tab: 6 | me · te · ga · je | *Ga vidim.*	1
tab: 8 | ću · ćeš · će | *Ću plivati.*	1
Rule of thumb: the helper *never* stands first — it's shy, it always leans on another word.	1
Every one of them is unstressed, and an unstressed word cannot open a Croatian sentence — there is nothing in front for it to lean on. That single fact explains *Ja sam student*, *Vidim ga* and *Plivat ću* all at once.	1
**So when the verb has to go first, it takes the hit** and gives up its final letter: *plivati → plivat ću*. The helper gets something to lean on, and the sentence works.	1
**Write it as two words.** *Plivat ću*, never *Plivaću*. You will see the fused spelling in Serbian and in casual chat; standard Croatian keeps them apart.	1
**Verbs ending in -ći keep their full shape:** *Ići ću na more. Doći ćeš sutra.* There is no *-i* to drop — the whole *-ći* is part of the stem.	1
**Now you write them.** plivati → [Plivat] ću. ići → [Ići] ću. doći → [Doći] ćeš.	1
Match pronoun & helper	1
Pair each subject with its helper. The full set is *ću, ćeš, će, ćemo, ćete, će*, and *će* is the one form doing double duty: it covers *on/ona* and *oni/one* alike.	1
*ću, ćeš, će, ćemo, ćete, će*. *će* covers *on/ona* and *oni*.	1
Match pronoun and helper.	1
ću	2
ćeš	2
će	2
ćemo	2
ćete	2
Who will it be?	3
Sort the subjects by helper. Any single person or thing takes **će**, names and nouns included (*Marko će*, *avion će*), and any group containing *ja* takes **ćemo**, even when *mi* is left unsaid (*brat i ja ćemo*).	1
One person or thing → **će**; any group with *ja* → **ćemo**.	1
ĆU	6
ĆEŠ	6
ĆE	31
ĆEMO	15
Which helper does each subject take? Any single person or thing takes **će**; a group that includes *ja* takes **ćemo**.	2
Long or short?	5
One tap per sentence, and word order alone decides it. The verb loses its final *-i* only when it stands directly in front of the helper: *Bit će savršeno*, but *To će **biti** savršeno*.	1
*-i* drops only right before the helper: *Bit će savršeno*, *To će biti savršeno*.	1
The verb changes shape depending on where it stands. **In front of ću** it drops the final -i. **Anywhere else** it keeps it.	1
I will swim every day.	7
We will travel to the sea.	6
You will study in the evening.	6
I will watch the match.	4
Tomorrow I will watch the match.	2
I will get up early.	4
Tomorrow I will get up early.	5
We will have lunch together.	5
Afterwards we will have lunch together.	4
He will work all day.	4
It will be perfect.	3
That will be perfect.	2
I will read a book.	5
In the evening I will read a book.	2
We will see the sea.	2
Tomorrow we will see the sea.	2
The correctly written sentence	2
Spot the correctly written sentence. Three things must hold at once: two separate words (*Plivat ću*, never *Plivaću*), the *-i* dropped only in front of the helper, and *-ći* verbs left untouched (*Ići ću*, not *Ić ću*).	1
Two words (*Plivat ću*), *-i* dropped only before the helper, *-ći* kept (*Ići ću*).	1
Choose the correctly written sentence.	4
swimming, verb first	2
studying, pronoun first	2
lunch tomorrow	2
going to the sea	2
travelling, verb first	2
getting up early	2
he will work	2
it will be perfect	2
coming tomorrow	2
we will watch	2
The second word order	2
Rewrite each sentence in the other word order. Moving the verb in front of the helper costs it a final *-i* (*Ja ću gledati → **Gledat** ću*); moving it back behind the helper gives the *-i* straight back.	1
Verb before helper loses *-i* (*Gledat ću*); after it gets it back (*Ja ću gledati*).	1
Rewrite in the other word order.	2
Put it in the future	2
Build a future from a subject and a dictionary verb. Both orders count as correct, but they are not free: with the pronoun the verb is whole (*Mi ćemo biti*), verb-first it is trimmed (*Bit ćemo*), and *ići* never trims.	1
Both orders: *Mi ćemo biti* / *Bit ćemo*. *ići* never trims.	1
Put the verb in the future — both word orders are accepted.	2
The rule: the future that won't	1
The negative future. *ne* fuses with the helper into one stressed word — **neću, nećeš, neće** — which, unlike *ću*, is free to open a sentence, and the verb after it returns to its full form: *Neću **plivati***.	1
**neću, nećeš, neće**: one word, can open a sentence; the verb is whole: *Neću plivati*.	1
The negative future is a single word, exactly like *nisam*: **neću, nećeš, neće, nećemo, nećete, neće**.	1
tab: Positive | Negative	2
tab: Plivat ću. / Ja ću plivati. | **Neću** plivati.	1
tab: Putovat ćemo. | **Nećemo** putovati.	1
tab: Gledat ćeš film. | **Nećeš** gledati film.	1
tab: Ona će raditi. | Ona **neće** raditi.	1
**Word order gets simpler, not harder.** The positive helper is shy and leans on the first word; the negative one is stressed and cheerfully opens the sentence. There is no *Plivat neću*.	1
**The infinitive comes back whole.** You trimmed *plivati → plivat* only because the verb went first. After *neću* the verb is second again, so it keeps its *-i*: *neću **plivati***.	1
**Same trick, third time.** *je → nije*, *sam → nisam*, *ću → neću*. Croatian fuses *ne* into exactly three verbs: *biti*, *htjeti* and *imati* (*nemam*). Everything else keeps *ne* separate.	1
**Now you write them.** Ja [neću] plivati. On [neće] doći. Mi [nećemo] raditi.	1
Leans or opens?	2
Sort the words by whether they can start a sentence. Anything unstressed leans and cannot (*ću, sam, ga*), while the stressed forms open freely (*neću, nisam, njega*). It is the same split you have now met three times.	1
Unstressed can't start (*ću, sam, ga*); stressed can (*neću, nisam, njega*).	1
NASLANJA SE	18
OTVARA REČENICU	20
Which of these can stand at the very beginning of a sentence, and which needs something in front of it to lean on?	2
Positive or negative future?	2
Choose the correctly written sentence. *Neću* is always one word, never *ne ću*, and the verb behind it keeps its full *-i* — so *Neću plivati* is right, and *Plivat neću* does not exist.	1
*Neću* is one word; verb stays whole: *Neću plivati*.	1
I won't swim.	2
We won't travel.	2
She won't work tomorrow.	2
You won't watch the film.	2
I will swim.	1
They won't get up early.	2
I won't go to the sea.	2
We won't be tired.	2
Say you won't	3
Turn plans into refusals, which means two changes at once: the helper becomes the fused *neću / nećeš / neće*, and the trimmed verb is restored to its dictionary form — *Plivat ću* becomes *Neću **plivati***.	1
*ću* → *neću*, verb back to full form: *Plivat ću → Neću plivati*.	1
Turn each plan into a refusal.	2
The rule: the helper's stressed twin	1
The full, stressed form of the helper: *hoću, hoćeš, hoće*. Use it exactly where a leaning word cannot go — asking (*Hoćeš li doći?*) and answering (*Hoću.*) — just as *njega* stands where *ga* cannot.	1
Stressed *hoću, hoćeš, hoće* for asking and answering: *Hoćeš li doći? — Hoću.*	1
Just like *ga* has *njega* and *me* has *mene*, the future helper has a full, stressed twin: **hoću, hoćeš, hoće, hoćemo, hoćete, hoće**.	1
tab: Short (leans) | Full (stressed) | When you need the full one	1
tab: ću | **hoću** | answering a question: *Hoćeš li doći? — **Hoću**.*	1
tab: ćeš | **hoćeš** | asking one: ***Hoćeš** li gledati film?*	1
tab: će | **hoće** | contrast: *On **hoće**, ali ja neću.*	1
**This is where *neću* comes from.** *ne + hoću* fused into one word centuries ago — which is why the negative can open a sentence while the positive cannot. The long form was always the stressed one.	1
"**You will hear it constantly as a question:** *Hoćeš li kavu?* — ""Will you have a coffee?"" It is the single most common invitation in Croatia. Lesson 11 takes the *li* apart properly; for now take the phrase whole."	1
**One-word answers work.** *Hoćeš li plivati? — **Hoću**.* / *— **Neću**.* Short, complete, perfectly natural. You cannot answer with *ću*.	1
**Now you write them.** Hoćeš li plivati? — [Hoću]. Hoćeš li raditi? — [Neću].	1
Short or full form?	1
Pick the right form for the job. A plain statement takes the short helper (*Sutra ću plivati*); asking, answering or contrasting takes the stressed one (*Hoćeš li doći? — **Hoću**.*); and refusing takes *Neću*.	1
Statement *ću*; asking or answering *hoću*; refusing *neću*.	1
The short helper leans and never stands alone. The full one is stressed — use it to answer, to ask, or to contrast.	1
Asking whether someone will come	2
I will swim tomorrow.	1
He wants to, but I won't.	2
We will travel on Saturday.	1
Build each sentence from tiles, positive and negative mixed. The order tests one thing: *ću* can never be the first tile, but *neću* can — so *Plivat ću svaki dan* and *Neću trenirati danas* are both well formed.	1
*ću* never first; *neću* can be: *Neću trenirati danas.*	1
Possessive Pronouns	1
The rule: the ending comes from the thing owned	1
The reference page for all seven possessives. Each one has the same three endings as an adjective, and the ending is chosen by the **noun that follows it**, not by the owner: *njegova gitara* because *gitara* is feminine, *njezin dres* because *dres* is masculine.	1
Seven possessives, adjective endings, chosen by the **thing owned**: *njegova gitara*, *njezin dres*.	1
A possessive takes the same endings as an adjective: it stands in front of a noun and matches that noun's gender.	1
**The whole set, in three forms.**	1
tab: Owner | m. (dres) | f. (lopta) | n. (koljeno)	1
tab: my | moj | moja | moje	1
tab: your (one person) | tvoj | tvoja | tvoje	1
tab: his | njegov | njegova | njegovo	1
tab: her | njezin | njezina | njezino	1
tab: our | naš | naša | naše	1
tab: your (plural, polite) | vaš | vaša | vaše	1
tab: their | njihov | njihova | njihovo	1
**The ending is chosen by the noun, not by the owner.** *Marko i **njegova** gitara* — *gitara* is feminine, so the ending is **-a**, although Marko is a man. ***Njezin** dres* — *dres* is masculine, so there is no ending, although the owner is a woman. For English speakers this is the one place to slow down.	1
**The neuter ending is -o or -e.** After a hard consonant it is **-o**: *njegov**o** koljeno*, *njezin**o** srce*, *njihov**o** more*. After **j** and **š** it is **-e**: *moj**e** koljeno*, *tvoj**e** srce*, *naš**e** more*, *vaš**e** tijelo*.	1
**Now you write them.** Ovo je [moj] dres. Ovo je [moja] lopta. Ovo je [moje] koljeno.	2
Sort by the gender of the thing owned	2
Sorting by the noun alone. A consonant at the end of the noun gives the bare form (*moj klub*), **-a** gives **moja**, **-o** or **-e** gives **moje**. Note *momčad*: it ends in a consonant but is feminine, so it takes *moja*.	1
By the noun: consonant *moj*, **-a** *moja*, **-o/-e** *moje*. *momčad* is feminine: *moja*.	1
Which form of *moj* does each noun take? Read the last letter of the noun. One word here ends in a consonant and is still feminine — *momčad*.	1
MOJ	38
MOJA	38
MOJE	35
One tap completes the possessive. The base is given; a masculine noun takes no ending, a feminine noun takes **-a**, and a neuter noun takes **-o** after a hard consonant (*njegovo*, *njezino*, *njihovo*) or **-e** after *j* and *š* (*moje*, *tvoje*, *naše*, *vaše*).	1
m nothing, f **-a**, n **-o** (*njegovo*) or **-e** after *j/š* (*moje, naše*).	1
English above, Croatian below. One tap completes the possessive. Read the Croatian noun, not the English.	1
My jersey is blue.	3
My ball is red.	4
My knee hurts.	7
Your club is old.	2
Your guitar is new.	2
Your eye is red.	3
Our coach is strict.	5
Our team is strong.	7
Our sea is warm.	3
Your park is big.	1
Your defence is good.	3
Your body is tired.	2
His hobby is chess.	2
His sister sings.	2
His heart is strong.	3
Her camera is old.	2
Her position is goalkeeper.	3
Her knee hurts.	2
Their captain is fast.	2
Their defence is strong.	4
Their village is small.	2
Choose the possessive that fits the noun beside it. The English hint names the owner, but the owner does not change the ending — *his guitar* and *her guitar* are both *gitara*, so both take **-a**: *njegova gitara*, *njezina gitara*.	1
The owner doesn't change the ending: *njegova gitara*, *njezina gitara*.	1
Choose the form that fits the noun. Cover the English and decide from the Croatian noun.	1
___ lopta je crvena. (my)	2
___ klub je dobar. (our)	3
___ gitara je stara. (his)	1
___ dres je plav. (their)	1
___ koljeno boli. (my)	9
___ momčad je jaka. (our)	1
___ trener je strog. (their)	1
___ srce je veliko. (her)	1
___ pozicija je golman. (his)	4
___ tijelo je umorno. (my)	1
___ obrana je brza. (your, plural)	1
___ fotoaparat je nov. (your, one person)	1
Type the possessive	4
Typed production. The bracket names the owner, the noun sets the ending. Build it in two steps: take the base from the bracket (*moj-, naš-, njegov-, njezin-, njihov-*), then add the ending that matches the noun.	1
Base from the bracket (*moj-, naš-, njegov-*...), ending from the noun.	1
Type the possessive. The bracket says who, the noun decides the ending.	2
___ hobi je fotografija. (my)	3
___ sestra svira gitaru. (my)	3
___ klub trenira danas. (our)	3
___ momčad pobjeđuje. (our)	3
___ more je toplo. (our)	3
___ dres je nov. (his)	3
___ srce je jako. (his)	3
___ fotoaparat je star. (her)	2
___ gitara je nova. (her)	10
___ trener je pošten. (their)	2
___ obrana je brza. (their)	3
___ park je velik. (your, plural)	1
The rule: more than one thing	1
The plural endings, and they are the same trio as in Lesson 7: **-i** for masculine, **-e** for feminine, **-a** for neuter. The owner still does not matter — *njihovi hobiji* has **-i** because *hobiji* is a masculine plural.	1
Plural: m **-i**, f **-e**, n **-a**. *njihovi hobiji*.	1
One thing or many, the rule is unchanged: the ending is chosen by the noun that follows.	1
tab: Plural noun | Ending | Example	1
tab: masculine | **-i** | moj**i** hobiji · naš**i** igrači	1
tab: feminine | **-e** | moj**e** lopte · njihov**e** pjesme	1
tab: neuter | **-a** | moj**a** koljena · naš**a** mora	1
**The same three endings as adjectives.** *Naši hobiji su različit**i**. Njihove pjesme su lijep**e**.* The possessive and the adjective take the same ending, because both of them match the noun.	1
**Watch the middle form.** *moje* is the neuter singular (*moje koljeno*) and also the feminine plural (*moje lopte*). The noun beside it shows which one is meant.	1
**Now you write them.** Ovo su [moji] hobiji. Ovo su [moje] lopte. Ovo su [moja] koljena.	1
Sorting whole phrases by the form of the possessive. A masculine plural takes **-i**, a feminine plural **-e**, a neuter plural **-a**. Compare the columns with the singular you drilled above: *naše more* is one sea, *naša mora* several.	1
m pl **-i**, f pl **-e**, n pl **-a**: *naše more*, *naša mora*.	1
Sort each phrase by the ending on the possessive.	1
-I (m. mn.)	6
-E (ž. mn.)	6
-A (s. mn.)	5
Pick the plural form	1
Agreement in the plural, where the possessive and the adjective take the same ending. A masculine plural noun gives *naši hobiji su različiti*, a feminine plural gives *njihove pjesme su lijepe*.	1
Possessive and adjective share the ending: *naši hobiji su različiti*.	1
Choose the form that fits the plural noun.	1
___ hobiji su različiti. (our)	3
___ pjesme su lijepe. (their)	1
___ koljena su umorna. (my)	1
___ prijatelji su veseli. (my)	1
___ knjige su nove. (her)	2
___ igrači su brzi. (our)	2
___ dresovi su plavi. (your, plural)	1
___ sestre su mlade. (their)	1
___ pisma su duga. (his)	1
___ olovke su male. (your, one person)	1
The rule: svoj	1
The eighth possessive, and English has no single word for it. **Svoj** is used when the owner is the subject of the same sentence: *Marko voli svoju sestru* means his own sister, while *Marko voli njegovu sestru* means someone else's.	1
Owner = subject → **svoj**: *Marko voli svoju sestru* (his own).	1
da	40
Croatian has one more possessive: **svoj**. It is used when the owner is the **subject of the sentence**.	1
tab: Sentence | What it means	1
tab: Marko voli **svoju** sestru. | his own sister	2
tab: Marko voli **njegovu** sestru. | somebody else's sister	1
tab: Ana nosi **svoj** dres. | her own jersey	1
tab: Ana nosi **njezin** dres. | somebody else's jersey	1
**It takes the same endings as the others**, because it also matches the noun: *svoj dres · svoja lopta · svoje koljeno · svoji hobiji*.	1
**With *ja* and *ti* both versions are used.** *Volim svoj klub* and *Volim moj klub* both mean my own club, and nobody can misread them. In the third person the difference is real, so *njegov* and *njezin* point at another person.	1
**The short version.** If the sentence is about Ana and Ana's thing, or about Marko and Marko's thing, use *svoj*. Use *njegov* or *njezin* only when the thing belongs to somebody else.	1
**Now you write them.** Marko voli [svoju] sestru — vlastitu. Marko voli [njegovu] sestru — tuđu.	2
svoj or njegov?	2
One question settles each item: does the thing belong to the subject of the sentence? If it does, the answer is **svoj**; if it belongs to someone else, the answer is *njegov* or *njezin*. The bracket says which situation is meant.	1
Belongs to the subject? **svoj**. Someone else? *njegov / njezin*.	1
Does the thing belong to the person doing the action? Then it is *svoj*.	3
Marko voli ___ klub. (his own)	5
Marko gleda ___ gitaru. (Ana's guitar)	2
Ana nosi ___ dres. (her own)	2
Ana zove ___ sestru. (her own)	2
Ana zove ___ sestru. (Marko's sister)	2
Igrači vole ___ klub. (their own)	2
Trener gleda ___ momčad. (his own)	3
Djeca nose ___ dresove. (their own)	3
Ona vozi ___ auto. (her own)	3
On nosi ___ dres. (Marko's jersey)	2
Sestra slika ___ mamu. (her own)	1
Ivan voli ___ grad. (his own)	2
Type svoj	2
Typed production of *svoj* in the form that matches the noun. The endings are the ones you have drilled above — bare for masculine, **-a** for feminine, **-e** for neuter — and after a verb a feminine noun is in the accusative, so the possessive takes **-u** with it: *svoju sestru*.	1
*svoj* agrees with the noun; after a verb, feminine **-u**: *svoju sestru*.	1
Type the right form of *svoj*.	2
The rule: čiji, and one word from a name	1
Two ways of naming an owner. **Čiji / čija / čije** asks *whose* and copies the noun like every possessive. And from a name Croatian builds a word of its own: a word in **-a** takes **-in**, any other takes **-ov** or **-ev** — *Anin fotoaparat*, *tatin klub*, *Markov dres*.	1
*čiji / čija / čije* = whose. From a name: **-a** word → **-in** (*Anin*), others **-ov/-ev** (*Markov*).	1
**To ask, use *čiji*.** It matches the noun, exactly like the answer will: *Čij**i** je ovo dres? Čij**a** je ovo lopta? Čij**e** je ovo koljeno?*	1
**To name the owner, Croatian builds a word from the name itself.**	1
tab: Owner | Ending | Example	1
tab: a word ending in -a (Ana, sestra, tata, Luka) | **-in** | Anin fotoaparat · tatin klub	1
tab: any other word (Marko, Ivan, brat) | **-ov** | Markov dres · Ivanov gol	1
tab: a word ending in a soft sound (č, ć, j…) | **-ev** | Igračev dres	1
**These words then match the noun as usual:** *Markov dres*, *Markov**a** lopta*, *Markov**o** koljeno*; *Anin dres*, *Anin**a** lopta*, *Anin**o** koljeno*.	1
**A capital letter for a name.** *Markov*, *Anin*, *Ivanov* keep the capital of the name they are built from. A word built from an ordinary noun does not: *sestrina gitara*, *bakina kuća*, *trenerov plan*.	1
**English word order is the other way round.** English says *Marko's jersey*, Croatian says *Markov dres* — the owner first, and the ending on the owner's word.	1
**Now you write them.** [Čiji] je ovo dres? To je [Markov] dres. To je [Anin] fotoaparat.	1
Build the owner's word	2
Type the word built from the owner's name. A word ending in **-a** takes **-in** (*Ana → Anin*, *sestra → sestrin*, *tata → tatin*), any other word takes **-ov** (*Marko → Markov*, *brat → bratov*), and the result then takes the ending that matches its noun.	1
**-a** → **-in** (*Anin, tatin*), others → **-ov** (*Markov, bratov*); then the noun's ending.	1
Type the owner's word — a word in **-a** takes **-in**, any other takes **-ov**. Then let the noun finish it.	1
trenerov plan	2
Whose is it?	5
Choose the correct sentence. Two things decide it: *čiji* matches the noun it asks about (*Čija je ovo lopta?*), and the possessive in the answer matches that same noun, whoever the owner turns out to be.	1
*čiji* matches the noun (*Čija je ovo lopta?*), and so does the possessive in the answer.	1
Whose ball is this?	9
Whose jersey is this?	6
Whose knee is this?	5
It is Marko's jersey.	2
It is Ana's guitar.	2
It is my sister's guitar.	2
His guitar is new.	3
Her jersey is blue.	2
Their hobbies are different.	2
A possessive follows its noun into the accusative from Lesson 5. As a subject the pair ends in **-a** twice (*Moja lopta je crvena*), and after a verb both words end in **-u** (*Tražim moj**u** lopt**u***).	1
Possessive goes into the accusative too: *Moja lopta je crvena. Tražim moju loptu.*	1
Both words have to end the same way. Choose the phrase that fits the sentence.	1
Sentence building from tiles, so the possessive has to land in the right place and the right form. It stands in front of the noun it belongs to, and where two halves are joined by *a* or *ali* each half keeps its own possessive and a comma comes before the connector.	1
Possessive before its noun; each half keeps its own; comma before *a* and *ali*.	1
A closing summary of the unit. The whole system is one sentence long: read the noun, and give the possessive the ending that matches it. *Svoj* is the one extra word, used when the owner is the subject of the sentence.	1
Read the noun, match the ending. *svoj* when the owner is the subject.	1
**Bravo.** You can now say what belongs to whom — with seven possessives, a plural set, *svoj*, *čiji*, and a word built straight from a name.	1
And you did it with one rule: **read the noun, and give the possessive the ending that matches it.**	1
**Next up:** Practice 9 puts all of this into short texts about a club and a hobby, and Test 9 closes the unit. Then Lesson 10 opens the past tense, so you can say what you did yesterday.	1
The Perfekt (Past Tense)	1
The rule: the past tense formula	1
The reference page for the whole unit. One past tense covers everything English splits into three, and it is built from two pieces: a form of **biti** and the participle. The participle carries the gender, *biti* carries the person.	1
One past tense: **biti** + participle. Participle = gender, *biti* = person.	1
One past tense covers everything in spoken Croatian: *I watched, I was watching, I have watched* — all simply **gledao sam**.	1
**The formula:** biti (sam/si/je/smo/ste/su) + past participle. The participle: drop **-ti**, add the ending — he (or male ja/ti) → **-o** (gledao, pio, bio) · she (or female ja/ti) → **-la** (gledala, pila, bila) · they/we → **-li** (gledali, pili, bili) · women only → **-le** (*Ana i Petra su gledale*) · neuter plural → **-la** (*Sela su bila mala*) · neuter subject → **-lo** (bilo). Sound note: *jesti → jeo*, where the *d* is dropped.	1
**The speaker's gender matters:** a man says *Spavao sam dugo*; a woman says *Spavala sam dugo*. The verb form alone shows which of the two is speaking — English has no equivalent.	1
**Djeca and braća take -la**, not -li: they mean many people, but each behaves like one feminine word — *Djeca su spava**la***, *Braća su doš**la***, exactly like *Vidim djecu* in Lesson 7.	1
**Word order — the leaning rule:** *sam/si/je...* never stands first: *Gledao **sam** film. · Ja **sam** gledao film. · Jučer **sam** gledao film.* You know this from the future (*ću*).	1
"**The past of ""to be"":** *Bio sam na moru. Voda je bila topla. Bilo je savršeno!*"	1
**Now you write them.** Ja sam [bio] na moru — kaže muškarac. Voda je [bila] topla. Sve je [bilo] savršeno.	1
Sort the participles	2
Sorting by the ending alone, so read only the last letters. **-o** is a man or boy, **-la** a woman or girl, **-li** any group, **-lo** a neuter subject. The front of the word never says who — *pio* and *pjevao* land in the same column.	1
**-o** he, **-la** she, **-li** group, **-lo** neuter.	1
Who could say this, or what is it said about? Sort the forms by their ending.	2
ON (-o)	22
ONA (-la)	21
MI / ONI (-li)	19
ONO (-lo)	12
Tap the participle ending	2
One tap finishes the participle. Find the subject first: *Marko* and a man speaking take **-o**, *Ana* and a woman speaking take **-la**, *mi*, *oni* and any pair take **-li** (but *djeca* and *braća* take **-la**), and a neuter noun such as *more*, *sunce* or *vrijeme* takes **-lo**.	1
Man **-o**, woman **-la**, group **-li** (*djeca, braća* **-la**), neuter **-lo**.	1
English above, Croatian below. One tap completes the participle.	1
Ana watched a film.	3
We watched a film.	6
Yesterday I slept for a long time.	8
The boys slept for a long time.	3
Marko drank coffee.	3
Petra drank juice.	3
We drank coffee and talked.	2
The sea was warm.	3
The film was excellent.	6
The pizza was good.	3
Ana and Marko were at the cinema.	2
Everything was perfect.	8
Dad cooked lunch.	3
My sister sang at the concert.	4
The pupils studied all day.	3
The sun was warm.	2
I went to the cinema.	6
The girls sang.	2
Mom and grandma cooked lunch.	1
Tap the helper	2
Now the participle is written and the form of **biti** is missing. It comes from the person, exactly as in Lesson 2: *ja sam*, *ti si*, *on* and *ona je*, *mi smo*, *vi ste*, *oni su*. A name behaves like *on* or *ona*, so it takes *je*.	1
*biti* from the person: *ja sam, ti si, on/ona je, mi smo, vi ste, oni su*.	1
English above, Croatian below. One tap gives the sentence its helper.	1
I watched a film.	4
You watched a film.	2
You all watched a film.	2
They watched a film.	2
I drank coffee.	2
Ana sang at the concert.	4
The children slept for a long time.	4
The water was warm.	4
We were at the sea.	4
You had an exam.	2
You all came late.	2
I got up early.	2
Our club won.	8
Type the participle	3
Typed production, so spelling counts. Drop **-ti**, add the ending named in the bracket, and keep the diacritics of the infinitive: *čitati → čitala*. Four verbs change more than the ending: *ići → išao*, *doći → došao*, *vidjeti → vidio*, *jesti → jeo*.	1
Drop **-ti**, add the ending: *čitati → čitala*. Irregular: *išao, došao, vidio, jeo*.	1
Type the participle.	1
čitati (he) →	2
kuhati (she) →	2
igrati (they) →	3
biti (she) →	3
biti (it) →	2
jesti (he) →	3
piti (she) →	3
spavati (they) →	2
ići (he) →	2
ići (she) →	2
doći (they) →	2
vidjeti (he) →	2
vidjeti (she) →	2
ustati (he) →	2
putovati (they) →	2
znati (she) →	2
Two things have to agree at once: the helper with the person (*je* for Ana, *smo* for us) and the participle with the gender (*pjevala* for her, *pjevao* for him). Each wrong option gets the helper, the gender, the case or the word order wrong.	1
Helper matches the person, participle the gender: *Ana je pjevala*.	1
I watched a film. (a man speaking)	2
Ana sang.	2
We swam yesterday.	2
The pizza was excellent.	2
I went to the cinema. (a woman speaking)	2
They came late.	2
I saw the match. (a man speaking)	2
The rule: where the helper stands	1
The word-order half of the tense. *Sam, si, je…* are unstressed, so they attach to the first word of the sentence and can never open it. Put a pronoun, a time word or the participle itself in front, and the sentence works.	1
*sam, si, je* never open a sentence. Something goes first.	1
The helper is unstressed, so it needs a word in front of it to attach to. That is the only rule about its position.	1
tab: Correct | Correct | Correct | Not Croatian	1
tab: Gledao **sam** film. | Ja **sam** gledao film. | Jučer **sam** gledao film. | ✗ Sam gledao film.	1
**Three correct versions, one impossible one.** All three on the left mean the same thing; the difference is only which word you put first. What you can never do is start the sentence with *sam*.	1
**This is the third time you meet this rule.** *je* in Lesson 2, *ću* in Lesson 8, *sam* here. The same family of small unstressed words, the same restriction.	1
**A time word is the easiest opener.** *Jučer…*, *Sinoć…*, *Prošli vikend…*, *Poslije…* — drop one in front and the helper sits behind it: *Prošli vikend **smo** bili na moru.*	1
**Now you write them.** Jučer [sam] spavao dugo. Ti [si] gledao film. Ona [je] čitala knjigu. Bilo [je] savršeno.	2
Now or yesterday?	3
Sorting by tense. A verb carrying a personal ending is the present (*pijem*, *gledaš*, *radi*); a participle with a form of *biti* beside it is the past (*pio sam*, *gledali smo*). The helper is what you are looking for.	1
Personal ending = present (*pijem*); participle + *biti* = past (*pio sam*).	1
Is it happening now, or did it happen yesterday? Sort the sentences.	1
SADA	48
The yesterday version	2
Turn a present sentence into a past one. Build the participle, then put the right form of *biti* behind the first word. Where *ja* or *ti* is the subject, both genders are accepted.	1
Participle + *biti* after the first word. Both genders for *ja* and *ti*.	1
Yesterday version, please! Where the subject is *I* or *you*, either gender is accepted.	1
The rule: the past that didn't happen	1
The negative. The participle does not move a letter; only the helper flips, into the forms you already know from Grammar 2 — *nisam, nisi, nije, nismo, niste, nisu*. Those are stressed, so unlike *sam* they may open a sentence.	1
Negative: only the helper changes, *nisam, nije, nisu*. These can come first.	1
The participle stays exactly as it is. **Only the helper flips**, and you know the flipped forms from Grammar 2.	1
tab: Gledao **sam** film. | **Nisam** gledao film.	1
tab: Ana **je** pjevala. | Ana **nije** pjevala.	1
tab: Plivali **smo**. | **Nismo** plivali.	1
tab: Bilo **je** savršeno. | **Nije** bilo savršeno.	1
**And the word order relaxes.** *sam* had to attach to a first word; *nisam* is stressed and may open the sentence: ***Nisam** spavao dugo.* Both *Nisam spavao* and *Jučer nisam spavao* are correct.	1
**Gender survives negation:** a man says *Nisam spavao*, a woman *Nisam spavala*, a group *Nismo spavali*.	1
"**The surprised question:** ***Nisi li** gledao utakmicu?* — ""Didn't you watch the match?"" A negative question, with a note of disbelief. Very common in speech."	1
**Now you write them.** Ja [nisam] gledao utakmicu. [Nisi] li gledao utakmicu?	1
Say it didn't happen	2
Negating the past. Swap the helper for its negative twin — *sam → nisam*, *je → nije*, *smo → nismo* — and leave the participle untouched, with its gender ending exactly as it was.	1
*sam → nisam, je → nije*; the participle stays.	1
Negate the past. The participle stays exactly as it is.	2
The correct negative	2
The negative of *biti* is always one word — there is no *ne sam* and no *ne je* — and the participle still agrees with the speaker. *Nisi li…?* is the surprised question, with the negative helper in front and *li* right behind it.	1
No *ne sam* or *ne je*. *Nisi li...?* = surprised question.	1
Choose the grammatical sentence.	5
I didn't watch the film. (a man speaking)	2
She didn't sing.	4
We didn't swim.	4
It wasn't perfect.	2
Didn't you watch the match?	3
They didn't come.	2
I didn't have time. (a woman speaking)	2
The film wasn't long.	2
Free production from English, the hardest step in the unit. Build it as a participle plus a form of *biti*, never letting the helper stand first. Where the English says *I* or *you*, both genders are accepted.	1
Participle + *biti*, helper never first. Both genders for *I / you*.	1
The last step — the English sentence, and you write the Croatian. Word order is free as long as the helper is not first, and either gender is accepted for *I* and *you*.	1
It was perfect.	3
They watched a match.	2
I didn't watch the film.	2
Build the story	3
Whole sentences from tiles, so the helper has to land in the right place — never first, always behind the opening word. Where two halves are joined by *a* or *ali*, each half keeps its own helper and a comma comes before the connector.	1
Helper never first; each half keeps its own; comma before *a*, *ali*.	1
Build the story.	1
A closing summary. The tense is one formula — a form of **biti** plus a participle whose ending names the speaker — plus one restriction on where the helper may stand, and one flip for the negative.	1
**biti** + participle; helper never first; negative flips the helper.	1
**Bravo.** You can now tell a story about yesterday: what you did, what it was like, and what did not happen.	1
And you did it with one formula: **biti + the participle**, where the participle ending names the speaker and the helper never opens the sentence.	1
**Next up:** Practice 10 puts the past tense into real texts about a weekend, and Test 10 closes the unit. Then Lesson 11 turns the question words from Lesson 4 — *tko, što, gdje, kada, zašto* — into questions of your own, so a conversation can go both ways.	1
Questions	1
The rule: three ways to ask	1
The reference page for the unit. Croatian asks with a question word, with *li* behind the verb, or with the tag *zar ne?* — and in speech a raised voice alone does the job too. None of them needs a helper word like English *do*.	1
Three ways: question word, verb + *li*, statement + *zar ne?* No *do*.	1
"**Question-word questions:** put the question word first, keep the rest almost unchanged: *Gdje živiš? Što kupuješ? Zašto učiš hrvatski?* No helper verb like English ""do"" — two words do the work of four."	1
"**Yes/no questions with ""li"":** *li* sits right after the verb, always second: *Voliš **li** kavu? Imaš **li** brata? Ideš **li** na koncert?*"	1
With **biti**, the short forms grow into long ones: Ja sam student. → **Jesam li** student? · Ti si umoran. → **Jesi li** umoran? · On je doma. → **Je li** doma? · Vi ste turisti. → **Jeste li** turisti?	1
**The lazy way (intonation):** just raise your voice — *Voliš kavu?* Works everywhere, sounds casual. And the tag **zar ne?** turns any statement into a question: *Lijepo je, zar ne?*	1
**Now you write them.** Voliš [li] kavu? [Jesi] li umoran? Lijepo je, [zar] ne?	1
Which type of question?	2
Sorting by how the question is built. A question word opens the first kind, *li* stands directly behind the verb in the second, and the third is a plain statement with *zar ne?* attached.	1
Question word first; *li* after the verb; statement + *zar ne?*	1
Which type of question is it?	1
QUESTION WORD	7
LI-QUESTION	6
TAG	4
Make a li-question	3
Turning a statement into a yes-or-no question. Put *li* directly behind the verb and move nothing else — except with *biti*, where the short form grows back into *jesam, jesi, jesmo, jeste*, and the third person becomes the fixed pair *je li*.	1
*li* right after the verb. *biti*: *jesam, jesi, jesmo, jeste*, and *je li*.	1
Turn the statement into a *li* question. Passive words: *gladan* (hungry).	1
Find the question	1
Working backwards from an answer. The shape of the answer names the question word: a place answers *gdje*, a *jer*-clause answers *zašto*, a number answers *koliko*, and a description answers *kakav*.	1
The answer names the word: place *gdje*, *jer* *zašto*, number *koliko*, description *kakav*.	1
Pick the natural question for the answer.	1
The rule: the three question words that agree	1
Three question words behave like adjectives, because each stands in front of a noun: *koji*, *kakav* and *čiji*. Learn the pair that English blurs — *koji* picks one out of a known set, *kakav* asks what something is like.	1
*koji, kakav, čiji* agree with their noun. *koji* = which one, *kakav* = what kind.	1
*što, gdje, kada, zašto* never change shape, and *tko* has only its target form *koga*. These three change fully — they're adjectives in disguise, so they copy the noun they ask about.	1
tab: Asks | m. | f. | n.	1
tab: which? | **koji** | **koja** | **koje**	1
tab: what kind of? | **kakav** | **kakva** | **kakvo**	1
tab: whose? | **čiji** | **čija** | **čije**	1
"**koji picks from a known set:** *Koji film gledamo?* — of the ones on offer. **kakav asks for a description:** *Kakav je film? — Dobar!* English blurs both into ""what""; Croatian doesn't."	1
**čiji is answered with a possessive:** *Čija je ovo gitara? — Moja.*	1
**They take cases too.** *Koj**u** knjigu čitaš?* — that's the *-a → -u* rule from Lesson 5, still doing its job inside a question.	1
**The everyday pair to memorise:** *Kakva je kava?* (what's it like) vs. *Koja je kava tvoja?* (which one is yours).	1
**Now you write them.** [Kakva] je kava? — dobra. [Koja] je kava tvoja? — ova.	1
One tap makes the question word match its noun. A masculine noun gives **-i** for *koji* and *čiji*, and *kakav* keeps its masculine form whole, so it turns up here only with feminine and neuter nouns; a feminine noun gives **-a**, or **-u** when the noun is the target of the verb; a neuter noun gives **-e** or **-o**.	1
m **-i** (*koji, čiji*; *kakav* stays), f **-a** (**-u** as target), n **-e/-o**.	1
English above, Croatian below. One tap, and the question word matches the noun beside it.	1
Which film are we watching?	6
Which book are you reading?	4
Which letter are you writing?	3
Which train goes to Split?	3
Which song are you singing?	3
Whose books are these?	4
Whose guitar is this?	4
What is the coffee like?	6
What is the sea like?	4
What is the weather like today?	3
What is your sister like?	2
Which one is your sister?	3
Which present are you buying?	3
koji or kakav?	2
One question decides each item: are you picking one out of several, or asking what something is like? Picking takes *koji*, describing takes *kakav*, and the answer confirms it — a name or *ovaj* answers *koji*, an adjective answers *kakav*.	1
Picking one → *koji*; describing → *kakav*.	1
Asking which one, or asking what it's like?	2
Type the question word	4
Typed production, and the ending comes from the noun that follows. *Čiji* and *koji* take **-i** for a masculine noun, **-a** for a feminine one, **-e** for a neuter one; *kakav* has no ending in the masculine.	1
*čiji, koji*: m **-i**, f **-a**, n **-e**. *kakav* bare in the masculine.	1
One word — and it must agree with the noun.	1
___ je ovo dres? (whose)	1
___ je more danas? (what kind of)	1
___ vlak ide u Split? (which)	1
___ je ovo pismo? (whose)	1
___ pjesmu pjevaš? (which)	1
___ je tvoja sestra? (what kind of)	1
___ je ovo lopta? (whose)	1
___ film gledamo? (which)	1
___ je kava? (what kind of)	1
___ knjigu čitaš? (which)	1
___ su ovo knjige? (whose)	1
___ je poklon? (what kind of)	1
The rule: asking about a person	1
*Tko* takes case endings like any living being. As the subject it is *tko*, as the target it is **koga** — the same **-a** from Lesson 6 — and after a preposition it stays *koga*: *za koga*, *o kome* comes later.	1
Subject *tko*, target and after a preposition **koga**: *za koga*.	1
**A person you ask about is still a living being**, so *tko* takes the target form you learned in Lesson 6: **koga**.	1
tab: Role | Word | Example	1
tab: the one doing it | **tko** | *Tko čeka?* — Who is waiting?	1
tab: the target | **koga** | *Koga čekaš?* — Whom are you waiting for?	1
tab: after *za* | **za koga** | *Za koga je poklon?* — Who is the present for?	1
**The same split you already know.** *Vidim prijatelj**a*** and *Koga vidiš?* carry the same **-a**: a person on the receiving end of the verb.	1
**English is losing this.** *Who* and *whom* are the same pair, but English speakers say *who* for both. In Croatian the difference is alive and audible.	1
***Što* does not split**: it is *što* as the subject and *što* as the target — *Što je to?* and *Što kupuješ?*	1
**Now you write them.** [Tko] čeka? [Koga] čekaš? Za [koga] je poklon?	1
tko or koga?	2
Decide who does the action and who receives it. The one doing it is *tko*; the one on the receiving end, or the one after *za*, is *koga*.	1
Does the action → *tko*; receives it or after *za* → *koga*.	1
Is the person doing the action, or on the receiving end of it?	2
The rule: how to answer	1
Answering, which Croatian does in fewer words than English. A *zašto* question is answered by the *jer*-half alone, a yes-or-no question by repeating the verb, and anything you do not know by *Ne znam*.	1
*zašto* → the *jer*-half alone; yes/no → repeat the verb; *Ne znam*.	1
**Answer the half that was asked, and stop.** English repeats the sentence; Croatian usually does not.	1
tab: Question | Natural answer | Not wrong, but long	1
tab: Zašto učiš hrvatski? | **Jer volim jezik.** | Učim hrvatski jer volim jezik.	1
tab: Voliš li kavu? | **Volim.** | Da, volim kavu.	1
tab: Jesi li umoran? | **Nisam.** | Ne, nisam umoran.	1
tab: Koliko košta? | **Sto eura.** | Gitara košta sto eura.	1
**A bare *da* sounds abrupt.** The natural yes is the verb itself: *Imaš li brata? — **Imam**.* The natural no is the negated verb: *— **Nemam**.*	1
**When you do not know:** *Ne znam.* And to buy time: *Možda.* · *Mislim da da.* — take that last one whole for now.	1
**Now you write them.** Voliš li kavu? — [Volim]. Jesi li umoran? — [Nisam]. Koliko košta? — [Ne] znam.	1
Answer the question	4
Short answers. Repeat the verb for a yes, negate it for a no, and answer a *zašto* question with the *jer*-half alone. Nothing else needs to be said.	1
Yes: repeat the verb. No: negate it. *zašto*: just *jer...*	1
Answer in the natural, short way — one or two words.	2
Build the questions	2
Whole questions from tiles. The question word takes the first tile, *li* goes directly behind the verb, and *zar ne* closes the sentence after a comma.	1
Question word first, *li* after the verb, *zar ne* after a comma.	2
Build the questions.	1
Write the whole question	1
Free production from English, the hardest step here. Build it as a question word plus the ordinary present tense, with nothing added for *do*, or as a verb plus *li*. Where the noun follows *koji*, *kakav* or *čiji*, the ending comes from that noun.	1
Question word + present, or verb + *li*. *koji, kakav, čiji* follow the noun.	1
The last step — the English question, and you write the Croatian.	1
Where do you live?	3
What are you buying?	2
Why are you studying Croatian?	2
How old are you?	4
How much does it cost?	5
Who sent the present?	2
Whom are you waiting for?	3
Who is the present for?	2
Do you like coffee?	2
Do you have a brother?	4
Are you tired?	2
Is the film good?	4
You like music, don't you?	2
A closing summary. Three ways to ask, one restriction on *li*, and three question words that copy the noun they ask about — that is the whole system at this level.	1
Three ways to ask, *li* after the verb, three agreeing question words.	1
**Bravo.** You can now ask in all three ways: with a question word, with *li* behind the verb, and with *zar ne?* on the end.	1
And you did it with one rule for each: **the question word comes first with nothing added**, ***li* comes directly after the verb**, and ***koji*, *kakav* and *čiji* copy the noun they ask about.**	1
**Next up:** Practice 11 puts the questions into a mystery and a quiz show, and Test 11 closes the unit. Then Lesson 12 teaches you to say no — *ne volim, nisam, nemam, nikad.*	1
Negation	1
The rule: ne + three fused verbs	1
The reference page for negation. *Ne* is a separate word directly in front of the verb, in every tense. Only *biti*, *imati* and *htjeti* join it into one word, and in the past and the future the negative sits on the helper, not on the participle or the infinitive.	1
*ne* before the verb in every tense. Fused: *nisam, nemam, neću*. Past and future: negate the helper.	1
**The standard pattern:** *ne* + verb, two separate words, *ne* first: *Ne volim luk. Ne radim danas. Ne idemo u kino.* Nothing else in the sentence changes.	1
**The three fused verbs** join *ne* into one word. There is no *ne sam*, *ne imam* or *ne ću*.	1
tab: Person | biti | imati | htjeti (future)	1
tab: ja | nisam | nemam | neću	2
tab: ti | nisi | nemaš | nećeš	2
tab: on, ona, ono | nije | nema | neće	2
tab: mi | nismo | nemamo | nećemo	2
tab: vi | niste | nemate | nećete	2
tab: oni, one, ona | nisu | nemaju | neće	2
**Negation in the past:** the participle stays exactly as it was, and only *biti* changes: *Gledao sam film.* → ***Nisam** gledao film.* · *Bila je sretna.* → ***Nije** bila sretna.*	1
**Negation in the future:** *ću* becomes *neću*, and the verb gets its full *-ti* back: *Plivat ću.* → ***Neću** plivati.*	1
**With a short pronoun,** *ne* stays attached to the verb and the pronoun takes the second place: *Ne volim ga.* and *Ja ga ne volim.* are both correct.	1
**Now you write them.** Ja [nisam] gladan. Ja [nemam] vilicu. Sutra [neću] raditi. Jučer [nisam] radio.	1
Sorting by polarity. Most negatives show *ne* in front of the verb, but *nisam*, *nemam* and *neću* carry it inside the word. The trap is the **ne-** words: *nešto*, *netko* and *nekad* look negative and are positive.	1
*ne* before the verb, or inside *nisam, nemam, neću*. *nešto, netko, nekad* are positive.	1
Sort the forms. Watch out — *nešto* and *netko* start with *ne-* but are positive.	2
Negating in every tense. In the present add *ne* in front of the verb, in the past swap the helper for *nisam, nije, nismo*, in the future swap *ću* for *neću* and restore the full *-ti*. The last item also swaps a **ne-** word for its **ni-** twin.	1
Present *ne* + verb; past *nisam, nije*; future *neću* + full *-ti*; **ne-** → **ni-**.	1
Negate it. Only the verb part changes — except in the last one.	1
Choosing the sentence a Croatian would say. Three checks decide it: the fused forms are one word, a negative word such as *ništa* or *nikoga* still needs *ne* on the verb, and a participle keeps the speaker's gender after *nisam*.	1
Fused forms one word; *ništa, nikoga* keep *ne*; participle keeps the gender.	1
I never eat onion.	1
I know nothing!	1
I wasn't at home. (a man speaking)	1
We have nothing.	1
They won't come.	2
She doesn't eat meat.	1
Nobody watched the film.	1
I don't have a fork.	1
You didn't pay. (to a woman)	1
Ana isn't waiting for anybody.	1
I won't order anything.	1
I don't like it. (the soup)	1
The rule: why ništa needs ne	1
The negative words. In Croatian the verb itself must be negative whenever the sentence is, so *ništa*, *nitko*, *nigdje* and *nikad* are added to *ne* and never replace it. Each has a positive twin with **ne-**, and those take no *ne* on the verb.	1
*ništa, nitko, nigdje, nikad* come with *ne*, never instead. **ne-** twins take no *ne*.	1
**The verb carries the negation.** Whenever a sentence says no, the verb is negative — *ne*, *nisam* or *neću*. A negative word adds to that; it never replaces it.	1
tab: Positive (ne-) | Negative (ni-) | Example	1
tab: nešto — something | ništa — nothing | Ništa **ne** jedem.	1
tab: netko — somebody | nitko — nobody | Nitko **ne** kuha.	1
tab: nekoga — somebody (target) | nikoga — nobody (target) | Nikoga **ne** čekam.	1
tab: negdje — somewhere | nigdje — nowhere | Nigdje **ne** idem.	1
tab: nekad — sometimes | nikad — never | Nikad **ne** pijem mlijeko.	1
**Each tense uses its own negative form:** *Ništa **ne** jedem. Ništa **nisam** jeo. Ništa **neću** jesti.*	1
**Word order is free.** The negative word may stand before or after the verb: *Ništa ne jedem.* = *Ne jedem ništa.* The *ne* stays in front of the verb either way.	1
**A negative word can be the whole answer.** *Što jedeš? — Ništa.* · *Tko kuha? — Nitko.* As soon as the verb comes back, so does *ne*: *Nitko ne kuha.*	1
***Nikoga* is the target form**, the same **-a** as in *koga* from Grammar 11: *Tko čeka?* → *Nitko ne čeka.* · *Koga čekaš?* → *Nikoga ne čekam.*	1
***Nijedan* means *not a single one*** and copies its noun like an adjective: *nijedan restoran, nijedna žlica, nijedno jelo*. The verb still takes *ne*: *Nijedan restoran ne radi.*	1
**Now you write them.** Ništa [ne] jedem. Nitko [ne] kuha. [Nikoga] ne čekam.	1
One tap in front of each word, and the English decides it. **Ni-** gives the negative word and **ne-** the positive twin; the same taps build *nisam*, *nemam*, *neće*, and *ne* can also stand alone in front of a verb. The dash means the sentence is positive.	1
**ni-** negative, **ne-** positive; also *nisam, nemam, neće*. Dash = positive.	1
English above, Croatian below. One tap — or none, if nothing is negative.	1
I don't want anything.	1
Ana is cooking something.	1
The soup is bitter.	1
Nobody likes onion.	2
Petra isn't waiting for anybody.	1
Grandma will come.	2
Ivan doesn't have a fork.	1
We aren't hungry.	1
Marko is a vegetarian.	2
I don't even drink water.	2
Somebody is calling Dad.	1
The coffee isn't sour.	1
They won't pay.	2
You didn't pay!	2
The key is somewhere in the kitchen.	2
Marko isn't going anywhere.	1
The children don't eat mushrooms.	2
Ana never eats meat.	1
nešto or ništa?	1
Choosing between the positive and the negative twin, with the English as your guide. The **ni-** word goes with a negative verb, the **ne-** word with a positive one. Two items also ask for the target form: *nikoga*, *nekoga*.	1
**ni-** with a negative verb, **ne-** with a positive one. Target: *nikoga, nekoga*.	1
The meaning is in brackets. Pick the word that matches it — and fits the verb.	1
Marko ___ ne jede. (nothing)	4
Marko ___ jede. (something)	1
___ ne kuha. (nobody)	1
___ pjeva u kuhinji. (somebody)	1
___ ne čekam. (nobody)	1
Čekaš li ___? (somebody)	1
Ana ___ ne ide. (nowhere)	1
Ključ je ___ u kuhinji. (somewhere)	1
Baka ___ ne pije kavu. (never)	1
Djed ___ pije vino. (sometimes)	1
___ nisam jela. (nothing)	1
___ neće doći. (nobody)	1
Answer with a negative word	2
Full negative answers. Put the negative word first or after the verb — both orders are accepted — but the verb must be negative too: *ne* in the present, *nisam* in the past, *neću* in the future. Two items tell you who is answering.	1
Negative word first or after the verb; the verb is negative too: *ne, nisam, neću*.	1
Answer the question with a full sentence: nothing, nobody, nowhere, never.	1
Što si jeo? (m.) →	1
The rule: neither, nor, yet, any more	1
Four small additions to the negative. *Ni… ni…* rules out two things, *ni* alone means *not even* or *either*, *još ne* means *not yet* and *više ne* means *no longer*. In all of them the verb keeps its *ne*.	1
*ni... ni...* neither/nor, *ni* not even, *još ne* not yet, *više ne* no longer. *ne* stays.	1
**ni… ni… — neither… nor…** Each thing gets its own *ni*, and the verb still takes *ne*: *Ne jedem **ni** meso **ni** ribu.* At the start of a sentence the verb is plural: ***Ni** Marko **ni** Ana **ne** jedu luk.*	1
**ni alone — not even, (not) either:** *Ne pijem **ni** vodu.* — I don't even drink water. · *Ana ne jede meso. Ne jede **ni** ribu.* — She doesn't eat fish either.	1
**još and više change the time.**	1
tab: **Još** nisam gladan. | I'm not hungry yet.	1
tab: **Više** nisam gladan. | I'm not hungry any more.	1
tab: **Još** nije platila. | She hasn't paid yet.	1
tab: **Više** ne jedem meso. | I no longer eat meat.	1
***Uopće* makes the negative stronger:** ***Uopće** ne volim češnjak.* — I don't like garlic at all.	1
**Now you write them.** Ne jedem [ni] meso [ni] ribu. [Više] ne jedem meso. Ana još [nije] platila.	1
ni, još ne or više ne?	1
Choosing the sentence that matches the English. *Ni… ni…* needs *ne* on the verb, *još* means the thing has not started yet, and *više* means it has stopped. Without a negative verb, *više* means *more*, so *Više sam gladan* says something else.	1
*još ne* = not yet, *više ne* = no longer. Without *ne*, *više* = more.	1
Choose the Croatian sentence that matches the English.	1
I eat neither meat nor fish.	3
Neither Marko nor Ana eats onion.	1
He doesn't even drink water.	1
I'm not hungry yet. (a man speaking)	1
I'm not hungry any more. (a man speaking)	1
I no longer eat meat.	4
She hasn't paid yet.	2
I don't like garlic at all.	1
We don't have a fork either.	1
Nobody ever cooks anything.	1
The rule: not this — but that	1
*Ali* and *nego*, which English translates with the same *but*. *Ali* adds a second fact while the first stays true; *nego* follows a negative and replaces the part that was cancelled. A comma stands before both.	1
*ali* adds; *nego* replaces after a negative. Comma before both.	1
*Ali* joins two things that are **both true**. **Nego** corrects a negative: the first half is cancelled and the second half takes its place. *Nego* appears only after a negation.	1
tab: Ne pijem kavu, **nego** čaj. | I don't drink coffee, I drink tea.	1
tab: To nije juha, **nego** salata. | That isn't soup, it's salad.	1
tab: Ne idem u kino, **nego** u kazalište. | I'm not going to the cinema, but to the theater.	1
**ali or nego — the test:** does the first half stay true? *Kava nije jaka, **ali** je topla.* — both halves are true, so *ali*. *To nije kava, **nego** čaj.* — the first half is replaced, so *nego*.	1
**A comma always stands before nego**, as before *a* and *ali*.	1
**ne samo… nego i… — not only… but also…:** *Ne govorim samo engleski, **nego i** hrvatski.*	1
**Nego does not negate anything itself.** The *ne* stays in the first half: *Ne pijem kavu, nego čaj* — never *Pijem kavu, nego čaj*.	1
You may also hear ***već*** in the same place: *Ne pijem kavu, već čaj.* It means the same as *nego*.	1
**Now you write them.** [Ne] pijem kavu, [nego] čaj. Kava nije jaka, [ali] je topla.	1
ali or nego?	2
One question decides each item: is the first half still true, or is it being corrected? If it stays true, *ali* adds a second fact. If it is cancelled, *nego* supplies the replacement — and in that case the second half usually has no verb of its own.	1
First half still true → *ali*. Cancelled → *nego*.	1
Is the first half still true (ali), or is it being corrected (nego)?	2
Correct it with nego	2
Cancelling the wrong half and giving the right one. Type *nego*, or type the replacement itself — and a replacement that is the target of the verb takes the target form, so *riba* becomes *ribu* after *Ne jedem piletinu, nego…*	1
*nego* + the replacement; a target takes target form: *Ne jedem piletinu, nego ribu.*	1
Cancel the wrong half and give the right one.	2
bljutava	2
Whole sentences from tiles, and each one uses a different piece of this unit. *Ne* goes in front of the verb, a negative word still leaves *ne* on the verb, and a comma comes before *ali* and *nego*.	1
*ne* before the verb; negative words keep *ne*; comma before *ali*, *nego*.	1
Free production from English, the hardest step here. Put *ne* in front of the verb or use a fused form, keep *ne* on the verb beside every negative word, and choose *nego* when the second half replaces the first. Where the speaker's gender shows, both forms are accepted unless the prompt says otherwise.	1
*ne* or a fused form; *ne* with every negative word; *nego* to replace.	1
The last step — the English sentence, and you write the Croatian.	9
I don't like onion.	2
I'm not hungry.	3
We don't have a menu.	2
I won't pay.	2
I didn't eat. (a man speaking)	1
She didn't come.	2
Nobody is cooking.	4
I never drink milk.	2
Marko eats nothing.	5
I'm not waiting for anybody.	6
Ana isn't going anywhere.	5
I don't drink coffee, I drink tea.	2
I haven't paid yet. (a woman speaking)	1
The soup isn't salty, it's bland.	2
A closing summary. Negation at this level comes down to three facts: *ne* stands in front of the verb, three verbs join it into one word, and every negative word keeps *ne* on the verb. *Nego* corrects a negative; *ali* adds to it.	1
*ne* before the verb, three fused verbs, *ne* with negative words. *nego* corrects, *ali* adds.	1
**Bravo.** You can now say no in the present, the past and the future, with *ne* or with *nisam, nemam, neću*.	1
And you did it with one rule for each: **the verb carries the negation**, **negative words add to *ne* and never replace it**, and ***nego* corrects, while *ali* adds.**	1
**Next up:** Practice 12 puts it all into a family of picky eaters and a restaurant with an empty kitchen, and Test 12 closes the unit. Then Lesson 13 shows where things are — *u gradu, u kinu, na tržnici.*	1
The Locative	1
The rule: where? — always with a preposition	1
The reference page for the unit. The locative answers *gdje?* and always comes after a preposition — *u*, *na* or *o*. Masculine and neuter nouns take **-u**, feminine **-a** becomes **-i**. The preposition is the same one you use for motion; only the ending changes.	1
*gdje?* + *u/na/o*: m./n. **-u** (*u gradu, u kinu*), f. **-a → -i** (*u školi*).	1
tab: Gender | Naming form | Locative	1
tab: m. (consonant) → **+u** | grad, ured, Split | u grad**u**, u ured**u**, u Split**u**	1
tab: n. (-o / -e) → **-u** | kino, more, kazalište | u kin**u**, na mor**u**, u kazališt**u**	1
tab: f. (-a) → **-i** | škola, pekara, soba | u škol**i**, u pekar**i**, u sob**i**	1
**Motion vs. location:** *kamo?* (where to?) takes the accusative from Lessons 5 and 6: *Idem u školu.* · *gdje?* (where?) takes the locative: *Ja sam u školi.* Same preposition, different ending — the ending carries the meaning.	1
**The verb gives the first hint.** *ići* and *putovati* ask *kamo?*; *biti, živjeti, stanovati, raditi, sjediti, stajati, spavati* and *ostati* ask *gdje?*.	1
**u or na?** The same choice as for motion: **u** for rooms and buildings (*u kući, u školi, u uredu*), **na** for open places, surfaces and events (*na trgu, na tržnici, na stadionu, na koncertu, na moru*). A few are conventions — learn them as phrases.	1
**o + locative = about.** *Razgovaramo o filmu. Pričam o školi.* Same endings, and no place involved.	1
**One trap: days of the week.** *u subotu, u petak* (on Saturday, on Friday) keep the Lesson 8 form — a day is a point in time, not a place.	1
**Now you write them.** Idem u grad — sada sam u [gradu]. Idem u školu — sada sam u [školi]. Razgovaramo o [filmu].	1
kamo, gdje or o?	1
Sorting by the question each sentence answers. A verb of motion keeps the accusative: *idem u ured*. Being, living or sleeping somewhere takes the locative: *radim u uredu*. After *o* the locative means *about*: *pričamo o uredu*. The last two share the ending, so the verb and the preposition decide.	1
Motion → *u ured* (kamo?); being → *u uredu* (gdje?); *o uredu* = about.	1
KAMO?	19
GDJE?	20
O (ABOUT)	11
Where to, where, or about what? Sort the sentences.	1
Type the locative	4
Typed production of the basic endings. A consonant takes **-u**, **-o** and **-e** turn into **-u**, and **-a** turns into **-i**. Masculine words in **-k** and **-g** keep their last letter, because their ending is **-u**: *u parku, na trgu, na otoku*.	1
Consonant **+u**, **-o/-e → -u**, **-a → -i**. *u parku, na trgu* keep the k and g.	1
Type the locative. The preposition is already there.	1
Zagrebu	4
Accusative or locative?	1
Choosing the form that fits the verb. After *idem, idemo, putujemo* the place takes the accusative: *u grad, u školu*. After *je, živim, radi, sjedimo, ostajem* it takes the locative: *u gradu, u školi*. The third option puts a feminine **-i** on a masculine word or leaves the naming form, which is never correct.	1
Motion → *u grad*; being → *u gradu*. Never *u gradi*.	1
Motion or location? Read the verb, then choose the right form.	1
Choosing the preposition, with the ending already in place. **u** goes with rooms and buildings (*u uredu, u kinu, u podrumu*); **na** goes with open places, surfaces and events (*na trgu, na koncertu, na utakmici*). *Na fakultetu* and *na plaži* are conventions to learn whole.	1
Rooms, buildings → **u**. Open places, events → **na**. *na fakultetu*.	1
Inside, or at an open place or event? Choose the preposition.	1
The rule: k and g before -i	1
The sound change of the unit. In feminine words ending in **-ka** and **-ga**, the **k** becomes **c** and the **g** becomes **z** before the locative **-i**: *banka → u banci*, *knjiga → u knjizi*. Masculine words do not change, because their ending is **-u**. Family words like *baka* keep the k.	1
f. **-ka → -ci**, **-ga → -zi**: *u banci, u knjizi*. Masculine and *baka* do not change.	1
**Only feminine words in -ka and -ga change.** Before the locative **-i**, **k** becomes **c** and **g** becomes **z**. You met the same change in the plural in Lesson 7: *otok → otoci*.	1
tab: Naming form | Locative | Change	1
tab: banka | u ban**ci** | k → c	1
tab: rijeka | na rije**ci** | k → c	1
tab: luka | u lu**ci** | k → c	1
tab: ruka | u ru**ci** | k → c	1
tab: knjiga | u knji**zi** | g → z	1
tab: noga | na no**zi** | g → z	1
**Masculine words keep their k and g.** Their ending is **-u**, not **-i**, so nothing changes: *u parku, u hodniku, na otoku, na trgu.*	1
**A few feminine words keep the k.** Family words — *baka → o baki* — and words in **-čka** — *mačka → o mački*. Without the k the word would be hard to recognise, so it stays.	1
**The dropped a from Grammars 2 and 6 drops here too.** *centar → u centru*, *ručak → na ručku*, *doručak → na doručku.*	1
***u Hrvatskoj* — take it whole.** *Hrvatska* has the form of an adjective, so its locative ends in **-oj**: *Živim u Hrvatskoj.* Adjectives in the locative come later; for now, learn this one phrase.	1
**Now you write them.** Idem u banku — sada sam u [banci]. Ana je na [rijeci]. Pričamo o [baki].	1
One tap completes the place. Where the **k** or **g** of a feminine word is missing, choose between the changed ending (**-ci**, **-zi**) and **-ki** for *baka* and *mačka*, which keep the k. Where the whole stem is written, it is the ordinary **-u** or **-i** — masculine *park* and *otok* never change.	1
f. **-ka → -ci**, **-ga → -zi**; *baka, mačka* → **-ki**; otherwise **-u** or **-i**.	1
English above, Croatian below. One tap finishes the locative. Passive words: *Amerika* (America).	1
Mum is at the bank.	3
Ana is at school.	3
We're sitting in the park.	1
The children are at the river.	3
We're talking about Grandma.	3
The boat is in the harbor.	3
There's a letter in the book.	1
Marko has a ball in his hand.	1
The dog is sleeping in the hallway.	1
I'm writing a letter about the cat.	2
We are on the island.	1
Mum is in the kitchen.	1
The café is on the square.	1
Marko works at the clinic.	1
Mum and Dad are talking about Grandma.	1
Ana lives in America.	1
Petra is at the gym.	1
Type the changed form	1
Typed production of the special forms. Feminine **-ka** gives **-ci** and **-ga** gives **-zi**, but *baka* and *mačka* keep the k. Masculine words never change a letter. *Centar* and *ručak* drop their **a**, and *Hrvatska* takes **-oj**.	1
**-ka → -ci**, **-ga → -zi**; *baki, mački*; *u centru, na ručku, u Hrvatskoj*.	1
Type the locative. Watch the last consonant of the naming form.	1
The rule: about me, about you	1
The pronouns in the locative, which you mostly hear after *o* — *about*. Each person has one form: *meni, tebi, njemu, njoj, nama, vama, njima*. The question words become *o kome?* for people and *o čemu?* for things, and names take the ordinary noun endings: *o Marku, o Ani*.	1
*o meni, o tebi, o njemu, o njoj, o nama, o vama, o njima*; *o kome? o čemu?*	1
Pronouns take the locative too — and this is the shape you'll hear every time somebody is being talked about.	1
tab: Pronoun | Locative | Example	1
tab: ja | **meni** | Govore o **meni**.	1
tab: ti | **tebi** | Pričam o **tebi**.	1
tab: on / ono | **njemu** | Sve znam o **njemu**.	1
tab: ona | **njoj** | Pišu o **njoj**.	1
tab: mi | **nama** | Govore o **nama**.	1
tab: vi | **vama** | Pitam o **vama**.	1
tab: oni, one, ona | **njima** | Ne znam ništa o **njima**.	1
**The question words:** *tko → o **kome**?* (about whom?), *što → o **čemu**?* (about what?): *O kome pričaš? — O Marku.* · *O čemu razgovarate? — O filmu.*	1
**Names are ordinary nouns.** *Marko → o Mark**u***, *Ivan → o Ivan**u***, *Ana → o An**i***, *Petra → o Petr**i***.	1
"**No preposition, no locative** — the rule holds for pronouns too. There is no bare *meni* meaning ""in me""; it's always *o meni, u meni, na njemu*."	1
**Watch out: *meni* is also the dative** (Lesson 14 — *Daj meni!*). Same form, two jobs, exactly like the nouns: *u školi* (locative) and *sestri* (dative) share their ending.	1
**Now you write them.** Razgovaramo o [meni]. Razgovaramo o [tebi]. Razgovaramo o [njemu]. O [čemu] razgovarate?	1
Type the pronoun	2
Typed production of the pronoun forms. Every form after *o* is the long one: *meni, tebi, njemu, njoj, nama, vama, njima*. *On* and *ono* share *njemu*, and every plural *oni, one, ona* gives *njima*. *Tko* becomes *kome*, *što* becomes *čemu*.	1
*meni, tebi, njemu, njoj, nama, vama, njima*; *kome, čemu*; *o Marku, o Ani*.	1
Put the pronoun, the question word or the name into the locative.	1
Ani	11
The right form after o	1
Choosing the form that follows *o*. The wrong options use the naming form (*o ja, o Marko*) or the target form from Lesson 6 and Grammar 11 (*o mene, o njega, o koga*). After *o* only the locative is correct: *o meni, o njemu, o kome, o Marku*.	1
After *o* only the locative: *o meni, o njemu, o kome*. Never *o mene, o ja*.	1
They're talking about me.	2
I know everything about him.	1
We're writing about her.	1
Are they talking about us?	1
I don't know anything about them.	1
Grandma is talking about you. (vi)	1
What are you talking about?	3
Who are you talking about?	3
We're talking about Marko.	1
We're talking about Ana.	1
The book is about the river.	1
Mum is talking about Grandma.	1
The rule: many places	1
The plural locative, which has only two endings. Masculine and neuter nouns take **-ima**, feminine nouns take **-ama**. Start from the plural you learned in Lesson 7: whatever it added, such as **-ov-** or the **c** of *otoci*, stays in the locative.	1
Plural: m./n. **-ima** (*u gradovima*), f. **-ama** (*u školama*).	1
**Two endings for every plural place:** masculine and neuter → **-ima**, feminine → **-ama**. Take the plural from Lesson 7 and swap its last vowel.	1
tab: Singular | Plural | Plural locative	1
tab: grad | gradovi | u grad**ovima**	1
tab: park | parkovi | u park**ovima**	1
tab: otok | otoci | na oto**cima**	1
tab: kino | kina | u kin**ima**	1
tab: škola | škole | u škol**ama**	1
tab: ulica | ulice | na ulic**ama**	1
**What the plural added, the locative keeps.** The **-ov-** of *gradovi* and the **c** of *otoci* stay: *u gradovima, na otocima* — never *u gradima, na otokima*.	1
**No sound change in -ama.** Feminine words keep their k and g, because the ending starts with **a**: *u bankama, na rijekama, u knjigama.*	1
**Now you write them.** Turisti su u [gradovima]. Djeca su u [školama]. Bili smo na [otocima].	1
Singular or plural place?	1
One place or several, and the bracket tells you which. The singular takes **-u** or **-i**; the plural takes **-ima** for masculine and neuter and **-ama** for feminine. The wrong options drop the **-ov-** (*gradima*), undo the **c** (*otokima*) or give a feminine word **-ima**.	1
Singular **-u / -i**; plural **-ima** (m./n.), **-ama** (f.). Keep *-ov-* and *c*.	1
One place or many? Pick the right form.	1
Živim u ___ . (city, singular)	1
Turisti su u ___ . (cities, plural)	1
Djeca su u ___ . (school, singular)	1
Turisti su na ___ . (islands, plural)	1
Bili smo na ___ . (streets, plural)	1
Knjige su u ___ . (bags, plural)	1
Djeca su u ___ . (parks, plural)	1
Petra je u ___ . (kitchen, singular)	1
Filmovi su u ___ . (cinemas, plural)	1
Pričamo o ___ . (books, plural)	1
Ana je na ___ . (beach, singular)	1
Mama je u ___ . (bank, singular)	1
Whole sentences from tiles, each using a different piece of the unit: the basic endings, a sound change, a pronoun after *o* and the plural. *Je, sam, su* stay in second place, and a comma comes before *a* and *ali*.	1
Locative after *u, na, o*; *je, sam* second; comma before *a, ali*.	1
Build the sentence. Passive words: *svi* (everybody).	1
Free production from English, the hardest step in the unit. Choose *u* or *na*, then the ending: **-u**, **-i**, a changed **-ci** or **-zi**, or a plural **-ima / -ama**. After *about* use *o* with the locative. Where the gender of *we* shows, both forms are accepted.	1
*u/na* + **-u / -i / -ci / -zi / -ima / -ama**; *about* = *o* + locative.	1
I'm in town.	3
Ana is at the gym.	3
We live in Zagreb.	1
Dad works in an office.	2
The children are at the seaside.	2
The book is on the table.	1
Grandma lives in the center.	1
We're talking about the film.	1
The tourists are on the islands.	2
I live in Croatia.	2
We were at the concert.	2
A closing summary. The locative is two endings after a preposition — **-u** and **-i** — plus one sound change for **-ka** and **-ga**, one set of pronouns after *o*, and two plural endings. Motion keeps the accusative; being somewhere takes the locative.	1
**-u / -i** after *u, na, o*; *-ci, -zi*; *o meni*; plural **-ima / -ama**.	1
**Bravo.** You can now say where anybody is, in one place or in many, and what or whom people are talking about.	1
And you did it with one rule for each: **being somewhere takes -u or -i after *u* or *na***, ***k* and *g* become *c* and *z* before -i in feminine words**, and ***o* + locative means *about*: *o meni, o čemu, o Marku*.**	1
**Next up:** Practice 13 takes you around town — a neighbourhood, a phone call and a day in the city — and Test 13 closes the unit. Then Lesson 14 gives things to people — *Mami kupujem šal* — with the dative, whose singular endings you already know from today.	1
The Dative	1
The rule: the receiver	1
The reference page for the dative. The receiver takes **-i** after a word in **-a** and **-u** after a consonant or **-o**; in the plural it takes **-ima** or **-ama**. These are exactly the locative endings from Grammar 13, now without a preposition. The question is *komu?*	1
Receiver: **-i / -u**, plural **-ima / -ama** — the locative endings, no preposition. *Komu?*	1
**The dative marks the receiver** — the person something goes to or is done for. The thing itself keeps the target form: ***Sestri** šaljem paket.*	1
tab: Naming form | Receiver (singular) | Receiver (plural)	1
tab: mama | mam**i** | mam**ama**	1
tab: kolegica | kolegic**i** | kolegic**ama**	1
tab: tata | tat**i** | tat**ama**	1
tab: prijatelj | prijatelj**u** | prijatelj**ima**	1
tab: susjed | susjed**u** | susjed**ima**	1
tab: Marko | Mark**u** | —	1
**The same endings as the locative.** One set of forms, two jobs: after *u* or *na* the form says where (*u školi*); without a preposition it says to whom (*sestri*). The plural works the same way: *u gradovima* and *prijateljima*.	1
**The last letter decides, not the gender.** *Tata* is masculine but ends in **-a**, so it takes *tati*. *Pas* drops its *a*, as in *psa*: *psu*. Family words keep their k, as in *o baki*: *baki*.	1
**The question word is *komu?*** *Komu šalješ paket? — Sestri.* For things there is *čemu?*, which you will rarely need.	1
**Now you write them.** Your sister gets a package: [Sestri] šaljem paket. Your friends get an e-mail: [Prijateljima] pišem e-mail. The neighbour gets the newspaper: Nosim novine [susjedu].	1
Dative or locative?	2
One form, two jobs, and the sentence tells you which. Without a preposition the form names the receiver — *komu?* After *u* or *na* it names the place — *gdje?* After *o* it names the topic — *o kome? o čemu?* Look for the little word in front first.	1
No preposition → *komu?* (dative). *u, na* → *gdje?* *o* → *o kome? o čemu?*	1
Same ending, different job. Which question does the form in **-i** or **-u** answer?	1
Type the dative	4
Typed production of the receiver. A word in **-a** turns it into **-i** (*susjedi, tati*), a consonant or **-o** takes **-u** (*nećaku, Marku*), and *pas* drops its *a*. The last two are plural: swap the last vowel for **-ima** or **-ama**.	1
**-a → -i**, consonant or **-o** → **-u**, *psu*. Plural: **-ima / -ama**.	1
Type the receiver's form. The last two are plural.	2
Choosing the receiver's form in a sentence. The mistakes to avoid are the naming form (*brat*), the target form (*brata, prijateljicu*) and a plural with the wrong vowel (*sestrima*). *Pomagati, vjerovati* and *zahvaliti* take the dative, although English has no *to*.	1
Not *brat*, not *brata*: *bratu*. Plural f. **-ama**. *pomagati, vjerovati, zahvaliti* + dative.	1
Choose the correct form. The bracket gives the naming form where you need it.	1
Ivanu	1
Ivana	1
Ivan	5
The rule: more receivers	1
Two additions. In the plural the receiver takes **-ima** (masculine) or **-ama** (feminine), the same as the plural locative. And several verbs take a receiver where English has no *to*: *pomagati, vjerovati, zahvaliti*. The person is still the receiver, so it takes the dative.	1
Plural **-ima / -ama**. *pomagati, vjerovati, zahvaliti* take the dative.	1
**Plural: -ima and -ama.** Start from the plural of Lesson 7 and swap its last vowel, exactly as in Grammar 13.	1
tab: Singular | Plural | Plural receiver	1
tab: prijatelj | prijatelji | prijatelj**ima**	1
tab: susjed | susjedi | susjed**ima**	1
tab: turist | turisti | turist**ima**	1
tab: sestra | sestre | sestr**ama**	1
tab: kolegica | kolegice | kolegic**ama**	1
**A receiver without *to* in English.** With these verbs the person takes the dative, and the English has no preposition at all.	1
tab: Pomažem **mami**. | I help Mum.	1
tab: Vjerujem **prijatelju**. | I trust my friend.	1
tab: Zahvalit ću **učiteljici**. | I'll thank the teacher.	1
**A receiver and a thing.** With *davati, slati, donijeti, posuditi, vratiti, pokazati* and *objasniti* the person takes the dative and the thing the target form: *Nećaku ću posuditi knjigu.* · *Vratit ću Ivanu kišobran.*	1
***Za* + the target form** means the same with buying: *Kupujem poklon **za mamu**.* = *Kupujem **mami** poklon.* You met *za koga?* in Lesson 11.	1
**Now you write them.** Your friends get an e-mail: Pišem e-mail [prijateljima]. You help Mum: Pomažem [mami]. You trust your sisters: Vjerujem [sestrama].	1
One tap completes the receiver, and the English decides singular or plural. In the singular **-a** gives **-i** and a consonant or **-o** gives **-u**; in the plural masculine words take **-ima**, feminine words **-ama**. Watch *tata* (**-i**) and *Marko* (**-u**).	1
Singular **-i / -u**; plural **-ima** (m.), **-ama** (f.). *tati, Marku*.	1
English above, Croatian below. One tap finishes the receiver — one person or several?	1
I'm buying Mum perfume.	1
I'm sending my nephew a poster.	1
I'm writing my friends an e-mail.	2
I'm sending my sisters postcards.	2
I'm helping Dad in the garden.	2
I'm bringing my godfather cakes.	1
I'm buying my colleagues coffee.	2
I'll show the tourists the town.	2
I'll give Marko back his ball.	1
I'll thank the teacher.	1
I'm sending my niece a toy.	1
I trust my friend.	2
We're bringing the neighbours cakes.	2
I'm sending the boss a message.	2
We're bringing the teachers flowers.	2
I'll lend my colleague an umbrella.	1
The rule: the receiver in one syllable	1
The short receiver words. When the receiver is already known, a pronoun replaces the name: *mi, ti, mu, joj, nam, vam, im*. Like *sam* and *ga*, they are unstressed and stand in second place — also after *da, jer, ako, kad* — and never open a sentence.	1
*mi, ti, mu, joj, nam, vam, im* replace a known receiver; second place, never first.	1
**A pronoun replaces a known receiver.** *Dajem bratu loptu.* → *Dajem **mu** loptu.* In everyday speech this short form is the normal one.	1
tab: Person | Receiver (short) | Example	1
tab: ja | **mi** | Baka **mi** šalje paket.	1
tab: ti | **ti** | Mama **ti** šalje razglednicu.	1
tab: on, ono | **mu** | Dajem **mu** loptu.	1
tab: ona | **joj** | Pišem **joj** pismo.	1
tab: mi | **nam** | Poštar **nam** nosi novine.	1
tab: vi | **vam** | Kupujem **vam** karte.	1
tab: oni, one, ona | **im** | Šaljem **im** poklon.	1
**Mi and ti have two meanings.** *Mi* is also *we*, and *ti* is also *you*. The position shows which: at the start of the sentence it is the subject (*Mi radimo.*), in second place after another word it is the receiver (*Mama **mi** kuha ručak.*).	1
**Second place, as with sam and ga.** The short form comes after the first word or phrase, also after *da, jer, ako, kad*: *Znam da **mu** šalješ paket.* It never opens a sentence: *Mu dajem loptu* is wrong.	1
**Receiver first, then the target.** When a receiver pronoun and a target pronoun meet, the dative comes first: *Dajem **mu ga**.* — I'm giving it to him. *Šaljem **joj ga**.* — I'm sending it to her.	1
**Now you write them.** Dajem loptu bratu → Dajem [mu] loptu. Pišem sestri → Pišem [joj]. Dajem mu loptu → Dajem mu [je].	1
Replace the receiver	2
Rewriting each sentence with the short form. The receiver disappears from its place and the short word takes the second position: after the verb here, or after *ću* in the future (*Posudit ću mu*). Everything else in the sentence stays as it was.	1
Short form in second place, after *ću* in the future: *Posudit ću mu kišobran.*	1
Say it again, with the short form instead of the name.	2
Which little word?	2
Replacing the receiver in capitals. Three checks decide it: the receiver needs the dative form (*mu*, not *ga*), the short form stands in second place and never first, and when two short forms meet, the dative comes before the target and after *ću*.	1
Dative (*mu*, not *ga*); second place, never first; *ću* → dative → target.	1
Replace the receiver in CAPITALS — and remember the short form can never open the sentence.	1
Dajem loptu bratu. (both as pronouns)	1
Šaljem paket sestri. (both as pronouns)	2
The rule: long forms and the order	1
The long receiver forms and the order of short words. *Meni, tebi, njemu, njoj, nama, vama, njima* — the forms you used after *o* in Grammar 13 — carry stress, so they are used for contrast and one-word answers. In a cluster the helper comes first, then the dative, then the target.	1
Long forms for contrast and answers: *Meni, ne tebi!* Order: helper → dative → target; *je* last.	1
**Each short form has a long twin.** The long form is stressed, so it can open a sentence or stand alone.	1
tab: Short | Long | Example with the long form	1
tab: mi | **meni** | **Meni** šalje paket, ne tebi!	1
tab: ti | **tebi** | Kupujem cvijeće **tebi**, a ne Ani.	1
tab: mu | **njemu** | Pišem **njemu**, a ne sestri.	1
tab: joj | **njoj** | **Njoj** dajem ključ.	1
tab: nam | **nama** | Poštar nosi novine **nama**, a ne susjedu.	1
tab: vam | **vama** | **Vama** šaljem poruku.	1
tab: im | **njima** | Komu pišeš? — **Njima**.	1
**A one-word answer is always long.** *Komu pišeš? — **Njoj**.* A short form cannot stand alone.	1
**The same forms as the locative.** *Meni, tebi, njemu* are the forms from *o meni, o tebi, o njemu* in Grammar 13 — one form, two jobs again.	1
**The order of short words.** First *li* or the helper (*sam, si, ću, ćeš…*), then the dative, then the target. The helper *je* is the exception and goes last.	1
tab: Kupit ću **joj** šal. | I'll buy her a scarf.	1
tab: Šalješ li **mi** poruku? | Are you sending me a message?	1
tab: Poslali smo **mu ga**. | We sent it to him.	1
tab: Baka **mu je** poslala paket. | Grandma sent him a package.	1
**Now you write them.** Komu šalješ paket? Not to him — to her: [Njoj]! Grandma sent him a package: Baka [mu] je poslala paket. You'll buy her a scarf: Kupit ću [joj] šal.	1
Komu or koga?	2
Sorting pronouns by their job. The receiver forms answer *komu?* (*mi, mu, joj, nam, vam, im* and the long *meni, njoj*); the target forms from Grammar 6 answer *koga?* (*me, ga, nas, vas, ih* and the long *mene, njega, nju*). *Mu* and *ga* are the pair most often mixed up.	1
*komu?* → *mi, mu, joj, nam, vam, im, meni, njoj*. *koga?* → *me, ga, nas, vas, ih, mene, njega, nju*.	1
KOMU? (DATIV)	26
KOGA? (AKUZATIV)	18
Receiver or target? Sort each pronoun.	2
Choosing between the long and the short receiver form. The short form goes in second place in an ordinary sentence; the long one opens the sentence, stands in contrast or answers alone. The target forms *me, ga, nas* are the mistake to avoid.	1
Second place → short (*mi, mu*). First, contrast, alone → long (*meni, njemu*). Not *ga, nas*.	1
Choose the form that fits. The bracket tells you who the receiver is.	2
Kupujem cvijeće ___, a ne Ani. (to her)	1
Šaljem ___ poruku. (to you, plural)	1
Kupit ću ___ šal. (to her)	2
Whole sentences from tiles, each using a different piece of this unit. The receiver takes **-i, -u, -ima** or **-ama**, a short form such as *mi* or *joj* takes the second tile, and a long form such as *meni* may take the first.	1
Receiver **-i, -u, -ima, -ama**; short forms second; long forms may come first.	1
Free production from English, the hardest step here. Put the receiver in the dative — **-i, -u, -ima, -ama**, or a short form in second place — and the thing in the target form. Where the word order may vary, the common orders are all accepted.	1
Receiver in the dative or a short form in second place; the thing in the target form.	1
I'm buying Mum flowers.	2
I'm sending my sister a package.	4
I'm helping Dad.	2
I trust my friend. (m.)	2
To whom are you writing?	2
I'm writing an e-mail to my friends.	2
Grandma is sending me a package.	2
I'm giving him the ball.	2
I'm writing her a letter.	2
The postman brings us the newspaper.	2
I'm sending them a present.	2
I'm giving it to him. (the ball)	2
I'll buy her a scarf.	2
He's sending the package to me, not to you!	2
A closing summary. The dative at this level comes down to three facts: the receiver takes the locative endings without a preposition, a known receiver becomes a short form in second place, and the long form is kept for contrast and one-word answers.	1
Locative endings without a preposition; short forms second; long forms for contrast.	1
**Bravo.** You can now say who gets what — one person or many, by name or with a single short word.	1
And you did it with one rule for each: **the receiver takes the locative endings without a preposition**, **a short form such as *mu* or *joj* stands in second place**, and **the long form — *meni, njoj* — is for contrast and one-word answers.**	1
**Next up:** Practice 14 fills a December of presents, letters and a busy postman, and Test 14 closes the unit. Then Lesson 15 takes you out *with friends* — the instrumental.	1
The Instrumental	1
The rule: with whom? with what?	1
The reference page for the instrumental. It answers *s kim?* — with whom? — with *s* or *sa* in front, and *čime?* — by what means? — with nothing in front. Most nouns take **-om**, a soft ending takes **-em**, and before s, š, z, ž the preposition is *sa*.	1
*s kim?* → *s / sa* + instrumental; *čime?* → instrumental alone. **-om**, after a soft sound **-em**.	1
**The instrumental answers two questions:** ***s kim?*** (with whom?) and ***čime?*** (by what means?). The endings are the same for both; only the preposition in front is different.	1
tab: Naming form ends in | Example | Instrumental	1
tab: consonant | brat, vlak, skuter | brat**om**, vlak**om**, skuter**om**	1
tab: -o | Marko, auto, mlijeko | Mark**om**, aut**om**, mlijek**om**	1
tab: -a (also tata) | sestra, kiša, tata | sestr**om**, kiš**om**, tat**om**	1
tab: soft sound: j, lj, nj, č, ć, š, ž | tramvaj, prijatelj, mladić | tramvaj**em**, prijatelj**em**, mladić**em**	1
tab: -i | taksi, kombi | taksi**jem**, kombi**jem**	1
**Company: s / sa + instrumental.** *Idem u kino **s Markom**. Pijem kavu **s mlijekom**.* Before s, š, z and ž the preposition is **sa**, only for pronunciation: ***sa** sestrom, **sa** šećerom*. Everywhere else it is **s**.	1
**Means: the instrumental alone.** *Putujem **vlakom**. Idemo **trajektom**.* *Idem s vlakom* is the most common mistake: the train is not your companion, so there is no *s*. On foot is one fixed word: *pješice*.	1
**The case count so far:** nominative (the subject), accusative (the target, and the direction after *u / na*), locative (the place, Lesson 13), dative (the receiver, Lesson 14), instrumental (company and means, Lesson 15). That makes five of the seven cases.	1
**Now you write them.** Idem u kino s [Markom]. Idem u grad sa [sestrom]. Putujem [vlakom].	1
Type the instrumental	4
The instrumental of single words, old and new. Most take **-om**; after a soft sound the ending is **-em** (*prijateljem, mladićem, tramvajem*), and a word in **-i** adds *j* first: *kombijem*. A word in **-a** replaces the *a*: *sestra → sestrom*.	1
**-om** for most words; **-em** after a soft sound; *kombi → kombijem*; *sestra → sestrom*.	1
Type the instrumental of each word — just the form, without *s*.	1
s, sa or nothing?	1
Choosing the little word in front, or none. A person, or something that comes along with you or your drink, takes *s*, and *sa* before s, š, z, ž. A vehicle takes nothing, so there the dash is the right answer.	1
Company: *s*, or *sa* before s, š, z, ž. Vehicle: nothing (—).	1
Choose the right little word (— means nothing).	1
Company or means?	3
Sorting bare instrumental forms by the job they would do. People and the things that come along with them would take *s* in a sentence (*s Anom, s limunom*); vehicles take nothing (*vlakom*). Say each one in a short sentence before you sort it.	1
People and things that come along: *s*. Vehicles: nothing.	1
COMPANY (s/sa)	26
MEANS (no preposition)	26
The little word is missing. Would the form need *s / sa* (company) or nothing (means)?	1
The rule: tools, food and the order	1
The second rule page, with more on the two jobs. A tool works like a vehicle and takes the instrumental alone (*pišem olovkom*); food that comes with something takes *s* (*palačinke s džemom*); and a person and a vehicle can share one sentence: *Idem s Markom vlakom.*	1
Tools like vehicles: *pišem olovkom*. Food with *s*: *palačinke s džemom*. Both in one sentence.	1
**Tools work like vehicles.** Whatever you use to do something takes the instrumental with nothing in front. The question is ***čime?*** — with what?	1
tab: Pišem **olovkom**. | I write with a pencil.	1
tab: Jedem juhu **žlicom**. | I eat soup with a spoon.	1
tab: Jedem **vilicom** i **nožem**. | I eat with a fork and a knife.	1
tab: Plaćam **karticom**. | I pay by card.	1
**Food that comes with something takes s.** English uses *with* for both jobs, but in Croatian only company takes *s*: *kava **s mlijekom**, palačinke **s džemom**, čaj **sa šećerom***. The milk comes along with the coffee, so it counts as company.	1
**A person and a vehicle in one sentence.** Each keeps its own form: *Idem **s Markom vlakom**.* — I'm going by train with Marko. The order is free: *Vlakom idem s Markom.*	1
**Three questions, three answers.** ***S kim?*** asks for a person: *S kim ideš? — S Anom.* ***Čime?*** asks for a vehicle or a tool: *Čime putuješ? — Trajektom.* ***Kako?*** asks about the way in general, and *pješice* answers it too: *Kako ideš? — Pješice.*	1
**Now you write them.** Pišem [olovkom]. Plaćam [karticom]. [S] kim ideš? — S Anom. [Čime] putuješ? — Vlakom.	1
Short answers in the instrumental. A *s kim?* question is answered with a person after *s* or *sa*, a *čime?* question with a vehicle or a tool alone. The word in brackets gives you the naming form, and the answer is one or two words.	1
*S kim?* → *s / sa* + person. *Čime?* → vehicle or tool alone.	1
Answer in one or two words. The word in brackets is your answer.	2
Tool, food or company?	1
The second rule page in practice. A tool works like a vehicle and takes the instrumental alone (*pišem olovkom, plaćam karticom*); food that comes with something takes *s* or *sa* (*palačinke s džemom*); and a person always takes *s*. The English in brackets tells you which job the word does.	1
Tool: alone (*olovkom*). Food that comes along: *s / sa* (*s džemom*). Person: *s* (*s Markom*).	1
Tool, food or company? Pick the form that fits the gap.	1
Pišem ___ . (with a pencil)	1
Plaćam ___ . (by card)	1
Palačinke ___ , molim. (with jam)	1
Čaj ___ , molim. (with lemon)	1
Idem ___ vlakom. (with Marko)	1
Kavu pijem ___ . (with sugar)	1
Jedem ___ i nožem. (with a fork)	1
Pizzu jedem ___ . (with my hand)	1
Pišem pismo ___ . (together with my sister)	1
Čime putuješ? — ___ . (by bus)	1
The rule: with me, with you	1
The company forms of the pronouns — the words you need the moment someone asks *s kim?* Most do not look like the naming form, so learn them as a set. *Sa mnom* takes *sa*, and *s nama, s vama, s njima* repeat the long dative forms from Grammar 14.	1
*sa mnom, s tobom, s njim, s njom, s nama, s vama, s njima*.	2
The company forms of the pronouns — the words you need the moment somebody asks *s kim?*	1
tab: Pronoun | With…	1
tab: ja | **sa mnom**	1
tab: ti | **s tobom**	1
tab: on, ono | **s njim**	1
tab: ona | **s njom**	1
tab: mi | **s nama**	1
tab: vi | **s vama**	1
tab: oni, one, ona | **s njima**	1
***Sa mnom* has two surprises.** The form looks nothing like *ja*, and the preposition is *sa* although no s, š, z or ž follows — *s mnom* cannot be pronounced. The other six take plain *s*.	1
**Three of them are old friends of the eye.** *Nama, vama, njima* are the long dative forms from Grammar 14; with *s* in front they mean *with us, with you, with them*.	1
**Pronouns are always company, never means.** You travel *vlakom* with no preposition, but a person always takes *s*: *Putujem s bratom.* → *Putujem **s njim**.*	1
**The question and the answer:** *S kim ideš? — **S njom**.* *S kim putuješ? — **S tobom**!* The pronoun form can stand alone as the whole answer.	1
**Now you write them.** Ideš li sa [mnom]? Idem s [tobom]. Marko is going too: Idem s [njim].	1
You replace a person with the company form of the pronoun, preposition included. *Ja* gives *sa mnom*, every other pronoun takes plain *s*: *s tobom, s njim, s njom, s nama, s vama, s njima*. For a name, choose the pronoun first: Marko is *on*, Ana is *ona*.	1
*sa mnom*; all others with *s*: *s tobom, s njim, s njom, s nama, s vama, s njima*.	1
Put the pronoun into the company form — with its preposition.	1
Person or vehicle?	1
Company takes *s* or *sa*, means takes nothing — and a pronoun is always company. Watch the three usual slips: *s vlakom* (an *s* before a vehicle), *s mnom* (it is *sa mnom*), and the naming form after *s* (*s on*).	1
Vehicle alone; pronoun with *s*. *sa mnom*, never *s mnom* or *s ja*.	1
Company takes *s / sa*. Means takes nothing. Which is it?	1
Putujem ___ . (by train)	1
Idem u kino ___ . (with him)	1
Idemo ___ . (by bus)	1
Ideš li ___ ? (with me)	5
Ana putuje ___ . (with us)	1
Plešem ___ . (with her)	1
Idem na otok ___ . (by ferry)	1
Večeramo ___ . (with them)	2
Idem ___ u grad. (with you, a friend)	1
Putujete li ___ ? (by car)	1
Marko izlazi ___ . (with you, polite)	1
Pijem kavu ___ . (with milk)	1
The rule: with friends — the plural	1
The plural of the instrumental, with nothing new to learn: it has the same endings as the plural locative and dative, **-ima** and **-ama**. Only the preposition shows the job. *S prijateljima* is the form you hear on every Friday night.	1
Plural: **-ima / -ama**, as in the locative and dative. *s prijateljima, sa sestrama*.	1
**Plural: -ima and -ama, the forms you already know.** Grammar 13 used them for places (*u gradovima*) and Grammar 14 for receivers (*prijateljima*). The instrumental plural has exactly the same form.	1
tab: Singular | Plural | With them	1
tab: prijatelj | prijatelji | s prijatelj**ima**	1
tab: susjed | susjedi | sa susjed**ima**	1
tab: turist | turisti | s turist**ima**	1
tab: sestra | sestre | sa sestr**ama**	1
tab: prijateljica | prijateljice | s prijateljic**ama**	1
tab: gljiva | gljive | s gljiv**ama**	1
**One form, three jobs.** The preposition, or its absence, shows which: *u gradovima* (where), *Šaljem paket prijateljima* (to whom), *Izlazim s prijateljima* (with whom).	1
**Food in the plural works the same way:** *pizza **s gljivama***, the menu classic, is company in the plural.	1
**Now you write them.** Izlazim s [prijateljima]. Idem na koncert sa [sestrama]. Pizza s [gljivama], molim.	1
One tap for all four endings of the instrumental. In the singular most words take **-om** and a soft ending takes **-em**; in the plural the ending is **-ima**, or **-ama** for words in **-a**. The English decides between *a friend* and *friends*, so read it before you tap.	1
Singular **-om / -em**; plural **-ima / -ama**. The English shows one or many.	2
English above, Croatian below. One tap puts the word in the instrumental — singular or plural.	1
I'm going out with friends.	5
I'm going to the cinema with my brother.	3
We're travelling by tram.	1
I'm going to the concert with my sisters.	1
I drink coffee with milk.	3
I'm dancing with a young man.	1
A pizza with mushrooms, please.	2
I'm talking with the tourists.	1
We're travelling by ferry.	1
Ana is going to the party with her friends (women).	1
Petra is having dinner with her husband.	2
I'm sitting in a café with the neighbours.	2
I drink tea with sugar.	1
Marko is playing chess with a friend.	1
I go to work by scooter.	1
Mum is going to the theatre with her colleagues (women).	1
Whole sentences from tiles, each using a different part of this unit. *S* or *sa* stands directly before the person or the pronoun, a vehicle or tool has nothing in front of it, and a comma comes before *a* and *nego*.	1
*s / sa* before a person or pronoun; nothing before a vehicle or tool. Comma before *a, nego*.	1
Free production from English, the hardest step here. Company takes *s* or *sa* with the instrumental, a vehicle or a tool takes the instrumental alone, and a pronoun after *s* takes its company form: *sa mnom, s tobom, s njim*. Several word orders are accepted.	1
Company: *s / sa* + instrumental. Vehicle or tool: alone. Pronouns: *sa mnom, s tobom*.	1
I'm going to the cinema with Marko.	1
We travel by train.	2
I'm going out with my sister.	1
Who are you going with?	3
Ana goes to work by bus.	2
Are you going with me?	1
I'm going with you.	1
We're going to the island by ferry.	1
I pay by card.	1
I'm going on foot.	2
I'm not going by car, but by tram.	2
She is dancing with him.	1
A closing summary. The instrumental at this level comes down to three facts: company takes *s* or *sa*, a vehicle or a tool takes the instrumental alone, and the plural repeats **-ima** and **-ama**. The pronouns have their own set, from *sa mnom* to *s njima*.	1
Company *s / sa*; vehicle or tool alone; plural **-ima / -ama**; *sa mnom… s njima*.	1
**Bravo.** You can now say who you are with and how you travel — with a name, with a pronoun, or with a whole group of friends.	1
And you did it with one rule for each: **company takes *s* or *sa***, **a vehicle or a tool takes the instrumental alone**, and **the plural repeats *-ima* and *-ama*.**	1
**Next up:** Practice 15 follows a Friday night out and a train journey, and Test 15 closes Module C. Then Lesson 16 takes you to grandma's house and the genitive.	1
The Genitive	1
The rule: the busiest case	1
The reference page for the genitive singular. Masculine and neuter nouns take **-a**, feminine nouns in **-a** take **-e**, and feminine nouns that end in a consonant take **-i** (*noć → noći*). The case answers *koga?* and *čega?* and has three jobs: belonging, the little words, and *nema*.	1
m./n. **-a**, f. **-a → -e**, f. consonant **-i** (*noći*). *Koga? Čega?* Three jobs.	1
The genitive answers ***koga?*** (of whom?) and ***čega?*** (of what?) — and it is the busiest case in Croatian.	1
tab: Naming form ends in | Example | Genitive | Ending	1
tab: consonant (m.) | grad, šećer, brat | grad**a**, šećer**a**, brat**a** | **+a**	1
tab: -o, -e (m., n.) | Marko, mlijeko, more | Mark**a**, mlijek**a**, mor**a** | **-o / -e → -a**	1
tab: -a (f., also tata) | kava, baka, tata | kav**e**, bak**e**, tat**e** | **-a → -e**	1
tab: consonant (f.) | noć, obitelj, sol | noć**i**, obitelj**i**, sol**i** | **+i**	1
**Words that lose an a.** Words that lose an **a** in the target form lose it here too: *pas → psa, ručak → ručka, lonac → lonca, početak → početka*. For people and animals the masculine genitive looks exactly like the target form from Grammar 6: *Čekam brata.* — *kod brata*.	1
**Job one — belonging.** The owner or the whole comes after the thing and takes the genitive: *vrata **kuće**, miris **kave**, komad **kruha**, početak **filma***. With a family word and *moja*, *moje* takes **-e** too: *kuća **moje bake***.	1
**Job two — after the little words** on the next rule page: *kava bez **mlijeka**, vlak iz **Splita**, ručak kod **bake**, čaj od **mente***.	1
**Job three — nema.** *Nema* means *there is no*, and the missing thing takes the genitive: *Nema **šećera**. Nema **problema**!*	1
**The case count:** nominative, accusative, locative, dative, instrumental — and now the genitive. That makes six of the seven cases.	1
**Now you write them.** Ovo je kuća moje [bake]. Kava bez [šećera]. Dolazim iz [Zagreba]. Do [ponoći] smo na zabavi.	1
Type the genitive	5
The genitive of single words, old and new. Masculine and neuter nouns take **-a** (*grada, mora*), feminine nouns in **-a** take **-e** (*kuće*), and a feminine word on a consonant takes **-i** (*noći*). Watch the words that lose an **a**: *ručak → ručka*.	1
**-a** (*grada, mora*), **-e** (*kuće*), f. consonant **-i** (*noći*). *ručak → ručka*.	1
Type the genitive after the little word.	1
Zagreba	7
more → blizu ___	1
Which case is it?	2
Recognising the genitive among the other cases. Ask the question for the word: *bez čega?* or *čiji?* points to the genitive, *komu?* to the dative, *gdje?* to the locative, *s kim?* or *čime?* to the instrumental. The same ending can do two jobs, so read the whole sentence.	1
Ask the question: *čega? / koga?* genitive, *komu?* dative, *gdje?* locative, *s kim?* instrumental.	1
Which case is the word in quotation marks?	2
genitiv	22
dativ	12
akuzativ	14
lokativ	10
instrumental	3
nominativ	5
-A, -E or -I?	2
Sorting nouns by their genitive ending. Masculine and neuter nouns take **-a**, also those in **-o** and **-e** (*Marka, mora*). Feminine nouns in **-a** take **-e**, and so does *tata*. Feminine nouns that end in a consonant — *noć, obitelj, sol, ljubav* — take **-i**.	1
m./n. **-a**; f. in **-a** **-e** (also *tata*); f. on a consonant **-i**.	1
Which ending does each noun take in the genitive? Look at the naming form, and remember the feminine words that end in a consonant.	1
The rule: little words that take the genitive	1
The second rule: the little words that are always followed by the genitive, grouped by meaning. Most describe a place — *ispred, iza, iznad, ispod, između, pokraj* — and some a time or a choice: *nakon, tijekom, osim, umjesto*. After them, a pronoun uses its long form: *kod mene, bez tebe*.	1
Place, time and choice words + genitive. Pronouns: *kod mene, bez tebe, pokraj nje*.	1
**Where something is.** Every one of these is followed by the genitive.	1
tab: Little word | Meaning | Example	2
tab: pokraj | next to | pokraj **kuće**	1
tab: ispred / iza | in front of / behind | ispred **škole**, iza **zida**	1
tab: iznad / ispod | above / under | iznad **stola**, ispod **kreveta**	1
tab: između … i … | between … and … | između **kuće** i **mora**	1
tab: kod | at someone's place | kod **bake**	1
tab: blizu / izvan | near / outside | blizu **mora**, izvan **grada**	1
**From, to, when, instead.**	1
tab: iz / od … do … | from, out of / from … to … | iz **Splita**, od **jutra** do **ponoći**	1
tab: bez / osim | without / except | bez **šećera**, osim **Marka**	1
tab: umjesto | instead of | umjesto **kave**	1
tab: nakon / tijekom | after / during | nakon **ručka**, tijekom **noći**	1
**od has three jobs.** Where something comes from (*pismo od bake*), what it is made of or tastes of (*torta od čokolade, čaj od mente*), and where a stretch starts (*od Zagreba do mora*).	1
**Pronouns: the long forms from Grammar 6.** After a little word the pronoun takes the same long form as the target: ***kod mene, bez tebe, iza njega, kod nas, bez vas, pokraj njih***. Only *ona* is different: the target is *nju*, but the genitive is ***nje***: *Sjedim pokraj nje.*	1
**The two questions.** *Koga?* asks about a person (*Kod koga si? — Kod bake.*) and *čega?* about a thing (*Bez čega piješ kavu? — Bez šećera.*).	1
**Now you write them.** Mačka spava ispod [kreveta]. Pijem čaj umjesto [kave]. Ključ je kod [mene]. [Čega] nema? — Mlijeka.	1
Pick the preposition	1
Choosing the little word from its English meaning. All of them are followed by the genitive, so the ending does not help — the meaning in brackets decides. *Kod* is someone's place, *iz* is out of a place, and *od* is from a person or what something is made of.	1
The meaning decides: *kod* at someone's, *iz* out of, *od* from a person or made of.	1
Choose the little word that matches the English in brackets.	2
Kava ___ mlijeka, molim. (without)	1
Putujem ___ Splita. (from)	1
Večeras smo ___ bake. (at … 's place)	1
___ kuće je vrt. (next to)	1
Mačka spava ___ kreveta. (under)	2
Svjetlo visi ___ stola. (above)	1
___ ručka spavam. (after)	2
Pijem čaj ___ kave. (instead of)	2
Park je ___ škole i pošte. (between)	2
Torta ___ čokolade, molim. (made of)	1
Nitko ne zna ___ Marka. (except)	2
Auto je ___ kuće. (in front of)	2
One tap for the genitive after a little word. Masculine and neuter nouns take **-a**, feminine nouns in **-a** take **-e**, and feminine nouns that end in a consonant take **-i**: *noći, obitelji, soli*. *Ručk___* has already lost its *a* — it only needs the ending.	1
m./n. **-a**, f. **-e**, f. on a consonant **-i** (*noći, soli*).	1
English above, Croatian below. One tap puts the word in the genitive.	2
I drink coffee without sugar.	3
There's no internet at Grandma's.	1
During the night it rains.	2
Mint tea, please.	3
After lunch I sleep.	3
We have lunch with the family.	2
Apple juice, please.	1
The house is near the sea.	2
Soup without salt isn't tasty.	2
Nobody knows except Marko.	1
Instead of coffee I drink tea.	1
A light hangs above the table.	1
We're at the party until midnight.	3
Between the house and the school there's a park.	1
The cat sleeps under the bed.	1
The letter is from a friend.	1
Answer with a pronoun	1
The pronoun after a little word takes its long form, the same as the target form from Grammar 6: *mene, tebe, njega, nas, vas, njih*. Only *ona* has a genitive of its own: *nje*. The last two items ask for the question words *koga* and *čega*.	1
*kod mene, bez tebe, iza njega, pokraj nje, kod nas, bez vas, kod njih*. *Koga? Čega?*	2
Type the pronoun in the form that follows the little word.	2
The rule: counting reaches for the genitive	1
The third rule: numbers decide the form of the noun. After *jedan* the noun stays as it is, after 2, 3 and 4 it takes the genitive singular (*dvije kave*), and from 5 up the genitive plural (*pet kava*). *Koliko?* takes the genitive plural too. *Dva* is masculine and neuter, *dvije* feminine.	1
1: as it is. 2–4: genitive singular (*dvije kave*). 5+ and *koliko*: genitive plural (*pet kava*).	1
A number in Croatian decides the form of the noun after it. There are three groups.	1
tab: Number | What follows | Example	1
tab: 1 | the usual form | jedn**a** kav**a**, jedan sok	1
tab: 2, 3, 4 | genitive **singular** | dvije kav**e**, tri sok**a**, četiri brat**a**	1
tab: 5 and up | genitive **plural** | pet kav**a**, deset sokov**a**, šest jabuk**a**	1
**Dva or dvije?** *Dva* goes with masculine and neuter words (*dva soka, dva brata*), *dvije* with feminine ones (*dvije kave, dvije sestre*). *Tri* and *četiri* stay the same for all.	1
**The genitive plural: take the plural from Grammar 7 and end it in -a.** *kave → kava, prijatelji → prijatelja, sokovi → sokova, stolovi → stolova, mjesta → mjesta.* A short masculine word keeps its **-ov-**: *sokova, gradova*.	1
**You already know some.** *Imam dvadeset **godina**. Karta košta deset **eura**.* Both are the genitive plural after a number. Take a few whole: *pet **sati*** (five hours), *pet **ljudi*** (five people).	1
**Koliko? takes the genitive plural too:** *Koliko **kava** piješ na dan? — Dvije.*	1
**Ordering, the practical side:** *Dvije kave i tri soka, molim.* *Jednu kavu, molim* — after *jedan* the noun keeps the target form.	1
**Now you write them.** dvije [kave], pet [kava], tri [soka], deset [sokova]. [Koliko] kava piješ na dan?	1
Which form after the number?	1
Choosing the form after a number. Two, three and four take the genitive singular (*dvije kave, tri soka*), five and up the genitive plural (*pet kava, deset sokova*). *Dva* is for masculine and neuter words, *dvije* for feminine ones.	1
2–4: genitive singular (*dvije kave*); 5+: genitive plural (*pet kava*). *dva* m./n., *dvije* f.	1
Two-three-four, or five and up? The number decides.	2
___ kave (two)	1
___ soka (two)	1
Order it	1
You type the noun in the form the number needs. After 2, 3 and 4 it is the genitive singular — **-a** for masculine words, **-e** for feminine ones — and from 5 up the genitive plural, which ends in **-a**: *pet kava, deset sokova*.	1
2–4: **-a** / **-e**; 5+: genitive plural in **-a** (*kava, sokova*).	1
Type the noun in the form the number wants.	1
Whole sentences from tiles, each using a different job of the genitive. The genitive follows the thing it belongs to (*miris kave*), the little word (*bez šećera*), *nema* or the number (*dvije kave*). *Kod mene* and *bez tebe* use the long pronoun forms.	1
Genitive after the thing, the little word, *nema* or a number. *kod mene, bez tebe*.	1
Free production from English. The genitive follows the little word, *nema* and the number, and the owner comes after the thing. A pronoun after a little word takes its long form. Several word orders are accepted where Croatian allows them.	1
Genitive after little words, *nema*, numbers; owner after the thing. *kod mene*.	2
I come from Zagreb.	2
There's no milk.	3
My grandma's house is old.	3
The key is with me.	2
A piece of cake, please.	3
The cat is under the bed.	1
Two coffees and three juices, please.	1
I have two brothers.	2
Five coffees, please.	1
How many coffees do you drink a day?	1
No problem!	5
A closing summary. The genitive at this level comes down to three endings (**-a**, **-e**, **-i**), three jobs (belonging, the little words, *nema*) and one rule for counting: 2–4 take the genitive singular, 5 and up the genitive plural.	1
**-a / -e / -i**; belonging, little words, *nema*; 2–4 singular, 5+ plural.	1
**Bravo.** You can now say whose something is, where it is and where it comes from, what is missing — and how many of it you want.	1
And you did it with a small set of rules: **-a** for masculine and neuter words, **-e** for feminine words in **-a**, **-i** for feminine words on a consonant; **the genitive after the little words and *nema***; and **2–4 + genitive singular, 5 and up + genitive plural**.	1
**Next up:** Practice 16 takes you to Grandma's house and down the road from Zagreb to the sea, and Test 16 checks the whole level. Then Lesson 17: the imperative — *Uzmi! Dodaj! Miješaj!*	1
The Imperative	1
The rule: commands, recipes & directions	1
The reference page for the imperative. Start from the *ti* form: **-aš** becomes **-aj**, **-eš** and **-iš** become **-i**, and *-ješ* becomes **-j**. A group or the polite *vi* adds **-te**, and *let's* adds **-mo**. A few verbs are learned whole: *budi, idi, dođi, peci*.	1
*ti* form → **-aj / -i / -j**; **+te** for *vi*; **+mo** for *let's*. Whole: *budi, idi, dođi, peci*.	1
Commands, requests, recipes and directions — one form does all four jobs.	1
tab: The ti form | ti | vi | let's (mi)	1
tab: gled**aš** | gled**aj**! | gled**ajte**! | gled**ajmo**!	1
tab: uzm**eš**, stav**iš** | uzm**i**!, stav**i**! | uzm**ite**!, stav**ite**! | uzm**imo**!, stav**imo**!	1
tab: pi**ješ**, zagri**ješ** | pi**j**!, zagri**j**! | pi**jte**!, zagri**jte**! | pi**jmo**!, zagri**jmo**!	1
**One rule for every regular verb.** Say the *ti* form, drop the **-š**, and look at the last letter: **-a** gets **-j** (*doda- → dodaj*), **-e** or **-i** becomes **-i** (*uzme- → uzmi, stavi- → stavi*), and after a **j** nothing is added (*pije- → pij*).	1
**Let's = -mo.** *Pjevajmo! Uzmimo taksi!* With *ići* the everyday form is simply the present: ***Idemo!*** — Let's go!	1
**Learn these whole.** *biti → **budi / budite***, *ići → **idi / idite***, *doći → **dođi / dođite***, *peći → **peci / pecite***.	1
**Negative commands:** directly with **ne** + order (*Ne trči! Ne spavajte!*), or more softly with **nemoj / nemojte** + infinitive (*Nemoj trčati! Nemojte spavati!*).	1
**Politeness.** Bare orders are fine in recipes and between friends. Otherwise add *molim te* (to a friend) or *molim vas* (to a stranger): *Molim te, dodaj sol. Molim vas, skrenite lijevo.* You have been hearing polite orders since the first lessons: *Izvolite! Oprostite!*	1
**Now you write them.** gledaš → [Gledaj]! ideš → [Idi]! uzmeš → [Uzmi]! piješ → [Pij]!	1
Make the command (ti)	1
You make the order for one friend from the infinitive. Think of the *ti* form first: *čitaš → čitaj, uzmeš → uzmi, piješ → pij*. *Biti, ići* and *doći* are the ones learned whole: *budi, idi, dođi*.	1
Via the *ti* form: *čitaj, uzmi, pij*. Whole: *budi, idi, dođi*.	1
Make the command (ti form).	1
For a group	1
The same orders for a group or for someone you call *vi*: add **-te** to the *ti* order. *Dođi → dođite, pij → pijte, budi → budite.* Nothing else changes.	1
Group or *vi*: **+te** — *dođite, pijte, budite*.	1
Now for a group.	1
One tap finishes the order. The bracket says who gets it: one friend (*ti*) or a group (*vi*). Verbs in *-aš* take **-aj** or **-ajte**, verbs in *-eš* and *-iš* take **-i** or **-ite**.	1
*-aš* verbs: **-aj / -ajte**; *-eš / -iš* verbs: **-i / -ite**.	2
The English is above. One tap finishes the order — for one friend or for a group.	1
(ti) Take three eggs!	1
(vi) Add the sugar!	1
(vi) Turn right at the lights!	1
(ti) Look at this!	1
(vi) Listen to the teacher!	1
(ti) Put the pan on the stove!	1
(vi) Read the text!	1
(ti) Mix for two minutes!	1
(vi) Flip the pancakes!	1
(ti) Write the letter!	1
(vi) Wait here!	1
(ti) Sing with me!	1
"The gentler ""nemoj"""	2
Choosing the correct *nemoj* sentence. After *nemoj* or *nemojte* the verb stays in the infinitive — *Nemoj gledati* — and *nemoj* is for one friend, *nemojte* for a group or *vi*. The wrong options put a personal ending or an order after it.	1
*nemoj / nemojte* + infinitive: *Nemoj gledati!* Not *Nemoj gledaj*.	1
"Choose the correct softer ""don't""."	2
(grupi)	7
(vi, polite)	2
Command or statement?	1
Sorting sentences by what they do. An order uses the imperative — *Pij! Dodajte!* — and a statement the present: *Piješ, Dodajete*. The two look alike, so check the ending: *pij, dodaj, uzmite, pjevajmo* are orders, while the present keeps its **-š, -mo, -te** after the full form: *piješ, dodaješ, uzimate, pjevamo*.	1
*Pij! Dodaj! Uzmite!* are orders; *Piješ. Dodaješ. Uzimate.* are statements.	1
COMMAND	23
STATEMENT	8
Is it an order, or does it say what someone does?	1
The rule: asking instead of ordering	1
The second rule: three modal verbs, *moći* (can), *morati* (must) and *htjeti* (want), followed by an infinitive. A question with *Možeš li…?* or *Možete li…?* is the polite way to ask for something, and *Može!* on its own means *sure*.	1
*mogu, moram, hoću* + infinitive. *Možeš li…? / Možete li…?* = polite request. *Može!* = sure.	1
An order is direct. The polite alternative is a question with a **modal verb** — a verb that is followed by another verb in the infinitive.	1
tab: Person | moći (can) | morati (must) | htjeti (want)	1
tab: ja | **mogu** | **moram** | **hoću**	1
tab: ti | **možeš** | **moraš** | **hoćeš**	1
tab: on, ona, ono | **može** | **mora** | **hoće**	1
tab: mi | **možemo** | **moramo** | **hoćemo**	1
tab: vi | **možete** | **morate** | **hoćete**	1
tab: oni, one, ona | **mogu** | **moraju** | **hoće**	1
**The second verb stays in the infinitive** — it never gets a personal ending: *Moram raditi. Možeš doći. Ne mogu plivati.* Not *Moram radim*.	1
**The polite request:** *Skrenite lijevo!* → ***Možete li** skrenuti lijevo?* *Dodaj sol!* → ***Možeš li** dodati sol?* The content is the same, but it is a question.	1
**The most useful word in Croatia:** ***Može!*** on its own means *sure, fine, deal*. *Kava? — Može!*	1
**Hoću and ću.** The long forms *hoću, hoćeš, hoće* mean *I want* and can stand with a noun: *Hoću kavu.* The short forms *ću, ćeš, će* are the future helpers from Lesson 8: *Pit ću kavu.* The negative is the same for both: *neću*.	1
**Want: želim or hoću?** With things, *želim* is the neutral choice and *hoću* sounds firmer. For a polite wish you will learn *htio bih / htjela bih* in Lesson 18.	1
**Now you write them.** Ja [moram] raditi. [Možeš] li dodati sol? Ne [mogu] plivati.	1
Can, must or want?	1
Sorting the forms of the three modal verbs. *Mogu, možeš, možemo* belong to *moći*; *moram, moraju* to *morati*; *hoću, hoće, hoćemo* to *htjeti*. Watch *mogu*: it is both *I can* and *they can*.	1
*mogu, možeš* → *moći*; *moram, moraju* → *morati*; *hoću, hoćeš* → *htjeti*.	1
MOĆI	6
MORATI	6
HTJETI	16
Which verb does each form belong to?	1
Type the modal	2
You type the modal in the form that matches the person. The English in brackets tells you which verb: *can* is *moći*, *must* is *morati*, *want* is *htjeti*. The verb after it is already given, in the infinitive.	1
*can* → *mogu…*, *must* → *moram…*, *want* → *hoću…*. The next verb stays in the infinitive.	1
The verb after it never takes a personal ending — it stays in the infinitive.	1
Ja ___ raditi danas. (must)	1
Ti ___ doći sutra. (can)	1
Ona ne ___ plivati. (can)	1
Mi ___ učiti. (must)	1
Ja ___ kavu. (want)	2
Oni ___ ići pješice. (must)	1
Vi ___ skrenuti lijevo. (can)	1
___ li doći u osam? (can, ti)	1
Mi ___ ići na more. (want)	1
Oni ne ___ plivati. (can)	2
Marko ___ kupiti kartu. (must)	1
___ li skrenuti desno? (can, vi)	1
Modal + infinitive	2
Choosing the second verb. After *mogu, moram* and *hoću* the verb stays in the infinitive, whatever the person: *Moram raditi, Možemo doći, Hoće plivati.* The wrong options give the second verb a personal ending.	1
After a modal: infinitive only — *Moram raditi*, not *Moram radim*.	1
Choose the correct second verb.	2
Command or request?	2
Sorting orders and polite requests. An order uses the imperative (*Skrenite lijevo!*); a polite request is a question with *možeš li* or *možete li* and an infinitive (*Možete li skrenuti lijevo?*). *Molim vas* in front softens an order, but it is still an order.	1
Imperative → command. *Možeš li / Možete li* + infinitive → polite request.	2
POLITE REQUEST	15
Which one would you use with a stranger?	1
Make it polite	2
You turn each order into a polite question. *Ti* orders become *Možeš li…?*, *vi* orders *Možete li…?*, and the order itself turns back into the infinitive: *dodaj → dodati, skrenite → skrenuti*.	1
*ti* → *Možeš li* + infinitive; *vi* → *Možete li* + infinitive.	2
"Turn the command into a ""možeš li / možete li"" question."	2
Whole sentences from tiles. An order opens the sentence, *molim te* or *molim vas* can stand in front of it with a comma, *nemoj* is followed by an infinitive, and after a modal the second verb is an infinitive too.	1
*Molim vas, …*; *nemoj* + infinitive; modal + infinitive.	1
Free production from English. An order uses the imperative, **-te** for a group or *vi*; *don't* is *ne* + order or *nemoj* + infinitive; and a polite request is *Možeš li…?* or *Možete li…?* with an infinitive.	1
Imperative (**+te** for *vi*); *ne* / *nemoj*; *Možeš li / Možete li* + infinitive.	1
Take three eggs! (to a friend)	1
Turn left! (polite)	3
Come tomorrow! (to a group)	2
Don't run! (to a friend)	1
Don't wait! (to a group)	1
Let's sing!	1
Let's go!	2
Can you add the salt? (to a friend)	2
Can you turn right? (polite)	1
I must work.	1
I can't swim.	1
Please, pass the salt. (to a friend)	1
Do you want coffee? (to a friend)	1
We have to buy flour.	1
A closing summary. The imperative comes from the *ti* form (**-aj, -i, -j**), a group or *vi* adds **-te**, and *let's* adds **-mo**. *Ne* or *nemoj* makes a *don't*, and *Možeš li…?* turns an order into a polite request.	1
**-aj / -i / -j**, **+te**, **+mo**; *ne / nemoj*; *Možeš li…?*	1
**Bravo.** You can now give an order, soften it, forbid something politely and ask for help the Croatian way.	1
And you did it with a short set of rules: **the *ti* form gives the order**, **-te is for a group or *vi***, **nemoj takes an infinitive**, and **mogu, moram, hoću take an infinitive too**.	1
**Next up:** Practice 17 makes pancakes, finds the way through town and trains with Coach Zvone, and Test 17 checks the whole level. Then Lesson 18: the conditional — *Kupio bih kuću pokraj mora.*	1
The Conditional (Kondicional I)	1
The rule: what would be	1
The reference page for the conditional: *bih, bi, bi, bismo, biste, bi* plus the past participle, which shows gender and number as in the past tense. The helper takes the second place, *ne bih* is the negative, and *bi li* or *biste li* asks the question.	1
*bih / bi / bismo / biste* + participle. Second place. *ne bih*, *bi li…?*	1
The conditional says what *would* happen — wishes, dreams, polite requests and gentle suggestions.	1
tab: Person | Helper | A man / a group | A woman / only women	1
tab: ja | bih | kupio bih | kupila bih	1
tab: ti | bi | kupio bi | kupila bi	1
tab: on / ona | bi | kupio bi | kupila bi	1
tab: mi | bismo | kupili bismo | kupile bismo	1
tab: vi | biste | kupili biste | kupile biste	1
tab: oni / one | bi | kupili bi | kupile bi	1
**The formula.** The participle is the one from Lesson 10, with the same endings: **-o** for a man, **-la** for a woman, **-li** for a group, **-le** for a group of women, **-la** for neuter plural (*djeca bi plivala*). Only the helper is new: *sam → bih*.	1
**Word order — the second-place rule.** The helper cannot open a sentence: *Kupio **bih** brod. Ja **bih** kupio brod. Sutra **bih** kupio brod.* The negative is **ne bih** (*Ne bih radio ponedjeljkom.*), and the question uses **bi li / biste li**: *Bi li dolazio k meni ljeti?*	1
**With se.** In a verb with *se* the helper comes first and *se* right after it: *Bojao **bih se**. Ne bih se brinula. Nadali **bismo se**.*	1
**Politeness.** *Želim kavu.* → ***Htio / Htjela bih** kavu.* A request becomes softer again with *moći*: ***Biste li mogli** doći u osam?*	1
**In speech you will hear *bi* for every person** (*mi bi išli, ja bi išao*). In writing use the full forms *bih, bismo, biste*.	1
**Now you write them.** Ja [bih] kupio kuću. Mi [bismo] putovali. Vi [biste] ostali doma.	1
Type the helper	1
You type the helper that matches the person. *Ja* takes *bih*, *mi* *bismo*, *vi* *biste*, and everyone else *bi*. When the pronoun is missing, the participle and the rest of the sentence show the person.	1
*ja bih, mi bismo, vi biste*; everyone else *bi*.	3
Add the right helper.	1
One tap finishes the participle. It shows gender and number exactly as in the past tense: **-o** for a man, **-la** for a woman (and for neuter plural like *djeca*), **-li** for a group with at least one man, **-le** for a group of women. The English tells you who it is.	1
**-o** man, **-la** woman (and *djeca*), **-li** group, **-le** only women.	2
English above, Croatian below. One tap finishes the participle.	2
I would buy a boat. (a man)	1
I would buy a villa. (a woman)	3
We would travel all year. (Marko and I)	1
We would travel all year. (Ana and I, two women)	1
Ana would swim every day.	1
Marko would save.	1
The children would swim all day.	3
Mum and Dad would stay at home.	1
Petra and Ana would dream of the sea.	1
I would like a coffee. (a woman)	1
You would get a million. (a friend, a man)	1
You would live on the coast. (a group)	1
Grandma would read books.	1
Ivan and Marko would play football.	1
The sisters would sing.	1
Grandpa would watch the waves.	1
Choosing the sentence with the right word order. The helper takes the second place, *ne bih* stays together in front of the participle, *li* follows *bi*, and in a verb with *se* the helper comes first: *bojao bih se*.	1
Helper second; *ne bih* together; *bi li*; *bih se*.	2
swimming every day	1
can't without coffee	1
summer visits	1
afraid of the sea	1
we would travel	1
polite question	1
I wouldn't worry	1
a gift for Ana	1
they would stay	1
tomorrow I'd buy	1
I would hope	1
would you like?	1
Past, future or dream?	2
Sorting sentences by tense. The past has *sam, je, smo* with the participle; the future has *ću, ćeš, ćemo* (or *-t ću*); the conditional has *bih, bi, bismo, biste* with the participle. The participle alone does not decide — look at the helper.	1
*sam / je / smo* → past; *ću / ćemo* → future; *bih / bi / bismo* → conditional.	1
PAST	12
FUTURE	12
CONDITIONAL	12
Sort the sentences.	2
The rule: putting a condition in front of the dream	1
The second rule: two kinds of *if*. For something that can really happen, *ako* goes with the present, and the other half is in the future or the present. For a dream, *da* goes with the present and the other half is in the conditional — or *kad bih* puts both halves in the conditional.	1
Real: *ako* + present → future. Dream: *da* + present → conditional, or *kad bih* + conditional.	1
Lesson 18 gave you the dream. Here is the *if* that belongs in front of it — and Croatian has two kinds.	1
tab: Condition | Croatian | Reality	1
tab: real, might happen | **Ako** imam vremena, doći ću. | possible	1
tab: unreal, a dream | **Da** imam vremena, došao bih. | but I don't	1
tab: unreal, a dream | **Kad bih** imao vremena, došao bih. | but I don't	1
**Real → ako + present**, and the other half in the future or the present: ***Ako** je sunčano, ići ćemo na more. **Ako** pada kiša, ostajemo doma.*	1
**Unreal → da + present**, and the other half in the conditional: ***Da imam** milijun eura, kupio **bih** brod. **Da je** ljeto, plivali **bismo**.*	1
**The same dream with kad bih.** ***Kad bih imao** milijun eura, kupio **bih** brod.* The meaning is the same as *Da imam…*; here both halves are in the conditional, so *bih* appears twice.	1
**The pairs to keep:** *ako* goes with *ću* or the present, *da* and *kad bih* go with *bih*. *Ako imam milijun, kupio bih brod* mixes the two and is wrong.	1
**A comma** separates the two halves when the condition comes first — and it usually does.	1
**Careful with da.** In front of a dream it means *if*; after *znam, mislim, kažem* it is the ordinary *that*. Grammar 20 sorts those out.	1
**Now you write them.** [Ako] imam vremena, doći ću. [Da] imam vremena, došao bih. [Kad] bih imao milijun, kupio bih brod.	1
Real or unreal?	2
Sorting conditions by whether they can happen. *Ako* with a future or present in the other half is a real possibility. *Da* or *kad bih* with a conditional in the other half is a dream — something that is not true now.	1
*ako* … future → possible. *da / kad bih* … conditional → a dream.	1
MOGUĆE (ako)	14
SAN (da, kad bih)	14
Could it really happen, or is it a daydream?	2
ako or da?	2
Choosing the *if* from the other half of the sentence. If the other half is in the future or the present, the condition is real and takes *ako*. If it is in the conditional (*bih, bi, bismo*), the condition is a dream and takes *da*.	1
future / present → *ako*; conditional → *da*.	1
"The second half tells you which ""if"" the sentence needs."	2
Finish the condition	1
One word opens the condition. Read the other half first: a future, a present or an order means a real condition and *ako*; a conditional means a dream and *da*. The bracket confirms it.	1
future, present, order → *Ako*; conditional → *Da*.	1
One word — and it must agree with the half that follows.	1
___ imam vremena, doći ću. (possible)	1
___ imam vremena, došao bih. (a dream)	1
___ je lijepo, idemo na rijeku. (possible)	1
___ je more toplo, plivali bismo. (a dream)	1
___ pada kiša, ostat ću doma. (possible)	1
___ imam brod, putovala bih. (a dream)	1
___ dođeš u osam, idemo u kino. (possible)	1
___ znam kuhati, kuhao bih svaki dan. (a dream)	1
___ bih imao vremena, došao bih. (a dream)	1
___ bismo bili bogati, kupili bismo vilu. (a dream)	1
From da to kad bih	1
The same dream said the other way. *Da* + present becomes *kad* + conditional: *da imam → kad bih imao / imala*, *da smo → kad bismo bili*. The second half stays as it is. Both genders are accepted where the speaker is *ja*.	1
*da imam* → *kad bih imao / imala*; *da smo* → *kad bismo bili*.	1
Rewrite the dream with *kad bih*.	1
Make it softer	2
You make a request more polite with the conditional. *Možete li…?* becomes *Biste li mogli…?*, and *Možeš li…?* becomes *Bi li mogao…?* or *Bi li mogla…?* The second verb stays in the infinitive. *Želim* becomes *Htio / Htjela bih*.	1
*Možete li…?* → *Biste li mogli…?*; *Želim* → *Htio / Htjela bih*.	2
Make it softer with the conditional.	2
Možeš li dodati sol? (a friend, a man) →	2
Možeš li dodati sol? (a friend, a woman) →	2
Build the dream	2
Whole sentences with the conditional and the two kinds of *if*. The helper takes the second place, *se* follows it, and a comma separates the condition from the other half.	1
Helper second, *se* after it; comma after the condition.	2
Build the dream.	1
Free production from English. The conditional is the participle plus *bih, bi, bismo, biste*; a real *if* is *ako* with the present, a dream is *da* + present or *kad bih*. Where the speaker's gender shows, both forms are accepted.	1
participle + helper; *ako* real, *da / kad bih* dream. Both genders accepted.	2
I would buy a boat.	1
We would travel all year.	2
She would stay at home.	2
I would like a coffee.	3
I wouldn't be afraid.	2
Would you come? (to a group)	2
Could you wait? (polite)	2
If it's sunny, we'll go to the sea.	1
If it rains, I'll stay at home.	2
If I had a million euros, I would buy a house.	1
If it were summer, we would swim.	2
They would come for lunch.	3
What would you do? (to a friend)	2
A closing summary. The conditional is the participle plus *bih, bi, bismo, biste*, always in the second place. *Ako* opens a real condition, *da* or *kad bih* a dream, and *Htio bih* or *Biste li mogli…?* make a request polite.	1
participle + *bih…*; *ako* real, *da / kad bih* dream; *Htio bih*, *Biste li mogli…?*	1
**Bravo.** You can now dream out loud, set a condition in front of the dream, and ask for anything in the politest Croatian there is.	1
And you did it with a few rules: **participle + bih, bi, bismo, biste**, **the helper in second place**, **ako for what can happen, da and kad bih for dreams**.	1
**Next up:** Practice 18 spends a million euros and plans the perfect day, and Test 18 checks the whole level. Then Lesson 19: every verb has a twin — *pisati* and *napisati*.	1
Verbal Aspect (Glagolski vid)	1
The rule: is the action finished?	1
The reference page for aspect. The imperfective twin (*pisati*) shows an activity in progress, lasting or repeated; the perfective twin (*napisati*) shows one finished action. Pairs are made with a prefix (*na-, po-, pro-*) or by changing the ending (*kupovati / kupiti, završavati / završiti*).	1
Imperfective *pisati*: in progress, lasting, repeated. Perfective *napisati*: one finished action.	1
Every Croatian verb answers one question: *is the action seen as finished?*	1
**The two aspects.** *Nesvršeni* (imperfective) — an activity in progress, lasting or repeated: *pisati* (to be writing, to write regularly). *Svršeni* (perfective) — one finished action with a result: *napisati* (to get it written).	1
**How the pairs are made.**	1
tab: How | Imperfective | Perfective	1
tab: prefix na- | pisati, učiti, crtati | **na**pisati, **na**učiti, **na**crtati	1
tab: prefix po- | piti, jesti, gledati, slati | **po**piti, **po**jesti, **po**gledati, **po**slati	1
tab: prefix pro-, s-, o- | čitati, kuhati, prati | **pro**čitati, **s**kuhati, **o**prati	1
tab: a longer / shorter ending | kupovati, završavati, odgovarati | kup**iti**, završ**iti**, odgovor**iti**	1
tab: different words | raditi, počinjati | napraviti, početi	1
**Where each twin is used.** The imperfective is normal in the present (*Pijem kavu* — right now) and with *cijeli dan, dugo, svaki dan, polako, često*. The perfective is normal in the past and future for finished actions (*Popio sam kavu. Napisat ću pismo.*), with *napokon, odmah, već, za dvije minute*. A perfective verb does not describe what is happening right now.	1
**The homework question.** *Jesi li **pisao / pisala** zadaću?* — did you work on your homework? *Jesi li **napisao / napisala** zadaću?* — is it finished? One prefix, two different questions.	1
**Now you write them.** Cijelo poslijepodne sam [pisao] pismo. Napokon sam ga [napisao]. Svaki dan [pijem] kavu. Odmah ju je [popio].	1
Match the twins	1
Each imperfective verb beside its perfective twin. Most add a prefix; *kupovati, završavati, odgovarati, počinjati, nastavljati* change the ending instead, and *početi* looks shorter than its twin.	1
Prefix pairs (*pisati → napisati*) and ending pairs (*kupovati → kupiti, završavati → završiti*).	1
"Pair the twins — process with its ""done"" version."	1
napisati	4
pojesti	4
pročitati	4
kupiti	4
poslati	4
skuhati	4
završiti	1
odgovoriti	1
početi	2
nastaviti	2
Type the twin	3
You type the perfective twin of each imperfective verb. Most take a prefix — *na-, po-, pro-, s-, o-* — and keep the rest; the ending pairs shorten the verb: *kupovati → kupiti, završavati → završiti, odgovarati → odgovoriti, nastavljati → nastaviti*.	1
prefix pairs (*napisati, popiti, skuhati*) and ending pairs (*kupiti, završiti, odgovoriti*).	1
Type the perfective twin.	2
Pick the twin	3
Choosing the twin that fits the context. Duration and repetition (*cijelu večer, svaki dan, dugo*) take the imperfective; one finished action (*cijelu knjigu, napokon, za pet minuta*) takes the perfective. A plan for one finished action in the future also takes the perfective: *Sutra ću kupiti poklon.*	1
*cijelu večer, dugo* → imperfective; *napokon, za pet minuta, cijelu knjigu* → perfective.	1
Choose the right twin.	1
Signal words	1
Sorting time words by the twin they go with. Words for duration and repetition — *cijeli dan, dugo, svaki dan, polako, često* — go with the imperfective. Words for one finished action — *napokon, odmah, već, za dvije minute* — go with the perfective.	1
Duration, repetition → imperfective. *napokon, odmah, već, za…* → perfective.	1
PROCESS (imperfective)	8
DONE (perfective)	8
Which signal word goes with which twin?	1
Process or result?	2
You type the right twin in the past tense. The bracket gives both infinitives and the speaker; the time words decide: duration and repetition take the imperfective, one finished action the perfective. The participle takes the speaker's gender.	1
Duration → imperfective participle; finished → perfective participle. Gender from the bracket.	1
Type the participle of the right twin.	2
Cijelo poslijepodne sam ___ pismo. (pisati / napisati, a man)	2
Napokon sam ___ pismo. (pisati / napisati, a woman)	2
Svaki dan sam ___ kruh. (kupovati / kupiti, a man)	1
Jesi li ___ zadaću? (pisati / napisati, to a boy)	1
The rule: when the prefix isn't just aspect	1
The second rule. Some prefixes add only *finished* (*pisati → napisati*); others change the meaning, and the result is a new verb: *potpisati* (to sign), *prepisati* (to copy out), *zapisati* (to note down), *opisati* (to describe). The aspect also changes what an order asks for: *Pij!* or *Popij!*	1
*napisati* = finished; *potpisati, prepisati, zapisati, opisati* = new verbs. *Pij!* vs. *Popij!*	1
*Pisati → napisati* only adds *finished*. Many other prefixes do more: **they change the meaning**, and the new verb is a different word, not a twin.	1
tab: Base | With prefix | Meaning	1
tab: pisati (write) | **na**pisati | write and finish — only aspect	1
tab: pisati (write) | **pot**pisati | to sign	1
tab: pisati (write) | **pre**pisati | to copy out	1
tab: pisati (write) | **za**pisati | to note down	1
tab: pisati (write) | **o**pisati | to describe	1
**The test is the English.** If the translation stays the same and only *finished* is added, it is a twin. If the translation changes, it is a new verb.	1
**Aspect in orders.** ***Pij** vodu!* — drink water (as a habit, or go on drinking). ***Popij** vodu!* — drink it up, now. Both are correct; they ask for different things.	1
**After nemoj, use the imperfective:** *Nemoj **pisati**! Nemoj **jesti** kolač!* It works even for a single action.	1
**Now you write them.** Nemoj [pisati]! Svaki dan [čitam]. Napokon sam [pročitao] knjigu.	1
Twin or new verb?	2
Sorting prefixed verbs by what the prefix does. If it only adds *finished* and the English stays the same, the verb is a twin (*napisati, pročitati, popiti*). If the English changes, it is a new verb (*potpisati* — to sign, *opisati* — to describe).	1
Same meaning + finished → twin. New meaning → new verb.	2
TWIN (same meaning)	16
NEW VERB (new meaning)	10
"Does the prefix only add ""finished"", or does it change the meaning?"	2
Tap the prefix	3
One tap puts a prefix in front of *-pisati* and gives the verb its meaning. *Na-* only finishes the writing, *pot-* makes it a signature, *pre-* a copy, *za-* a note, and *o-* a description. The English line tells you which one.	1
*na-* finish, *pot-* sign, *pre-* copy, *za-* note down, *o-* describe.	1
English above, Croatian below. One tap adds the prefix.	1
I finally finished writing the letter.	4
Please sign here.	1
The pupils copied the text from the book.	1
Note down my number!	1
Can you describe your house?	1
Mum signed the document.	1
Ana finished her homework in five minutes.	1
Marko copied his homework from Ivan!	1
I noted down the address in my notebook.	1
In the letter he described the sea and the beach.	1
I didn't sign the postcard.	1
Petra noted down all the words in her notebook.	1
Which prefix?	2
Choosing the prefixed verb from its meaning. All five come from *pisati*, so the prefix alone carries the difference: *potpisati* signs, *zapisati* notes down, *opisati* describes, *prepisati* copies, and *napisati* finishes writing.	1
*potpisati* sign, *zapisati* note down, *opisati* describe, *prepisati* copy, *napisati* finish.	1
One base verb, five jobs. Pick the prefix the meaning needs.	2
to sign a contract	1
to write a letter and finish it	1
to note down a number	2
to describe a city	2
to copy out the text	1
to sign the postcard	1
to describe your family	2
to note down the address	1
Which command?	2
Choosing the order that asks for the right thing. The imperfective order asks for an activity or a habit (*Pij vodu svaki dan!*); the perfective asks for one finished action, now (*Popij vodu!*). After *nemoj* the verb is an imperfective infinitive.	1
habit or activity → *Pij!*; one finished action now → *Popij!*; *Nemoj pisati!*	1
Process or result — which one is the speaker asking for?	2
Drink up your water, now!	1
Drink water every day, it's healthy.	1
Read the whole book — all of it!	2
Read a bit every evening.	2
Don't write! (gently)	2
Eat up the soup!	2
Cook every day, not only on Sundays!	1
Send the letter today!	2
Don't eat the cake! (gently)	1
Finish your homework!	2
Sentences with both aspects, built from tiles. The imperfective goes with *polako, svaki dan, tri dana*; the perfective with *odmah, napokon, sada*. *Je, sam* take the second place, and a comma comes before *a* and *ali*.	1
imperfective with *polako, svaki dan*; perfective with *odmah, napokon, sada*.	1
Free production from English. Something lasting or repeated takes the imperfective, one finished action the perfective, and the participle shows the speaker's gender. Where the speaker is *I*, both forms are accepted.	2
Lasting → imperfective; finished → perfective. Both genders accepted for *I*.	2
I was writing a letter all afternoon.	2
He drank up his coffee at once.	2
She read the book in one day.	2
I drink coffee every day.	2
Grandma has cooked the soup.	1
The film started at eight.	2
Sign here, please. (polite)	2
Note down my number! (to a friend)	2
Describe your house! (to a friend)	1
Drink up your water! (to a friend)	2
Don't eat the cake! (to a friend)	2
Have you finished your homework? (to a girl)	1
We finished the task.	2
A closing summary. The imperfective twin describes an activity that lasts or repeats, the perfective twin one finished action; prefixes make most pairs, and some prefixes create new verbs such as *potpisati* and *opisati*.	1
Imperfective: lasting, repeated. Perfective: finished. *potpisati, opisati* = new verbs.	1
**Bravo.** You can now say not only what happened, but how you see it: going on, or done.	1
And you did it with a few rules: **the imperfective for activity, duration and habit**, **the perfective for one finished action**, **the time words show which one fits**, and **a prefix can finish a verb or change its meaning**.	1
**Next up:** Practice 19 reads a letter and a homework interrogation, and Test 19 checks the whole level. Then Lesson 20, the grand finale: *jer, kad, ako, dok, iako, koji*.	1
Complex Sentences	1
The rule: all together	1
The reference page for joined sentences. *Jer / zato što, kad, ako, dok, iako* join two events; the part with the connector gets a comma when it comes first; short words take the second place after the connector; and *koji* agrees with its noun and takes the case its own sentence needs.	1
*jer, kad, ako, dok, iako*; comma when that part is first; *jer je*; *koji / koja / koje / koju*.	1
The last grammar page — where everything you have learned works together.	1
tab: Meaning | Connector | Example	2
tab: reason | jer, zato što | Ostajem doma **jer** pada kiša.	1
tab: time | kad | **Kad** dođeš, zovi me.	1
tab: condition | ako | **Ako** je sunčano, idemo na rijeku.	2
tab: at the same time | dok | **Dok** ja kuham, ti biraš film.	1
tab: contrast | iako | **Iako** je spor, vlak je ugodan.	1
**The comma.** When the connector part comes *first*, put a comma after it: *Ako pada kiša**,** ostat ćemo doma.* When it comes second, no comma is needed before *kad* and *ako*; before *jer* and *iako* a comma is common.	1
**Short words after the connector.** The connector counts as the first word, so *je, sam, ću, ga, se* come right after it: *jer **je** dan lijep, kad **sam** bila mala, ako **ga** vidiš*.	1
**koji agrees like an adjective.** *grad **koji** je star, pjesma **koja** je lijepa, more **koje** je toplo, knjiga **koju** čitam* — the last one is the target of *čitam*, so **-a → -u**.	1
**The whole course in one sentence:** *Kava je dobra.* → *Kava je dobra i topla.* → *Je li kava dobra?* → *Kava nije dobra.* → *Pijem kavu **koja** je dobra **jer** je dan lijep.*	1
**Now you write them.** Kava [je] dobra. Kava je dobra [i] topla. [Je] li kava dobra? Kava [nije] dobra. Pijem kavu [koja] je dobra [jer] je dan lijep.	1
Pick the connector	3
Choosing the connector that fits both halves. A reason takes *jer*, a condition *ako*, a contrast *iako*, a time *kad*, two things at once *dok*. *Kao* cannot introduce a sentence, so it is never the answer here.	1
reason *jer*, condition *ako*, contrast *iako*, time *kad*, at once *dok*.	1
koji, koja, koje or koju?	1
Choosing the form of *koji* in the nominative and the target form. The noun in front decides gender and number; the verb after it decides the case. Only the feminine singular has a separate target form, *koju*; masculine things and neuter nouns look the same in both jobs.	1
m. *koji*, f. *koja*, n. *koje*; f. target *koju*.	1
Match the relative pronoun.	1
Join with a connector	1
You join two sentences with the connector in brackets. Put the connector in front of its own sentence and keep the word order of both halves; when the connector part comes first, a comma follows it. Both orders are accepted where they make sense.	1
connector + its sentence; comma when that part is first.	1
Join with the connector in brackets.	1
The rule: da — the connector that carries everything	1
The second rule. *Da* joins a sentence to a verb of saying, thinking or knowing: *Znam da je Zagreb velik.* There is no comma before it and no change of tense. *Da* + present also replaces the infinitive when the subjects are different: *Želim da dođeš.* And *koji* now takes every case.	1
*Znam da…, Mislim da…, Rekao je da…* No comma, no tense shift. *Želim da dođeš.* *koji* in all cases.	1
*Jer, kad, ako, dok, iako* join two **events**. ***Da*** joins a sentence to a **verb of saying, thinking, knowing or hoping** — and it is the most frequent connector in Croatian.	1
tab: Verb | Example | English	1
tab: znati | Znam **da** je Zagreb velik. | I know that Zagreb is big.	1
tab: misliti | Mislim **da** ćeš doći. | I think you'll come.	1
tab: reći | Rekao je **da** nema vremena. / Rekla je **da** nema vremena. | He / She said he / she had no time.	1
tab: nadati se | Nadam se **da** je sve u redu. | I hope everything's fine.	1
**No tense shift.** English turns *He said: I am tired* into *He said he **was** tired*. Croatian keeps the original tense: *Rekao je **da je** umoran.*	1
**Da + present when the subjects are different.** *Želim **doći**.* = I want to come (myself). *Želim **da dođeš**.* = I want *you* to come.	1
**koji in the other cases.** It takes the case its own sentence needs, with the adjective endings: *čovjek **kojeg** čekam* (target, a person), *grad u **kojem** živim* (place), *vlak **kojim** putujem* (means), *prijatelj **kojem** pišem* (receiver), *kuća u **kojoj** živim* (place, feminine).	1
**Now you write them.** Film [koji] traje tri sata. Knjiga [koju] čitam. Grad u [kojem] živim.	1
Choosing between *da* and the other connectors. After *znam, mislim, nadam se, rekao je* the sentence that follows is joined with *da*. A reason takes *jer*, a condition *ako*, a contrast *iako*. *Da* never means *because*.	1
after *znam, mislim, nadam se, rekao je* → *da*; reason *jer*; condition *ako*.	1
An event, a reason, a condition — or a reported thought?	1
koji in the right case	2
Choosing the case of *koji* from its own sentence. A person as the target takes *kojeg*, a place after *u* or *na* takes *kojem* (or *kojoj* for a feminine noun), a vehicle takes *kojim*, and a receiver *kojem*. Ask the question inside the *koji* sentence: *koga? gdje? čime? komu?*	1
person target *kojeg*; place *u kojem / u kojoj*; means *kojim*; receiver *kojem*.	1
The relative pronoun takes the case its own clause needs.	2
Which case is koji?	1
Sorting *koji* forms by case. The naming form (*koji, koja, koje*) is the subject of its sentence; the target has *kojeg* for a person and *koju* for a feminine noun; *kojem / kojoj* after *u* is a place; *kojim* is company or means.	1
naming *koji / koja*; target *kojeg / koju*; place *u kojem / u kojoj*; means *kojim*.	1
SUBJECT	5
TARGET	5
PLACE	5
MEANS	5
What job does *koji* do in its own sentence?	1
One tap finishes *koj___* in the case its own sentence needs. Subject: **-i** or **-a**. Target: **-eg** for a person, **-u** for a feminine noun. Place after *u*: **-em**, or **-oj** for a feminine noun. Means: **-im**, or **-om** for a feminine noun. A receiver takes **-em**.	1
subject **-i / -a**; target **-eg / -u**; place **-em / -oj**; means **-im / -om**; receiver **-em**.	1
English above, Croatian below. One tap finishes *koji*.	3
The film we're watching lasts three hours.	1
The book I'm reading is new.	4
That's the man I'm waiting for.	1
The town I live in is old.	3
The train I travel by is slow.	2
The house Grandma lives in is near the sea.	1
The song that is beautiful.	1
The friend I'm writing to lives in Split.	1
The brother I see every day.	2
The bus I take to work is always late.	1
The street with the post office is small.	1
The girl who is singing is my sister.	1
The coffee I'm drinking is strong.	1
People who live on the island have time.	1
The village we were in is small.	1
The pencil I write with is red.	1
Where do the short words go?	2
Choosing the sentence with the short words in the right place. After a connector — *jer, kad, ako, da, koji* — the short words *je, sam, ću, ga, se* come immediately after it, because the connector counts as the first word.	1
connector + short word: *jer je, da ćeš, kad sam, koji se*.	2
because the concert is on Saturday	1
I think you'll come	2
when I was little	2
if you see him	2
although it is late	1
he said he was tired	1
the man who is laughing	2
because I will be late	1
I hope it's fine	1
when I get back	2
Join it with da	1
You report a thought or a statement by joining the two halves with *da*. No comma before *da*, no change of tense, and the short words come right after it: *da je, da ćeš*. With a different subject, *želim* is followed by *da* + present.	1
*Znam da…, Mislim da ćeš…, Rekao je da…, Želim da dođeš.* No comma.	1
"Report the thought — join the halves with ""da""."	1
The final sentence	1
The last sentences of the course, built from tiles. Each joins at least two thoughts: *koji* after its noun, *da* after a verb of thinking, *jer, ako, iako* in front of their own half, and short words right after the connector.	1
*koji* after its noun; *da* after *mislim*; short words right after the connector.	1
The graduation sentences!	1
Free production from English, and the last step of the grammar. Join the halves with the right connector, put the short words right after it, use *da* after verbs of saying and thinking, and give *koji* the case its own sentence needs. Where the speaker's gender shows, both forms are accepted.	1
Connector + sentence; *da* after *mislim, znam*; *koji* in its case. Both genders accepted.	1
I'm learning Croatian because I love the sea.	2
If it's sunny, we're going to the beach.	2
Although the train is slow, it's pleasant.	1
While I'm cooking, you choose the film.	1
When you come, call me.	1
I know that Zagreb is big.	2
I think you'll come.	1
I hope everything is fine.	1
I want you to come.	1
He said he had no time.	1
The man I'm waiting for is late.	2
I've learned a language that sounds like music.	1
A closing summary of the grammar of the course. Two sentences become one with *jer, kad, ako, dok, iako* or *da*; the short words follow the connector; and *koji* attaches a sentence to a noun, in whatever case its own sentence needs.	1
*jer, kad, ako, dok, iako, da*; short words after the connector; *koji* in every case.	1
**Bravo.** You can now say why, when, if, although and *that* — and join a description to any noun with *koji*.	1
And you did it with the same rules you have used all course long: **short words take the second place**, **each noun takes the case its job needs**, and **the connector opens its own sentence**.	1
**Next up:** Practice 20 reads the summer you remember and Emma's essay, and the final test closes the course. Čestitamo!	1
Pick the right one — Lesson 1	1
Choose the word that correctly completes the sentence.	1
More je ___ | plavo | plav | plava	1
More je plavo. — true or false? | TRUE | FALSE	1
Sunce je hladno. — true or false? | FALSE | TRUE	1
Shopping & Your First Case: Feminine Accusative	1
A big day	1
This page introduces your first Croatian case in a single letter. A feminine noun ends in **-a** when it simply names something, but **-u** when it is the target of the verb: *Kava je dobra* becomes *Pijem kav**u***.	1
Your first case: **-a** names a thing, **-u** marks what the verb acts on. *Kava je dobra. Pijem kavu.*	1
Today is a big day. You're going shopping at a Croatian market — and on the way, you'll unlock the thing Croatian is famous for: **cases**.	1
Don't worry. Your first case changes exactly *one letter*. Watch:	1
*Kava je dobra.* — The coffee is good. *Pijem kav**u**.* — I'm drinking coffee.	1
When a feminine word (ending in **-a**) becomes the *target* of an action — the thing you drink, buy, or love — its **-a** turns into **-u**. That's the whole rule — and the two masculine words that end in **-a**, *tata* and *kolega*, swap the same way: *Čekam tat**u***. Let's go shopping.	1
A timed warm-up on the Lesson 4 connectors. ***i*** adds, ***a*** sets two halves side by side, ***ali*** twists against expectation, and ***jer*** gives the reason; a comma goes before *a* and *ali*.	1
Warm-up on Lesson 4: ***i*** adds, ***a*** contrasts, ***ali*** twists, ***jer*** gives the reason. Comma before *a* and *ali*.	1
Warm-up from Lesson 4 — tap the right connector before the timer runs out. Four buttons, four jobs: **i** adds, **a** contrasts, **ali** twists, **jer** explains.	1
Market words	1
Flashcards for a market trip. Words ending in **-a** are feminine and will swap that -a for **-u** the moment you buy or drink them, while *kruh*, *sok* and *sir* end in a consonant and stay exactly as they are.	1
Market words. The ones ending in **-a** will turn into **-u** when you buy or drink them; *kruh*, *sok* and *sir* stay the same.	1
Everything you need for a trip to the market. Notice how many end in **-a** — those are the ones today's rule is about. The last four don't, and that turns out to matter.	1
salad, lettuce	2
pie	8
tomato	11
shop	10
to buy	15
to need	6
to pay	14
Spot the pattern	1
Sorting by job, before anyone states the rule. If the word is merely being named it keeps **-a** (*Kava je dobra*); if a verb acts on it, the ending turns into **-u** (*Pijem kavu*). One word, two roles, two endings.	1
Sort by role: just named → **-a** (*Kava je dobra*), acted on by a verb → **-u** (*Pijem kavu*).	1
FORM -A	9
FORM -U	9
Is the word naming something, or is it the target of the action? Sort the sentences and see if you can feel the rule before anyone tells it to you.	1
The one-letter rule	1
The rule in plain words: a feminine **-a** becomes **-u** whenever the noun is the target of a verb such as *pijem*, *jedem*, *kupujem* or *trebam*. Things like *sok* and *kruh* do not change at all yet.	1
Feminine **-a** becomes **-u** after verbs like *pijem, jedem, kupujem, trebam*. *Sok* and *kruh* don't change.	1
You just discovered it yourself: **-a → -u** when the word is on the receiving end of the action. Grammarians call this the *accusative case* — you can just call it the target form.	1
**The whole rule in three rows.**	1
tab: On its own | As the target	1
tab: kava | Pijem kavu.	1
tab: riba | Kupujem ribu.	1
tab: knjiga | Čitam knjigu.	1
**Which words does it touch?** Only the ones ending in **-a**. *kruh, sok, sir* end in a consonant and simply don't move — which is why *Pijem sok* worked all the way back in Lesson 3 without anyone mentioning cases.	1
**Which verbs trigger it?** Any verb with a target: *pijem, jedem, kuham, kupujem, trebam, plaćam, volim, gledam*.	1
**Now you write them.** Kava je dobra, pijem [kavu]. Riba je svježa, kupujem [ribu]. Sok je hladan, pijem [sok].	1
One tap supplies the missing final letter. Ask what the noun is doing: naming takes **-a**, being acted on takes **-u**. Compare *Jabuk**a** je crvena* with *Jedem jabuk**u***.	1
Named: **-a**. Acted on: **-u**. *Jabuka je crvena. Jedem jabuku.*	1
English above, Croatian below. The word is waiting for its last letter — one tap. Naming takes **-a**, target takes **-u**. Read the pairs and the rule writes itself.	1
The apple is red.	2
Ana is buying fish.	2
Mom is cooking soup.	2
The salad is fresh.	2
I'm buying salad.	2
The pie is sweet.	2
I'm eating pie.	1
The cake is big.	2
Ana is paying for the cake.	2
I'm eating a pear.	1
The tomato is red.	3
I'm buying a tomato.	2
I'm eating a banana.	1
Transformation drill	2
You type the full target form yourself. Only the last letter moves: *voda → vod**u***, *kruška → krušk**u***. Nothing else shifts — no extra syllable, no changed consonant, diacritics stay put.	1
Type the target form. Only the last letter changes: *voda → vodu, kruška → krušku*.	1
Turn each word into its target form — type the whole new word.	1
banana →	2
Choosing between the naming and the target form. After a verb that acts on the noun, pick **-u**; for a subject sitting before *je*, pick **-a**. Watch the *kruh* and *sok* items — as targets they keep exactly the same shape.	1
After a verb that acts on it: **-u**. Before *je*: **-a**. *Kruh* and *sok* keep their shape.	1
Choose the correct form to complete the sentence.	1
Build your shopping sentences	1
Building whole sentences from tiles. Any noun in **-a** after *trebam*, *kupujem*, *volim* or *jedem* has to land on **-u**, and a comma comes before *a* and *ali*: *Mama kuha juhu, a ja jedem pitu*.	1
Nouns in **-a** after *trebam, kupujem, volim, jedem* end in **-u**. Comma before *a* and *ali*.	1
Arrange the tiles to build the sentence.	8
Asking a yes-or-no question: li	1
This page hands you the yes-or-no question. Verb first, then ***li***, then the rest: *Trebate **li** vrećicu?* With *biti* you use *jesi li* and *je li*, and you answer by repeating the verb — *Trebam* or *Ne trebam*.	1
Yes-or-no question: verb + ***li*** + the rest. *Trebate li vrećicu?* Answer with the verb: *Trebam* or *Ne trebam*.	1
A shop assistant is about to ask you something, so you need the one word that turns any statement into a question: **li**.	1
**The recipe: verb first, then *li*, then the rest.** Nothing else changes — no helper word, no new endings.	1
tab: Statement | Question	2
tab: Trebate vrećicu. | **Trebate li** vrećicu? — Do you need a bag?	1
tab: Čekaš prijatelja. | **Čekaš li** prijatelja? — Are you waiting for a friend?	1
tab: Kupuješ ribu. | **Kupuješ li** ribu? — Are you buying fish?	1
***li* leans, like *sam* and *je*.** It has no stress of its own, so it can never open a sentence and never stands alone — it always sits right behind the verb. That's the same clitic rule you met in Lesson 2, doing a second job.	1
**With *biti* the long forms come back.** Not *si li*, but ***jesi li***: *Jesi li umoran?* — Are you tired? And for *je*: ***Je li*** *film dobar?* — Is the film good?	1
**Answering: repeat the verb.** A bare *da* sounds abrupt in Croatian; the natural answer echoes the verb. *Trebate li vrećicu? — **Trebam**.* / *— **Ne trebam**.* Same with *biti*: *Jesi li umoran? — **Nisam**.*	1
**Now you write them.** Trebate [li] vrećicu? Kupuješ [li] ribu? [Jesi] li umoran?	1
That is the whole of *li*. Lesson 11 adds the other ways to ask — question words in full, and the *…, zar ne?* tag.	1
At the shop	2
A live shop conversation where you pick your replies. Everything you ask for is a target, so feminine words end in **-u** (*Trebam vod**u***), and the assistant's *Trebate li vrećicu?* is verb plus *li*.	1
Everything you ask for ends in **-u**: *Trebam vodu*. *Trebate li vrećicu?* is verb + *li*.	1
You walk into a small shop in Split. Choose your replies and do your first shopping in Croatian! Passive words: *odličnu* (excellent), *jednu* (one), *Vidimo se!* (See you!) — whole phrases for now.	1
Accusative sprint	1
A timed swap from naming form to target form. Only the final letter changes: *kava → kav**u***, *tržnica → tržnic**u***. Speed comes from trusting that one swap instead of rebuilding the word.	1
Against the clock: swap the last letter, *kava → kavu, tržnica → tržnicu*.	1
A word flashes in its naming form — tap its target form before it disappears! How many can you get?	1
Saturday at the market	1
Read the market scene, then answer. Let the endings guide you: the **-u** words (*kavu*, *pitu*, *jabuku*) are what Ana buys and consumes, while the **-a** words are the ones being described.	1
Read, then answer. The **-u** words are what Ana buys and eats; the **-a** words are only described.	1
Read the market scene, then answer the questions. Passive words: *gladan* (hungry), *žedan* (thirsty), *jak* (strong), *šaren* (colorful), *bira* (chooses), *račun* (bill).	1
The mixed final check on the whole lesson. One rule carries most of the points: a feminine **-a** turns into **-u** as the target of the verb, while *kruh* and *sok* stay untouched in every sentence.	1
The whole lesson, mixed. Main rule: feminine **-a → -u** after the verb; *kruh* and *sok* stay the same.	1
Final check! Score 80% to be ready for Vocabulary 5.	1
en: I need water and coffee.	1
I need	2
I buy	2
I love	2
en: I drink coffee.	1
en: Ana buys fish and salad.	1
A closing page with nothing to tap. What you now own is one swap — feminine **-a** to **-u** for whatever the verb acts on — plus the *li* question, built by putting the verb first and *li* right behind it.	1
What you now know: feminine **-a → -u** after the verb, and the yes-or-no question with *li*.	1
Čestitamo! You just learned your first Croatian case — and survived. One letter changed, a whole grammar door opened.	1
**Next up:** Vocabulary 5 fills the basket — food, shops and ten new verbs. Then Grammar 5 puts the adjective on the same leash (*crna kava → crnu kavu*) and teaches you how to say where you're *going*. Then Lesson 6 brings the same trick to masculine words — and explains why Croatian treats *people* differently from *things*.	1
In the City: Accusative for Living Things	1
Things vs. beings	1
A short read that opens the masculine accusative. After verbs like *vidim* and *čekam*, a masculine **living being** takes **-a** (*Vidim prijatelja*), while a **thing** stays exactly as it is (*Vidim tramvaj*). That single split is the whole lesson.	1
Masculine target: a **living being** takes **-a** (*Vidim prijatelja*), a **thing** stays (*Vidim tramvaj*).	1
Last lesson you mastered the *-a → -u* trick for feminine words. Today you take the accusative to the city — and discover something charming about Croatian: it treats *living beings* differently from *things*.	1
*Čekam tramvaj.* — I'm waiting for the tram. (no change!) *Čekam prijatelj**a**.* — I'm waiting for a friend. (new ending!)	1
Things stay the same. People and animals get **-a**. Let's catch that tram.	1
A timed warm-up on last lesson's feminine rule. A feminine noun in **-a** swaps it for **-u** when it is the target of the verb, so *kava* becomes *kavu* and *tržnica* becomes *tržnicu*. Tap fast and trust the ending.	1
Lesson 5 against the clock: feminine **-a → -u**. *kava → kavu, tržnica → tržnicu*.	1
Accusative warm-up from Lesson 5 — tap the target form before it disappears.	1
City words	1
New city vocabulary, grouped on purpose. Vehicles and places are **things**, so they never change as a target; people and animals are **living**, so they will take **-a**, as in *konobar* to *konobara*. Learn each word together with its group.	1
City words in groups. Things never change as targets; people and animals take **-a**: *konobar → konobara*.	1
The city vocabulary — plus seven new verbs for urban life. Notice the two groups: vehicles and places on one side, people and animals on the other. Today that line matters.	1
traffic	10
number	6
traffic light	6
monument	6
man, person	1
to wait for	4
to see	9
to hear	11
to call	7
to drive	8
to chat	4
to photograph	4
Things vs. living beings	1
The rule in one line: a masculine **being** adds **-a**, a masculine **thing** adds nothing. Two spellings to notice right now — *pas* squeezes to **psa** and *policajac* to **policajca**, both losing a vowel before the ending.	1
Masculine being **+a**, masculine thing unchanged. Watch *pas → psa*, *policajac → policajca*.	1
Watch the difference:	1
**Things stay put, beings take -a.**	1
tab: On its own | As the target | Why	1
tab: tramvaj | Vidim tramvaj. | a thing — no change	1
tab: prijatelj | Vidim prijatelja. | a being — add **-a**	1
tab: čovjek | Vidim čovjeka. | a being — add **-a**	1
**Two quirks to meet today.** *pas* squeezes into **psa** (*Gledam psa*), and *policajac* drops a letter: **policajca**.	1
**Now you write them.** Vidim [tramvaj]. Vidim [prijatelja]. Gledam [psa].	1
Does it change?	3
A sorting drill on animacy. Ask one question about each masculine word: can it be alive? People and animals go to the changing side and take **-a** (*susjeda*, *psa*); vehicles, bridges and buildings stay untouched.	1
Can it be alive? Yes → **-a** (*susjeda, psa*). No → no change.	1
MIJENJA SE (živo)	9
OSTAJE ISTO (stvar)	11
"You see all of these on the street. Does the word change after ""vidim"", or stay exactly as it is?"	1
One tap chooses the ending. A living being takes **-a** (*Čekam konobara*); a thing takes nothing at all, so the dash is a real answer (*Čekam autobus*). The verb is identical either way — only the noun decides.	1
Being: **-a** (*Čekam konobara*). Thing: the dash (*Čekam autobus*).	1
"English above, Croatian below. One tap: a living being takes **-a**, a thing takes nothing at all. The **—** button means ""no ending""."	1
I see the tram.	1
I see a friend.	1
I'm waiting for the bus.	1
I'm waiting for the waiter.	1
I'm photographing my neighbour.	1
Ana is calling the waiter.	1
I see my neighbour.	1
I'm looking at the square.	1
Marko is looking at a friend.	1
Here you type the target form yourself. Beings gain **-a** (*doktor* to *doktora*), things are typed back unchanged (*most* stays *most*), *pas* becomes **psa**, and feminine words still turn their **-a** into **-u**.	1
Type the target: *doktor → doktora*, *most → most*, *pas → psa*, feminine **-a → -u**.	1
Type the target form — remember, only living beings change.	1
Pick between the plain word and the **-a** form. One trap runs through the whole drill: a thing like *tramvaj* never becomes *tramvaja*, however natural that extra letter looks standing next to *vidim*.	1
Plain or **-a**? A thing never adds it: *Vidim tramvaj*, not *tramvaja*.	1
Choose the correct form.	5
Build the street scene	1
You build whole sentences from tiles. Order stays subject, verb, target, and the target carries the ending: *Ana vidi prijatelja* but *Čekam tramvaj*. The comma still goes before *ali* and *a*; before *jer* Croatian usually leaves it out.	1
Subject, verb, target: *Ana vidi prijatelja*, *Čekam tramvaj*. Comma before *a* and *ali*, usually not before *jer*.	1
At the stop	1
A street conversation where you choose each reply. Every answer keeps the accusative alive — *čekam autobus* for a thing, *čekam prijatelja* for a person. Read the other speaker's line first; it usually contains the word you need.	1
Keep the accusative: *čekam autobus*, *čekam prijatelja*. The other line often has the word you need.	1
You're waiting at a stop in Zagreb. A friendly local starts a chat — choose your replies. Passive words: *Čekate li?* (Are you waiting?), *pun* (full), *žurim* (I'm in a hurry), *jedan* (one).	1
Super! Sretan put!	1
Living-beings sprint	1
A timed sprint over living beings only, so the answer always ends in **-a**. What the clock really tests is the two squeezers: *pas* becomes **psa** and *policajac* becomes **policajca**. The rest simply add the letter.	1
Living beings only, so always **-a**. Watch *pas → psa*, *policajac → policajca*.	1
A person or animal flashes in its naming form — tap the target form before it disappears.	1
A street in Zagreb	1
Read the street scene, then answer. Look for who is the target of each verb, because the **-a** marks it: *vidi policajca*, *zove turista*. A word standing after the verb without **-a** is a thing, like *spomenik*.	1
Read, then answer. **-a** marks the person acted on: *vidi policajca*. No **-a** after the verb means a thing.	1
Read the street scene, then answer the questions. Passive words: *golub* (pigeon), *žuri* (hurries).	1
The mixed check on this whole lesson. One sentence covers most of it: a masculine being takes **-a**, a masculine thing stays put, and a feminine **-a** turns into **-u**. Watch *pas* to *psa* and *policajac* to *policajca*.	1
The whole lesson: being **-a**, thing unchanged, feminine **-a → -u**. *pas → psa*.	1
Final check! Score 80% to be ready for Vocabulary 6.	1
en: I am waiting for a friend.	1
en: I see a man and a dog.	3
A closing page with no task. It marks the moment your accusative singular is complete — feminine **-u**, masculine being **-a**, masculine thing and neuter unchanged — and points at what the next pages add.	1
Your accusative singular is complete: feminine **-u**, masculine being **-a**, thing and neuter unchanged.	1
Bravo! You now handle the accusative for *everything* in the singular — things, food, people and pets.	1
**Next up:** Vocabulary 6 brings the city in full — people, vehicles, places. Then Grammar 6 finishes the map and then hands you the seven little words that stop your Croatian sounding like a robot — *me, te, ga, je, nas, vas, ih*. After that, Lesson 7 goes to school and teaches you to talk about more than one of anything.	1
At School: The Plural	1
The world multiplies	1
Your opening map for Lesson 7. From here on nouns come in groups — *knjiga* becomes *knjige*, *učenik* becomes *učenici* — and the present tense gets its **we**, **you all** and **they** forms in full — you have met a few of them in the practice texts already.	1
Nouns go plural (*knjiga → knjige, učenik → učenici*), and verbs get *we, you all, they*.	1
One coffee, one friend, one tram — so far, everything came one at a time. Today the world multiplies: *knjiga* becomes *knjige*, *učenik* becomes *učenici*, and verbs get their **we**, **you all** and **they** forms — the ones you have been reading in the practice texts.	1
We'll practice in the liveliest place possible: a Croatian school full of children and songs.	1
A timed warm-up on the **singular target form** from Lesson 6. Feminine swaps *-a* for *-u* (*kava* to *kavu*), masculine living words add *-a* (*pas* to *psa*), and non-living masculine words stay exactly as they are (*most*).	1
Lesson 6 against the clock: *kava → kavu*, *pas → psa*, *most → most*.	1
City warm-up from Lesson 6 — tap the correct target form. Careful: things don't change at all.	1
School words	1
New school vocabulary, all shown in the **singular**. Note each word's gender from its ending — *-a* is feminine (*škola*), a consonant is masculine (*ispit*), *-o* or *-e* is neuter (*pismo*) — because gender decides the plural you build next.	1
School words in the singular. Note the gender: *škola* (f), *ispit* (m), *pismo* (n).	1
School vocabulary — plus three new verbs for playing and singing. Every noun is shown in the singular; making it plural is today's job.	1
homework	9
grade	9
exam	13
break	10
piano	5
ball	13
to sing	9
to play (a game)	3
to play (an instrument)	3
One becomes many	1
Singular meets plural. Listen for the three endings: masculine **-i**, feminine **-e**, neuter **-a**. Two traps here — *k* softens to *c* (*dječak* to *dječaci*), and short words like *stol* pad out to *stolovi*.	1
Plural: masculine **-i**, feminine **-e**, neuter **-a**. *dječak → dječaci*, *stol → stolovi*.	1
Match each singular with its plural. Listen for the new ending!	1
knjige	2
učenici	2
stolovi	2
pjesme	2
dječaci	2
djevojčice	1
djeca	2
učiteljice	1
olovke	2
udžbenici	1
prozori	2
pisma	2
The plural patterns	1
The core rule of the whole lesson on one page: **-i / -e / -a**, the same trio you already use for adjectives. Learn it here and *knjige*, *učenici* and *pisma* stop being three problems and become one.	1
**-i / -e / -a**, the same trio as the adjectives: *učenici, knjige, pisma*.	1
Three genders, three endings — and adjectives use the very same trio in the plural, as you'll see further down this page:	1
**One ending per gender.**	1
tab: Gender | Ending | One | More than one	1
tab: masculine | **-i** | učenik | učenici	1
tab: masculine | **-i** | dječak | dječaci	1
tab: masculine (short) | **-ovi** | stol | stolovi	1
tab: feminine | **-e** | knjiga | knjige	1
tab: feminine | **-e** | pjesma | pjesme	1
tab: neuter | **-a** | pismo | pisma	1
**Two exceptions today.** *dijete* → **djeca** (children) and *brat* → **braća** (brothers). Some words are too important to follow rules.	1
Sort the plurals	1
Work backwards from a plural to its gender. An **-i** word is masculine (*prozori*), **-e** is feminine (*olovke*), **-a** is neuter (*jutra*). Watch *stolovi* and *gradovi* — the *-ov-* padding is still just the masculine *-i*.	1
From plural to gender: **-i** m (*prozori*), **-e** f (*olovke*), **-a** n (*jutra*). *stolovi* is still **-i**.	1
-I (m.)	9
-E (f.)	9
-A (n.)	6
Sort the plural words by their ending pattern.	1
One tap fills the plural ending. Masculine takes **-i**, feminine **-e**, neuter **-a**; the adjective in the sentence agrees with the same trio, so *Knjige su nove* but *Pisma su duga*.	1
m **-i**, f **-e**, n **-a**, and the adjective agrees: *Knjige su nove. Pisma su duga.*	1
English above, Croatian below. The word is waiting for its plural ending — one tap. Masculine takes **-i**, feminine **-e**, neuter **-a**.	1
Verbs go plural too	1
The other half of Lesson 7: the plural persons. **mi** is always **-mo** and **vi** is always **-te**, for every verb in the language. Only **oni** depends on the verb family — *čitaju*, *uče*, *jedu*.	1
**mi -mo**, **vi -te** for every verb. *oni* depends on the verb: *čitaju, uče, jedu*.	1
The endings you know (*-m, -š, —*) get three big siblings:	1
**mi and vi: one ending each, for every verb.** **mi** (we) always takes **-mo**, **vi** (you all) always takes **-te**. No exceptions, no families, nothing to decide.	1
tab: Person | čitati | učiti | jesti	1
tab: mi | čitamo | učimo | jedemo	1
tab: vi | čitate | učite | jedete	1
tab: oni | čitaju | uče | jedu	1
**oni** (they) is the only one that looks at the verb family — the same three families from Lesson 3: *čita**ju*** (-am) · *uč**e*** (-im) · *jed**u*** (-em). Grammar 7 gives you the full picture; here just notice that *they* is the fussy one.	1
**And adjectives follow their nouns.** *Učenici su mlad**i**. Knjige su nov**e**.*	1
**Now you write them.** Mi [čitamo] knjige. Vi [učite] hrvatski. Oni [jedu] kruh.	1
You pick the person ending. **-mo** means *we*, **-te** means *you all*, **-ju** means *they* — and *-ju* is safe here only because every verb on this page is an *-am* verb like *pjevati*.	1
Who is doing it? **-mo** is us, **-te** is you all, **-ju** is them. Every verb here is from the **-am** family, where *oni* really does end in **-ju**; the other two families get their own page in Grammar 7.	1
We are waiting for the break.	1
Match the verb to its subject. Look at the subject first: a plural noun like *dječaci* needs the *they* form, and *djeca* counts as **they** even though it ends in *-a* — *Djeca pjevaju*.	1
Subject first. *djeca* is *they*: *Djeca pjevaju*.	1
Make it plural	1
Type the plural yourself, so spelling counts. Remember the two changes the ear notices: *k* becomes *c* before *-i* (*učenik* to *učenici*), and one-syllable masculines grow *-ov-* (*stol* to *stolovi*). *Dijete* follows no rule at all: *djeca*.	1
Type the plural: *učenik → učenici*, *stol → stolovi*, *dijete → djeca*.	1
Type the plural.	1
Build the classroom	1
Build whole sentences, so every part has to agree. A plural noun needs a plural adjective **and** a plural verb: *Učenici su mladi*, *Knjige su nove*, *Djeca čitaju knjige*.	1
Plural noun, plural adjective, plural verb: *Učenici su mladi. Djeca čitaju knjige.*	1
Morning at school	1
A real conversation, so your reply has to fit the question. Most answers here are plural — pick the form that matches who is doing it: *Dobro **smo***, *Oni **igraju** nogomet*.	1
Mostly plural answers: *Dobro smo. Oni igraju nogomet.*	1
The first bell has gone and your new class is settling in. Choose your replies. Passive words: *Kako ste?* (How are you?), *počinjemo* (we're starting), *otvorite* (open), *uvijek* (always).	1
Pair each singular with its plural. Mixed in are the irregulars you cannot derive: *dijete* to **djeca** and *brat* to **braća**. Learn those two as words, not as patterns.	1
Singular with plural. Irregulars to learn as words: *dijete → djeca*, *brat → braća*.	1
Find the pairs — singular and its plural.	1
braća	1
A day in the classroom	1
Read the scene, then answer. Nearly every noun is plural, so let the endings guide you — *knjige* and *djevojčice* are feminine **-e**, *stolovi* and *prozori* masculine **-i**, and the adjectives copy them.	1
Read, then answer. *knjige* f **-e**, *stolovi* m **-i**; adjectives copy them.	1
Read the classroom scene, then answer the questions. Passive words: *zidovi* (walls), *žuti* (yellow, plural).	1
The end-of-lesson check, mixing everything from Lesson 7: the three plural endings, the *-ovi* words, the irregular *djeca*, and the plural verb persons **-mo**, **-te**, **-ju/-u**.	1
Everything: **-i/-e/-a**, *-ovi*, *djeca*, and **-mo, -te, -ju/-u**.	1
Final check! Score 80% to be ready for Vocabulary 7.	1
en: The children sing songs.	1
en: The windows are big.	3
A wrap-up of what you can now say: any noun in the plural, any adjective agreeing with it, and the present tense in all six persons. Grammar 7 next turns those plurals into targets.	1
Plural nouns, agreeing adjectives, all six persons of the present.	1
Sjajno! You can now talk about many things at once — and your verbs finally have their full present-tense family.	1
**Next up:** Vocabulary 7 collects the school words and every plural pattern. Then Grammar 7 turns all those plurals into targets — and hands you a piece of good news: in the plural, the living/non-living split from Lesson 6 simply disappears. Then Lesson 8 looks ahead: summer plans, travel, and the future tense.	1
Summer Plans: The Future Tense	1
Summer is coming!	1
Your first look at the Croatian future, and it needs no new endings. A short helper word plus the dictionary form of the verb does the whole job: *ću* plus *plivati* gives **Plivat ću** — *I will swim*.	1
Future = helper + dictionary form: *ću* + *plivati* → **Plivat ću** (*I will swim*).	1
Summer is coming — *ljeto dolazi!* Time to make plans: the sea, ice cream, swimming every day...	1
"The Croatian future is refreshingly simple: take a tiny helper word (**ću** — ""I will""), add the verb's dictionary form, and you're done. *Plivat ću!* — I will swim! No new endings to learn — and you have already met the helper's negative twin, *neću*, back in Grammar 3."	1
A timed warm-up on the plurals from Lesson 7, before the future arrives. Most masculine nouns add *-i* (*prozor → prozori*), feminine *-a* swaps to *-e* (*knjiga → knjige*), and oddballs like *čovjek → **ljudi*** simply have to be known.	1
Lesson 7 against the clock: *prozor → prozori*, *knjiga → knjige*, *čovjek → ljudi*.	1
Plural sprint from Lesson 7 — tap the plural before the timer runs out.	1
Travel words	1
Holiday vocabulary, with six verbs shown in three shapes. The third shape is the **future stem**: drop the final *-i* of the infinitive (*plivati → **plivat***) and it is ready to stand in front of *ću*.	1
Holiday words. Future stem: drop the final *-i* (*plivati → plivat*) before *ću*.	1
Words for summer plans — plus six new verbs. Every verb card shows the *ja* form and, after the second arrow, the shape it takes in front of **ću**.	1
island	11
match	8
hour	3
Saturday	3
to travel	12
to swim	7
to walk, stroll	1
to have lunch	4
to train	7
The future helpers	1
The six helpers in one place: *ću, ćeš, će, ćemo, ćete, će*. They echo the rhythm of *sam, si, je, smo, ste, su*, and they take their form from the subject, never from the verb: *Mi **ćemo** putovati*.	1
*ću, ćeš, će, ćemo, ćete, će*. They follow the subject: *Mi ćemo putovati*.	1
**All six helpers in one place.**	2
tab: Person | Helper | Example	2
tab: ja | ću | Ja ću plivati.	1
tab: ti | ćeš | Ti ćeš učiti.	1
tab: on, ona, ono | će | Ona će raditi.	1
tab: mi | ćemo | Mi ćemo putovati.	1
tab: vi | ćete | Vi ćete gledati.	1
tab: oni, one, ona | će | Oni će spavati.	1
**Recognise the rhythm?** *ću–ćeš–će–ćemo–ćete–će* echoes *sam–si–je–smo–ste–su* from Lesson 2. Same six people, same order, same rhythm.	1
**Two word orders, same meaning.** With a pronoun → *Ja ću plivati.* Without → flip it and trim the **-i**: *Plivat ću.*	1
**Now you write them.** Ja [ću] plivati. Ti [ćeš] učiti. Mi [ćemo] putovati. Oni [će] spavati.	1
Match the helpers	2
Pair each pronoun with its helper. The helper always matches the person doing the action — *ja* takes *ću*, *ti* takes *ćeš*, *mi* takes *ćemo* — while the verb itself stays in its unchanged dictionary form.	1
Pronoun with helper: *ja ću, ti ćeš, mi ćemo*. The verb stays in its dictionary form.	1
Match each pronoun with its future helper.	1
Sorting by subject, exactly as with *biti*. One person or one thing takes **će** (*vlak će*, *sestra će*), and any group that includes *ja* takes **ćemo** (*brat i ja ćemo*), even when *mi* is not written.	1
One person or thing → **će**. Any group with *ja* → **ćemo** (*brat i ja ćemo*).	1
Which helper does each subject take? *Brat i ja* counts as **mi**, and any single person or thing takes **će**.	1
Pick the helper	3
Choose the helper that matches the subject. Nothing else in the sentence moves: after the helper the verb keeps its full dictionary form, so it is *Ja **ću** plivati*, never *Ja ću plivam*.	1
Helper from the subject; the verb stays whole: *Ja ću plivati*.	1
Choose the correct helper.	3
One tap decides the verb's shape, and only word order decides it. **Before** the helper the infinitive drops its final *-i*: *Plivat ću*, *Učit ćeš*, *Radit ću*. **After** the helper it stays whole: *Ja ću plivati*.	1
**Before** the helper drop the *-i* (*Plivat ću*); **after** it keep it (*Ja ću plivati*).	1
The verb changes shape depending on where it stands. **In front of ću** the infinitive drops its final -i. **After ću** it keeps it. One tap.	1
He will train in the evening.	2
We will walk afterwards.	1
In the evening we will walk.	2
I will sleep all day.	2
Today → tomorrow	1
Turn a present-tense sentence into a future one. Take the verb back to its dictionary form and add the helper: *Plivam* becomes *Ja ću plivati*, or, with the verb first, *Plivat ću*. Both are equally correct.	1
Dictionary form + helper: *Plivam → Ja ću plivati* or *Plivat ću*.	1
Make it future! Both word orders are accepted.	1
Saying which day	1
How a plan gets a day. **u** plus the accusative means *on* that day, so feminine days take *-u* (*u subotu*, *u nedjelju*) while masculine ones do not change (*u ponedjeljak*). Words like *sutra* and *navečer* take no preposition at all.	1
**u** + accusative for days: *u subotu, u nedjelju, u ponedjeljak*. *sutra*, *navečer* need nothing.	1
A plan needs a day, and Croatian puts the day in a shape you already own. To say *on Saturday*, take **u** plus the accusative from Lesson 5 — the same two pieces you used for *Idem u školu*.	1
tab: The day | On that day	1
tab: subota | **u subotu** — on Saturday	1
tab: nedjelja | **u nedjelju** — on Sunday	1
tab: ponedjeljak | **u ponedjeljak** — on Monday	1
**Feminine days take *-u*** (*subota → u subotu*, *srijeda → u srijedu*), exactly like *jabuka → jabuku*. **Masculine days don't move at all** (*u ponedjeljak*, *u utorak*, *u petak*) — a day is not a living being, so nothing is added.	1
**Same *u*, different job.** With a place it means *into* (*u školu*); with a day it means *on*. Croatian sees both as arriving somewhere — one in space, one in time.	1
**Words for parts of the day take no preposition**: *ujutro* (in the morning), *navečer* (in the evening), *sutra* (tomorrow), *danas* (today). Just drop them in: *Sutra ću ustati rano.*	1
The day usually opens the sentence or closes it, and the *ću*-helper still can't come first: ***U subotu** ću putovati.* — *Putovat ću **u subotu**.*	1
**Now you write them.** Idem u kino u [subotu]. Radim u [ponedjeljak]. Putujem u [srijedu].	1
Build the plan	1
Assemble whole sentences from tiles, watching where the helper lands. It can never be the first tile: something must come before it, whether a pronoun, a time word, or the trimmed verb — *Sutra ću ustati*, *Plivat ću*.	1
The helper never comes first: *Sutra ću ustati. Plivat ću.*	1
Arrange the tiles to build the plan.	1
Now or later?	3
Present or future? The giveaway is the helper. A verb alone with a personal ending is now (*Plivam*), while a dictionary form plus *ću, ćeš, će* is later (*Plivat ću*, *Ona će učiti*).	1
Verb with personal ending = now (*Plivam*); dictionary form + *ću/ćeš/će* = later (*Plivat ću*).	1
POSLIJE	25
Is it happening now or in the future? Sort the sentences.	1
Helper sprint	1
A timed run through the six helpers. Answer from the subject alone: single people and things take *će*, *ti* takes *ćeš*, and anything paired with *ja* — *brat i ja* — takes *ćemo*.	1
From the subject alone: one person *će*, *ti ćeš*, anything with *ja* *ćemo*.	1
A subject flashes — tap the helper that goes with it.	1
Weekend plans	2
A conversation about the weekend, so every reply is a plan. *Hoćeš li…?* simply means *Will you…?* — take it whole for now and answer with a future sentence: *Gledat ću je*, *Ujutro ću trenirati*.	1
*Hoćeš li...?* = *Will you...?* Answer with a plan: *Gledat ću je.*	1
Your friend asks about your weekend. Choose your replies. Passive words: *Hoćeš li…?* (Will you…?), *naravno* (of course), *poslije* (after).	1
Sretan put!	1
A summer plan	1
Read the plan first, then answer. The helper tells you who does what before you translate anything — *Ana će ustati*, *Marko će nositi* — and *u subotu* is **u** plus the accusative, meaning *on Saturday*.	1
Read, then answer. The helper shows who: *Ana će ustati*. *u subotu* = on Saturday.	1
Read the plan, then answer the questions. Passive words: *planiraju* (they are planning), *pa* (so), *težak* (heavy), *prije sunca* (before sunrise).	1
A mixed check on everything in the lesson. Two things decide most answers: the helper can never open a sentence, and the verb loses its *-i* only when it stands in front of the helper — *Plivat ću*, but *Ja ću plivati*.	1
The helper never opens a sentence; *-i* drops only before it: *Plivat ću*, *Ja ću plivati*.	1
Final check! Score 80% to be ready for Vocabulary 8.	1
en: We will travel to the seaside.	3
en: In the evening we will go for a walk.	1
en: Tomorrow I will get up early.	2
A closing summary: you now have the future, both word orders, and *u* plus the accusative for days. What is still missing is the full refusal — *neću, nećeš, neće* — and that is the first thing Grammar 8 hands you.	1
Future in both word orders, and *u* + accusative for days. Next: *neću, nećeš, neće*.	1
Odlično! Past lessons gave you the present; now the future is yours too. Your summer plans are officially in Croatian.	1
**Next up:** Vocabulary 8 packs the suitcase — travel, clothes and ten new verbs. Then Grammar 8 explains *why* the helper is never allowed to open a sentence — the same rule you already met twice — and gives you the future that refuses: *neću, nećeš, neće*. Then Lesson 9 brings sport, hobbies and the little words that make things *yours*.	1
Sport & Hobbies: Making It Yours	1
Words you already know	1
Sport is where Croatian gives you the most words for free. *Hobi, klub, trener, kapetan, gol, tenis, joga* — you can read all of them right now, without learning anything. **Start every new word by asking whether it looks like English**, because in this lesson it usually does. The one new idea is small: how to say that something is *yours*.	1
Sport words you can already read: *hobi, klub, trener, gol, tenis*. New idea: saying something is *yours*.	1
Read it through — the whole lesson rests on one rule, and you already own half of it.	1
Today's lesson is full of words you already know: *hobi, gitara, klub, trener, kapetan, gol, tenis, joga, šah...* Sport is international, and so is its vocabulary.	1
The new bit is making things **yours**. *Moj klub. Tvoja gitara. Naš trener.* Three words, three shapes — and the shape does not come from the owner.	1
It comes from the **thing owned**. That is the whole lesson: *moj dres*, but *moja lopta*, because *dres* and *lopta* are different genders. You have done this dance twice already, with adjectives in Lesson 1 and again in Lesson 5.	1
A timed warm-up on last lesson's future before anything new arrives. The helper takes its shape from the subject, never from the verb — *ja* takes *ću*, *ti* takes *ćeš*, and any group with *ja* in it takes *ćemo*. **Answer from the subject alone** and you will never need to read the rest.	1
Lesson 8 against the clock: *ja ću, ti ćeš*, any group with *ja* → *ćemo*.	1
Future sprint from Lesson 8 — tap the helper before the timer runs out.	1
Sport & hobby words	1
Eighteen words, and most of them are gifts: *hobi, klub, trener, kapetan, gol, tenis, joga, fitnes, šah* all arrived in Croatian from the same places they arrived in English. **Read each one out loud before you look at the translation** — Croatian is spelled exactly as it sounds, so hearing yourself say it is half the learning. Nothing here has to be memorised in one pass.	1
Mostly familiar words: *hobi, klub, trener, šah*. Read each one aloud.	1
Sport vocabulary is international — you can guess most of these before you flip the card.	1
hobby	5
club	7
captain	5
position	4
defence	5
goal	6
goalkeeper	4
jersey	9
training	5
chess	6
yoga	4
The body	2
The parts of the body you will need to talk about sport. Notice the endings as they go past, because the next page turns them into a rule: *dres* ends in a consonant, *ruka* in **-a**, *koljeno* in **-o**. **That last letter almost always decides** which shape *moj* takes.	1
Body words. Note the last letter: *dres*, *ruka* (**-a**), *koljeno* (**-o**). It decides *moj*'s shape.	1
From head to knee. Watch the last letter of each word — you will need it in a minute.	1
hair	6
tooth	6
arm, hand	2
finger	6
leg, foot	2
knee	7
back	6
shoulder	7
heart	7
body	3
Ten new verbs	4
Ten verbs of sport and free time, each shown with its *ja* form. That form is the one worth storing, because from *trčim* you can build *trčiš* and *trči* without being told how — the pattern from Lesson 3 has not changed. **Two are worth a second look:** *skakati → skačem* and *plesati → plešem* both swap a consonant.	1
Ten verbs with their *ja* form: *trčim → trčiš, trči*. Note *skakati → skačem*, *plesati → plešem*.	1
Ten new verbs, each with its *ja* form — the shape everything else is built from.	1
to jump	11
to exercise	2
to cheer, to support	2
to win	8
to lose	8
to dance	11
to paint, to take pictures	2
The same words again, this time without English to lean on — a picture and a word, nothing in between. **Tap the picture first, then hunt for the word**, because recognising the thing is faster than reading. A wrong pair just shakes and comes straight back; nothing here can be lost.	1
Picture and word, no English. Tap the picture first.	1
Picture to word. No English this time — you do not need it any more.	1
The rule: it follows the thing, not the owner	1
The single rule of this lesson, and it runs opposite to English. In *her jersey* the English word *her* tells you about the owner; in *njezin dres* the Croatian word tells you about the **jersey**. **Look at the noun, never at the owner** — *dres* ends in a consonant, so nothing is added, no matter who owns it.	1
The possessive follows the **thing**, not the owner: *njezin dres* (consonant, nothing added).	1
One rule, three endings. Read the table, then say the last line out loud.	1
English only tells you about the owner: *his* jersey, *her* jersey. Croatian picks the word by the owner (*njegov*, *njezin*) and the **ending** by the thing: *njegov dres*, *njegova lopta*. The ending doesn't care who owns it.	1
tab: The thing | What you say	1
tab: dres (consonant) | **moj** dres · **njegov** dres · **naš** dres	1
tab: lopta (-a) | **moja** lopta · **njegova** lopta · **naša** lopta	1
tab: koljeno (-o) | **moje** koljeno · **njegovo** koljeno · **naše** koljeno	1
The full set: **moj/moja/moje** (my) · **tvoj/tvoja/tvoje** (your, one person) · **njegov/njegova/njegovo** (his) · **njezin/njezina/njezino** (her) · **naš/naša/naše** (our) · **vaš/vaša/vaše** (your, plural or polite) · **njihov/njihova/njihovo** (their).	1
**One wrinkle to watch.** For a neuter thing you add **-o** after a hard consonant — *njegovo koljeno*, *njezino srce*, *njihovo more* — but **-e** after *j* and *š*: *moje koljeno*, *tvoje srce*, *naše more*, *vaše tijelo*. Your mouth will pick this up before your head does.	1
**To ask, use *čiji*.** *Čiji je ovo dres?* — *Whose jersey is this?* It agrees too: *Čija je ovo lopta? Čije je ovo koljeno?*	1
English on one side, Croatian on the other, so you can watch the rule work in whole sentences. **Read the Croatian noun first and check its last letter** — that letter, not the English, tells you which of the two possessives on offer is the right partner.	1
Check the Croatian noun's last letter: it picks the possessive.	1
Match each English sentence with its Croatian partner.	1
Moja lopta je crvena.	1
Njegov dres je plav.	1
Njezina gitara je nova.	1
Naš trener je strog.	1
Njihova obrana je jaka.	1
Moje koljeno boli.	1
Tvoja momčad je brza.	1
Naš klub je mali.	1
Njegova pozicija je golman.	1
Čija je ovo lopta?	1
Sort by the thing	1
Eighteen nouns, three columns, and the sorting is done entirely on the last letter. A consonant sends the word to **MOJ**, an *-a* to **MOJA**, an *-o* or *-e* to **MOJE**. **Say *moj*, *moja*, *moje* under your breath as you drag** — the wrong one will sound wrong before you finish it.	1
Consonant → **MOJ**, **-a** → **MOJA**, **-o/-e** → **MOJE**.	1
Which form does each noun take? Go by the last letter of the noun.	1
Choose the possessive that fits the noun beside it. The owner in the English hint never changes the ending — only the noun does — so *her guitar* and *his guitar* are both *gitara*, both take *-a*: *njezina*, *njegova*. **Cover the English and decide from the Croatian noun alone.**	1
The noun decides, not the owner: *njezina gitara*, *njegova gitara*.	1
Choose the form that fits the noun.	1
One tap decides it	1
The whole rule reduced to a single tap. The base of the possessive is given; you add nothing for a consonant, **-a** for a word in *-a*, and for a neuter word **-o** or **-e** — *-o* after a hard consonant (*njegovo*), *-e* after *j* or *š* (*moje*, *naše*). **Read the Croatian noun, not the English.**	1
Consonant: nothing; **-a**: **-a**; neuter: **-o** (*njegovo*) or **-e** after *j/š* (*moje, naše*).	1
The noun decides the ending. One tap — and a wrong tap costs nothing.	1
His club is old.	1
Your hobby is photography.	1
Your arm is strong.	1
Her training is hard.	1
Her body is tired.	1
Now you write it instead of tapping it. The English in brackets tells you *who*; the Croatian noun tells you *which ending* — and only the second one changes what you type. **Build it in two steps:** pick the base from the brackets, then let the noun finish it.	1
Brackets say *whose*; the noun says *which ending*: *(her) + gitara → njezina*.	1
Type the possessive. The bracket says who, the noun says how it ends.	1
___ gitara je stara. (her)	1
___ trening je težak. (their)	1
The rule: *svoj*, the one English is missing	1
A word English simply does not have, so it has to be learned by contrast rather than by translation. **When the owner is the same person as the subject of the sentence, Croatian uses *svoj*.** *Marko voli svoju sestru* is his own sister; *Marko voli njegovu sestru* is someone else's — one word apart, two different families.	1
Owner = subject → *svoj*. *Marko voli svoju sestru* (his own) vs. *njegovu sestru* (someone else's).	1
The one possessive English cannot translate. Read both sentences in the table slowly.	1
There is one more possessive, and English has no word for it: **svoj**.	1
Use **svoj** when the owner is the same person as the one doing the action.	1
tab: What you say | What it means	1
tab: Marko voli **njegovu** sestru. | someone else's sister	1
It changes shape like all the others, following the thing owned: **svoj** dres · **svoja** lopta · **svoje** koljeno.	1
**The short version:** if the sentence is about me and my thing, or you and your thing, or Ana and Ana's thing — use *svoj*. Only reach for *njegov* or *njezin* when the thing belongs to somebody else.	1
Croatian speakers hear the difference immediately, and it is one of the few places where the wrong word says something you did not mean.	1
*svoj* or *njegov*?	1
One question decides every item here: does the thing belong to the person doing the action? **Yes → *svoj*. No → *njegov* or *njezin*.** Look for the subject at the front of the sentence and compare it with the owner, and the choice makes itself.	1
Does it belong to the subject? Yes → *svoj*. No → *njegov / njezin*.	1
Marko voli ___ sestru. (his own)	2
Ana čita ___ knjigu. (her own)	1
Maja voli ___ hobi. (her own)	1
Luka nosi ___ loptu. (his own)	1
Ana slika ___ mačku. (her own)	1
Build it	2
Whole sentences from tiles, so the possessive has to land in the right place as well as the right shape. It stands **in front of** the thing it belongs to — *moj dres*, never *dres moj* — and the two halves joined by *a* each keep their own possessive.	1
The possessive goes in front: *moj dres*.	1
Arrange the tiles into a sentence.	1
Is this your ball?	1
A ball lands at your feet in the park, and every reply needs a possessive in the right shape. Two words are worth having in advance: *čiji* (whose) and *naravno* (of course). **Read your two options out loud before choosing** — the wrong ending is easier to hear than to see.	1
*čiji* = whose, *naravno* = of course. Match the ending to the noun.	1
A ball rolls up to you in the park. Choose your replies. Passive words: *čiji* (whose), *naravno* (of course), *super* (great).	1
Read: our club	1
A short text where almost every sentence carries a possessive. Read it once for the story and once for the endings, and watch what happens in the last line: *svoj klub* is used because the people who love the club are the same people doing the loving.	1
Read for the story, then the endings. *svoj klub*: the owners are the subject.	1
Read the text, then answer. Passive words: *svaki dan* (every day), *nosi* (carries), *svi* (everyone).	1
A mixed check on the whole lesson. Two things decide nearly every answer: the ending comes from the **thing owned**, never from the owner, and *svoj* appears whenever the owner is also the one doing the action.	1
The ending follows the thing owned; *svoj* when the owner is the subject.	1
Final check! Score 80% to be ready for Vocabulary 9.	1
en: My hobby is photography.	3
"""njegov"" means ""her""."	1
whose	12
which	11
whether	1
en: Their defence is strong, but our captain is fast.	1
Prevedi: my ball →	1
A closing summary. You now have the whole possessive set, the *-o* / *-e* wrinkle, and *svoj* — the one Croatian has and English does not. What comes next is the last piece of Module B, and it is the big one: the past.	1
Possessives, *-o / -e*, and *svoj*. Next: the past.	1
Module B is nearly done. One lesson to go.	1
Bravo! Things are officially *yours* now — your club, your guitar, your Croatian. And with *svoj* you can say something English cannot say in one word.	1
**Next up:** Vocabulary 9 collects sport, hobbies and the body, and Grammar 9 drills the possessive endings. Then the grand finale of Module B: in Lesson 10 you tell stories about *yesterday* — the past tense: *Gledao sam film. Bio je odličan!*	1
Yesterday: The Past Tense	1
Telling stories	1
A short read that opens the past tense. Croatian builds it from two pieces you already know: the verb **biti** (*sam, si, je, smo, ste, su*) from Lesson 2 and one new form of the main verb, the participle — *Gledao sam film.* Nothing here is to be answered, just read.	1
Past = **biti** + participle: *Gledao sam film.* Just read.	1
Read it through — by the end of the lesson you'll be telling stories about yesterday.	1
You can describe, plan and say what you do every day. One thing is missing: telling stories. *What did you do yesterday?*	1
Good news: the past tense recycles something you've known since Lesson 2 — the verb *biti*. **Sam, si, je...** plus one new word form, and suddenly: *Gledao sam film. Bio je odličan!* — I watched a film. It was excellent!	1
One past tense does the work of three English ones: *I watched, I was watching, I have watched* are all simply *gledao sam*.	1
Let's talk about yesterday.	1
A timed warm-up on the possessives from Lesson 9, before anything new arrives. The ending comes from the **thing owned**, never from the owner: a consonant takes the bare form (*moj dres*), **-a** takes **-a** (*moja lopta*), a neuter noun takes **-o** or **-e** (*njegovo srce*, *moje koljeno*). **Read the noun, not the English.**	1
Lesson 9 against the clock. The ending follows the thing: *moj dres, moja lopta, moje koljeno*.	1
Possessive sprint from Lesson 9 — tap the form that fits the noun before the timer runs out.	1
Yesterday words	1
Flashcards for talking about the past. The time words are the ones to store first — *jučer*, *prošli vikend*, *cijeli dan* — because they announce that a story is coming. *Prošli* takes adjective endings: *prošli vikend*, *prošla subota*, *prošlo ljeto*. Three familiar verbs come back in their *ja* form, as always.	1
Time words first: *jučer, prošli vikend, cijeli dan*. *prošli / prošla / prošlo* agree like adjectives.	1
Words for yesterday, last weekend and everything you did in between. Tap a card to reveal the meaning.	1
last (prošli vikend, prošla subota)	1
the whole day	4
a whole hour	4
for a long time	7
afterwards	4
pizza	3
series	5
comedy	6
horror film	7
documentary	6
excellent	1
to know	6
The past participle	1
Each card shows one verb in its three past shapes: **-o** for he, **-la** for she, **-li** for a group — *gledao, gledala, gledali*. They all come from the dictionary form by dropping **-ti**. Watch two of them: *jesti* drops its *d* and gives **jeo**, and *biti* gives **bio**, the form you will use most often.	1
Drop **-ti**: **-o** he, **-la** she, **-li** they: *gledao, gledala, gledali*. *jesti → jeo*, *biti → bio*.	1
Take a verb, drop **-ti**, add **-o** (he), **-la** (she), **-li** (we / they). Then add the verb *biti* from Lesson 2: Gledao sam film. Gledala sam film. Gledali smo film.	1
gledao / gledala / gledali	1
spavao / spavala / spavali	1
pio / pila / pili	1
jeo / jela / jeli	1
čitao / čitala / čitali	1
bio / bila / bili	1
igrao / igrala / igrali	1
učio / učila / učili	1
pjevao / pjevala / pjevali	1
kuhao / kuhala / kuhali	1
plivao / plivala / plivali	1
radio / radila / radili	1
svirao / svirala / svirali	1
pričao / pričala / pričali	1
imao / imala / imali	1
znao / znala / znali	1
pobijedio / pobijedila / pobijedili	1
Make the participle	1
Pure form practice: pair each dictionary form with its **he** participle. The recipe is always the same — take off **-ti**, put on **-o** — so *igrati* gives *igrao* and *učiti* gives *učio*. The one that changes most is *jesti → jeo*; say it aloud twice before you start.	1
Infinitive to the *he* form: drop **-ti**, add **-o**. *igrati → igrao*, *jesti → jeo*.	1
Match each verb with its past form (the he-form).	1
gledao	2
pio	2
jeo	2
čitao	2
spavao	2
bio	2
igrao	2
učio	2
pjevao	1
kuhao	2
imao	1
The rule: biti + participle	1
The core rule of the lesson in one formula: a form of **biti** plus the participle. The participle carries the gender of the subject — **-o** for a man or any masculine word (*Marko je bio*, *Film je bio*), **-la** for a woman or any feminine word (*Ana je bila*, *Voda je bila*), **-li** for a group (*djeca* and *braća* take **-la**), **-lo** for a neuter word like *more* or *sunce* — and *biti* carries the person, exactly as it did in Lesson 2. **The verb form alone shows who is speaking.**	1
**biti** + participle. Participle = gender (**-o, -la, -li, -lo**), *biti* = person: *Ana je bila, Marko je bio.*	1
One formula, four endings. Read the table, then say the last row out loud in your own gender.	1
**The formula:** *biti* (sam, si, je, smo, ste, su) **+** participle. You know the first half from Lesson 2. The second half you just built.	1
tab: Who | biti | participle | Example	1
tab: a man | sam | -o | Gledao sam film.	1
tab: a woman | sam | -la | Gledala sam film.	1
tab: he (Marko) | je | -o | Marko je gledao film.	1
tab: she (Ana) | je | -la | Ana je gledala film.	1
tab: we / they (mixed or men) | smo / su | -li | Gledali smo film. Oni su gledali film.	1
tab: women only | smo / su | -le | Ana i Petra su gledale film.	1
tab: neuter plural | su | -la | Sela su bila mala.	1
tab: a neuter thing | je | -lo | More je bilo toplo.	1
**The speaker's gender matters.** A man says *Spavao sam dugo.* A woman says *Spavala sam dugo.* English has no equivalent: the Croatian verb form alone shows whether a man or a woman is speaking.	1
**One past for everything.** *Gledao sam* covers *I watched*, *I was watching* and *I have watched*. There is nothing else to learn.	1
**Sound note.** *jesti → jeo, jela, jeli* — the *s* of the infinitive gives way to the *d* of *jedem*. Everything else loses only the *-ti*.	1
**Two words take -la for a group:** *djeca* and *braća*. They mean many people, but each behaves like one feminine word, so it is *Djeca su spava**la***, *Braća su doš**la*** — the same quirk as *Vidim djecu* in Lesson 7.	1
**Now you write them.** Ja sam [gledao] film — kaže muškarac. Ja sam [gledala] film — kaže žena. Mi smo [gledali] film — kaže grupa. More je [bilo] toplo.	1
Sorting by the participle ending alone, so read only the last letters. **-o** is a man or boy, **-la** a woman or girl, **-li** any group, and **-lo** belongs to a neuter subject — *bilo*, as in *Bilo je savršeno*, or *dijete je spavalo*. Ignore the front of the word; *pio* and *pjevao* land in the same column.	1
Last letters only: **-o** he, **-la** she, **-li** group, **-lo** neuter (*Bilo je savršeno*).	1
One tap finishes the participle. Find the subject first: *Marko* and a man speaking take **-o**, *Ana* and a woman speaking take **-la**, *mi*, *oni* and any pair take **-li**, and a neuter noun like *more* or *sunce* takes **-lo**. **The helper is already in place — only the gender is missing.**	1
Subject first: man **-o**, woman **-la**, group **-li**, neuter **-lo**.	1
English above, Croatian below. One tap completes the participle. **-o** for him, **-la** for her, **-li** for a group, **-lo** for a neuter thing.	1
Ana and Petra were at the cinema.	1
You played tennis.	2
Pick the right combo	1
Multiple choice on the whole pair, helper plus participle. Two things have to agree at once: the helper with the **person** (*je* for Marko, *smo* for us) and the participle with the **gender** (*igrao* for him, *igrala* for her). Each wrong option gets the helper, the gender, or both wrong.	1
Helper matches the person (*je, smo*), participle the gender (*igrao / igrala*).	1
Choose the correct past form — both halves have to fit.	1
Ja ___ kavu. (a woman)	1
Ja ___ kavu. (a man)	1
More ___ toplo.	2
Ti ___ dugo. (to a friend, m.)	1
Now you type the participle yourself, so spelling counts. Drop **-ti**, add the ending named in the bracket — *(he)* **-o**, *(she)* **-la**, *(they)* **-li**, *(it)* **-lo** — and keep the diacritics exactly as in the infinitive: *čitati → čitala*. Watch *jesti → jeo, jela, jeli*.	1
Drop **-ti**, add the ending in brackets: *čitati → čitala*. *jesti → jeo, jela, jeli*.	1
Type the participle in the form named in the bracket.	2
spavati (we) →	1
učiti (he) →	2
biti (it — more) →	1
pjevati (they) →	1
raditi (she) →	1
pobijediti (he) →	2
znati (we) →	1
imati (she) →	1
"The rule: word order and ""it was"""	1
The second rule of the lesson. The helper *sam, si, je…* attaches to the first word and **can never open a sentence**, exactly as *ću* could not in Lesson 8 — so *Gledao sam*, *Ja sam gledao* and *Jučer sam gledao* are all fine, but *Sam gledao* is not Croatian. And the past of *biti* gives you the most useful sentence of all: *Bilo je savršeno.*	1
The helper never opens a sentence: *Gledao sam*, *Jučer sam gledao*. And: *Bilo je savršeno.*	1
"Two things: where the little helper is allowed to stand, and how to say ""it was"". Read the examples aloud."	1
Like the future helper, the past helper *never* goes first:	1
tab: Fine | Fine | Fine | Not Croatian	1
tab: Spavao **sam** dugo. | Ja **sam** spavao dugo. | Jučer **sam** spavao dugo. | ✗ Sam spavao dugo.	1
**All three are correct.** *sam* always attaches to the first word of the sentence, so put a pronoun, a time word or the participle in front of it. This is the same rule as *je* in Lesson 2 and *ću* in Lesson 8.	1
"**The past of ""to be"" is the most useful of all.** *Bio sam na moru.* — I was at the sea. *Voda je bila topla.* — The water was warm. *Bilo je savršeno!* — It was perfect! The neuter **bilo** is what you use for *it was*, when nobody in particular is the subject."	1
**A time word can open the story.** *Jučer…*, *Prošli vikend…*, *U petak…*, *Poslije…* — drop one in front and the helper sits happily behind it: *Prošli vikend **smo** bili na moru.*	1
Today → yesterday	1
Turn a present sentence into a past one. Take the verb back to its dictionary form, build the participle, and put the right form of *biti* behind the first word: *Gledam film* becomes *Gledao sam film* or *Gledala sam film*. **Both genders are accepted wherever *ja* or *ti* is the subject.**	1
Participle + *biti* after the first word: *Gledam film → Gledao sam film*. Both genders accepted.	1
It happened yesterday! Rewrite in the past — where *I* or *you* is the subject, male or female form are both accepted.	1
Build yesterday	1
Whole sentences from tiles, so the helper has to land in the right place: never first, always right behind the opening word — *Jučer **sam** gledao film*, *Ana **je** pjevala*. When two people do two things, each half keeps its own helper and a comma goes before *a*.	1
Helper right after the first word: *Jučer sam gledao film. Ana je pjevala.*	1
The English is above — arrange the tiles to tell the story in Croatian.	1
en: Yesterday I watched a film. (a man)	1
en: The film was excellent.	1
en: We drank coffee and talked.	1
en: Ana sang, and Marko played the guitar.	3
en: Our club won!	3
en: Last weekend we were at the sea.	2
en: The water was warm.	2
en: Yesterday I studied all day. (a woman)	1
en: On Friday I had an exam. (a man)	1
en: It was perfect!	1
en: Grandma cooked, and grandpa read a book.	1
en: We slept for a long time because it was Sunday.	1
Participle sprint	1
A timed run from dictionary form to the **he** participle, so the answer always ends in **-o**. Speed comes from trusting the one swap — take off *-ti*, put on *-o* — instead of rebuilding the word. The clock is really testing *jesti → jeo* and *biti → bio*.	1
Against the clock, always the *he* form: *-ti → -o*. Watch *jeo*, *bio*.	1
A verb flashes in its dictionary form — tap its he-participle before it disappears.	1
How was it?	2
A conversation about yesterday, so every reply is in the past. Petra speaks to you as *ti*; answer with *sam* and the participle in **your own gender** — the first option is the man's form, the second the woman's, and both are correct. *Bilo je…* is how you say *it was…* about the day itself.	1
Answer with *sam* + participle in your own gender. *Bilo je...* = it was...	1
Your friend Petra didn't see you all day yesterday and asks about it. Choose your replies — pick the form that matches you. Passive words: *nisam te vidjela* (I didn't see you), *dosadan* (boring), *dogovoreno* (agreed).	1
Last Saturday	1
Read the story of one Saturday, then answer in Croatian. The participle ending shows who did what before you translate anything: *Ana je ustala*, *Marko je spavao*, *gledali su*. Time words — *prošla subota*, *poslije*, *navečer*, *u nedjelju* — mark the order of the day.	1
Read, then answer. The participle shows who: *Ana je ustala, Marko je spavao*.	1
Read about Ana and Marko's weekend, then answer the questions. Passive words: *ustala* (got up), *balkon* (balcony), *umoran* (tired).	1
A pairs game over the participles: each dictionary form is paired with its **he** form. Use it to fix the two odd ones — *jesti → jeo* and *biti → bio* — and to notice that everything else is simply the infinitive with *-o* in place of *-ti*.	1
Infinitive with *he* participle. The odd ones: *jesti → jeo*, *biti → bio*.	1
Find the pairs — each verb with its past form.	1
Module B final checkpoint	1
The end of Module B, so this check covers the past tense and reaches back over Lessons 5–9. For the past, two things carry the points: the participle ending must match the gender (*je igrao / je igrala*), and the helper *sam, je, smo* can never open a sentence. Where *ja* is the subject, either gender is accepted.	1
Module B, all of it. Past: gender ending on the participle, helper never first. Either gender for *ja*.	1
The big one! Pass this checkpoint to complete Lessons 1–10 — half the course!	1
en: Yesterday we watched a film.	1
(Lesson 5) Volim ___ . (čokolada)	1
(Lesson 6) Čekam ___ .	1
(Lesson 7) Napiši množinu: dijete →	1
(Lesson 8) Sestra i ja ___ plivati.	1
(Lesson 9) ___ gitara je nova. (her)	1
A closing summary. You now own all three tenses — present, future and past — and the past is just *biti* plus a participle whose ending names the speaker. What is still missing is saying that something did **not** happen — *nisam gledao* — and that is the first thing Grammar 10 hands you.	1
Present, future and past. Next: *nisam gledao*.	1
Module B is complete. Read what you can do now, and what comes next.	1
ČESTITAMO! Lessons 1–10 complete — you're halfway through the course. You can now speak about the present, the future *and* the past. That's the full timeline of a language.	1
**Next up:** Vocabulary 10 gives you the words of free time — films, series, weekends — and Grammar 10 shows you the past that didn't happen (*Nisam gledao film*) and the surprised question *Nisi li…?*	1
**Then Module C:** questions (*tko? što? gdje?*), saying no, and the cases that unlock real conversation. See you there!	1
The Perfect Present: Asking Questions	1
Time to ask	1
A short read to open the lesson. Croatian asks a question with no helper word: there is no equivalent of English *do*, so *Što kupuješ?* is the whole question. You already own one way of asking — *li* from Lesson 5 — and today the rest of the set arrives.	1
No *do* in Croatian questions: *Što kupuješ?* is the whole question.	1
Read it through — by the end you can ask about anything.	1
So far you've mostly been *telling* — now you'll start *asking*. Today's mission: buy the perfect birthday present. To do that, you need questions: *What does she like? Who is it for? How much does it cost?*	1
**Croatian needs no helper word.** English builds a question with *do*: *what **do** you buy?* Croatian puts the question word in front of the ordinary present tense and stops there: *Što kupuješ?*	1
**You already ask one kind of question.** In Lesson 5 you learned *li* — *Trebate li vrećicu?* — and Lesson 4 gave you six question words for reading. Today they come back to be used, with two more and the tag *zar ne?*	1
By the end of this lesson you can ask who, what, where, when, why, how, how much and which.	1
A timed warm-up on the past tense from Lesson 10. The participle takes **-o** for a man, **-la** for a woman and **-li** for a group, while the form of *biti* comes from the person. Answer from the subject and the bracket.	1
Lesson 10 against the clock: **-o** he, **-la** she, **-li** group; *biti* from the person.	1
Past sprint from Lesson 10 — tap the correct participle before the timer runs out.	1
The question words	1
The full set. Most never change shape — *tko, što, gdje, kada, zašto, kako, koliko* — while *koji*, *kakav* and *čiji* take endings, because they stand in front of a noun. *Koga* is the target form of *tko*, the same **-a** you learned for living beings in Lesson 6.	1
*tko, što, gdje, kada, zašto, kako, koliko* never change. *koji, kakav, čiji* agree with the noun. *koga* = whom.	1
The words that open a question. Tap a card to reveal the meaning.	1
who?	2
whom? (as the target)	2
what?	2
where?	2
when?	2
why?	2
how?	2
how much, how many?	2
which?	2
what kind of?	2
whose?	1
for whom?	2
...right? isn't it?	2
I don't know.	3
Numbers 1–20	2
The numbers, and you need them for the two most common questions of all: *Koliko godina imaš?* and *Koliko košta?* The teens are built from the units — *jedan* plus *-naest* gives *jedanaest* — so once you have one to ten, the rest is nearly a pattern; *dvanaest*, *četrnaest* and *šesnaest* trim the unit a little.	1
Numbers 1–20: *Koliko godina imaš? Koliko košta?* Teens: *jedan + -naest → jedanaest*.	1
One to twenty, plus the round numbers you need for ages and prices.	1
one	3
two	5
three	4
four	4
eight	3
nine	5
ten	6
eleven	3
thirteen	3
fourteen	5
fifteen	6
sixteen	2
seventeen	2
eighteen	2
nineteen	4
twenty	6
thirty	4
a hundred	5
to cost	6
Question match	1
Each question beside the answer it calls for. The answer is what identifies the question word: a name answers *tko*, a place answers *gdje*, a *jer*-clause answers *zašto*, and a number answers *koliko*.	1
The answer shows the word: name *tko*, place *gdje*, *jer* *zašto*, number *koliko*.	1
Match each question with its logical answer. Passive words: *u Splitu* (in Split), *ovaj* (this one).	1
To je Marko.	1
Kupujem poklon.	1
Ana je u Splitu.	1
Sutra!	1
Jer je zanimljiv.	1
Dvadeset.	3
Sto eura.	1
Dobar i dug.	1
Ovaj novi.	1
Moja.	1
The rule: the question word goes first	1
The core rule, and it is shorter than the English one. Put the question word first, then the ordinary present tense — no *do*, no reordering, nothing else added. *Zašto* is answered with *jer*, and the answer may be that half alone.	1
Question word first, then the present, nothing added. *Zašto?* → *jer...*	1
One rule, no helper word. Read the table and say the last line out loud.	1
**Question word first, then the sentence you already know.**	1
tab: Statement | Question | English	1
tab: Kupuješ poklon. | **Što** kupuješ? | What are you buying?	1
tab: Ana je u Splitu. | **Gdje** je Ana? | Where is Ana?	1
tab: Rođendan je sutra. | **Kada** je rođendan? | When is the birthday?	1
tab: Volim šah. | **Zašto** voliš šah? | Why do you love chess?	1
"**No word for ""do"".** English needs a helper to ask: *what **do** you buy?* Croatian adds nothing at all — the question word plus the present tense is the whole question."	1
**A *zašto* question is answered with *jer*,** and that half is a complete answer on its own: *Zašto voliš šah? — **Jer** je zanimljiv.*	1
**Three of them take endings.** *Koji*, *kakav* and *čiji* stand in front of a noun, so they copy it: *koj**i** film*, *kakv**a** kava*, *čij**e** pismo*. Grammar 11 drills that.	1
**Now you write them.** [Što] kupuješ? [Gdje] je Ana? [Zašto] voliš šah?	1
Which kind of question?	2
Three ways to ask, sorted. A question word opens the first kind, *li* sits behind the verb in the second, and the third is an ordinary statement with *zar ne?* attached at the end.	1
Three kinds: question word first, verb + *li*, statement + *zar ne?*	1
Sort each question by the way it is built.	3
UPITNA RIJEČ	24
LI	19
ZAR NE	12
One tap for the three question words that agree. They copy the noun that follows: a masculine noun gives the bare form or **-i**, a feminine noun **-a**, a neuter noun **-e** or **-o**. *Kakav* keeps its masculine form whole (*Kakav je film?*), so here it turns up only with feminine and neuter nouns. Two items ask about a target, where the feminine ending is **-u**: *Koj**u** knjigu čitaš?*	1
*koji / kakav / čiji* agree with the noun: m bare or **-i**, f **-a**, n **-e/-o**. Target f: *Koju knjigu čitaš?*	1
English above, Croatian below. One tap makes the question word match its noun.	1
Build the question	2
Choosing the correctly built question. *Li* always stands directly behind the verb and never opens a sentence, and with *biti* the long forms come back: *jesi li*, *je li*, *jeste li*.	1
*li* right after the verb, never first. With *biti*: *jesi li, je li, jeste li*.	1
Choose the correct question.	1
Do you like fish?	2
Is Ana at home?	2
Are you a student?	2
Did you watch the film?	3
Are you going to the concert?	1
Do you know?	1
Turning a statement into a yes-or-no question. Put *li* directly behind the verb and change nothing else — except with *biti*, where the short form grows back into *jesam, jesi, je, jesmo, jeste*.	1
Verb + *li*, nothing else changes: *Čitaš li?* With *biti*: *Jesi li...?*	1
Turn each statement into a *li* question.	1
The rule: li, and the friendly tag	1
The second rule page, and mostly a reminder. *Li* is the yes-or-no question from Lesson 5: verb first, *li* second. With *biti* the long forms are used, and *zar ne?* turns any statement into a question without touching its word order.	1
Verb + *li*; long forms with *biti*. *zar ne?* turns any statement into a question.	1
You met **li** back in Lesson 5, at the shop counter: *Trebate **li** vrećicu?* The recipe has not changed — verb first, *li* second, nothing else moved.	1
tab: Voliš čokoladu. | Voliš **li** čokoladu?	1
tab: Imaš psa. | Imaš **li** psa?	1
tab: Umoran si. | **Jesi li** umoran?	1
tab: To je poklon. | **Je li** to poklon?	1
**With *biti*, the long forms come back.** The short *sam, si, je* cannot carry a question, so Croatian uses *jesam, jesi, jesmo, jeste* instead — and for the third person the fixed pair **je li**: *Jesi li umoran? Je li to poklon?*	1
**The friendly tag.** Attach *zar ne?* to any statement and it becomes a question, with the sentence itself untouched: *Voliš glazbu, **zar ne**?*	1
**Answer by repeating the verb.** A bare *da* sounds abrupt: *Voliš li kavu? — **Volim**.* / *— **Ne volim**.* With *biti*: *Jesi li umoran? — **Nisam**.*	1
**Now you write them.** Voliš [li] čokoladu? [Jesi] li umoran? Lijepo je, [zar] ne?	1
Pick the question word	1
The answer is your clue. A name calls for *tko*, a thing for *što*, a place for *gdje*, a time for *kada*, a reason for *zašto*, a number for *koliko*, and a description for *kakav*.	1
The answer is the clue: name *tko*, thing *što*, place *gdje*, time *kada*, reason *zašto*, number *koliko*.	1
Which question word fits? Read the answer first.	1
You type the word, with the answer given. Three need an ending that matches the noun — *koji*, *kakav* and *čiji* — and one is the target form of *tko*: *Koga čekaš?*	1
*koji, kakav, čiji* agree with the noun; *koga* for a person as target: *Koga čekaš?*	1
The answer is given — type the question word.	2
The interview	1
Building whole questions from tiles. The question word is the first tile, *li* goes directly behind the verb, and *zar ne* closes the sentence after a comma.	1
Arrange the tiles to build the question.	1
The present hunt	1
A shop conversation built on questions. Everything you ask uses this lesson: *Što…?*, *Koliko košta…?*, *Imate li…?* The assistant uses *vi*, so answer politely and keep the verb in the *vi* form when you ask her something.	1
Ask with *Što...?*, *Koliko košta...?*, *Imate li...?* Use the *vi* form.	1
You're buying a birthday present for your sister. Choose your replies. Passive words: *Izvolite?* (What would you like?), *tražim* (I'm looking for), *parfem* (perfume), *jeftinije* (cheaper), *savršen* (perfect).	1
Read: a birthday	1
Read the story, then answer in Croatian. Every question in the text is built the way this lesson describes, so use the question word to find the line that answers it: *tko* points to a person, *što* to a thing, *koliko* to a number.	1
Read, then answer. *tko* person, *što* thing, *koliko* number.	1
Read the story, then answer the questions. Passive words: *unutra* (inside), *teška* (heavy), *takva* (such a), *možda* (maybe), *se smije* (laughs).	1
A pairs game over the question words. Use it to separate the two that English blurs: *koji* picks one out of a known set, while *kakav* asks what something is like.	1
*koji* = which one, *kakav* = what kind.	1
Flip the cards and find each question word's English partner.	1
how much	5
what kind of	7
The scored mix of the whole lesson, and 80% opens Vocabulary 11. Most of the points sit on two things: the question word comes first with no helper added, and *li* comes directly after the verb.	1
The whole lesson, mixed; 80% opens Vocabulary 11. Question word first, *li* after the verb.	1
Final check! Score 80% to be ready for Vocabulary 11.	1
en: Who is that?	1
en: Who are you buying a present for?	1
15	3
5	3
50	3
en: How old is your brother?	2
A closing summary. You can now ask in all three ways — with a question word, with *li*, and with the tag *zar ne?* — and you have the numbers you need for ages and prices.	1
Three ways to ask, plus numbers for ages and prices.	1
Read what you can do now, and what comes next.	10
Izvrsno! You can now ask about anything — who, what, where, when, why, how much and which. Conversations are officially two-way.	1
**Next up:** Vocabulary 11 collects the question words, the presents and the numbers, and Grammar 11 shows how *koji*, *kakav* and *čiji* change with the noun.	1
**Then Lesson 12:** the art of saying no — *ne volim, nisam, nemam, nikad.*	1
The Art of Saying No: Negation	1
Time to say NO	1
A short read to open the lesson. You already know the two basic moves — *ne* in front of a verb and *nisam* for *biti*. Today they join the negative words *ništa, nitko, nigdje, nikad*, which in Croatian always keep a second *ne* on the verb.	1
You know *ne* + verb and *nisam*. New: *ništa, nitko, nigdje, nikad*, always with *ne* on the verb too.	1
Read it through — by the end you can turn down a whole menu.	1
So far you have mostly said yes. Today you learn to say no: to refuse the soup, turn down the onions and say that you *never* drink milk.	1
**You already know the basics.** Grammar 2 gave you *nisam*, and Grammar 3 put *ne* in front of a verb: *Ne pijem sok.* Today those pieces are joined by the rest of the set.	1
**New today:** the negative words *ništa* (nothing), *nitko* (nobody) and *nigdje* (nowhere) — *nikad* (never) you have had since Vocabulary 3. In Croatian they always come together with *ne* on the verb: *Marko nikad ništa ne jede.*	1
By the end of this lesson you can refuse, complain and order at a restaurant table.	1
A timed warm-up on the questions from Lesson 11. The question word comes first and nothing is added for English *do*; *li* stands directly behind the verb, and with *biti* the long form is used: *Jesi li umoran?* Read the answer first — it names the question word.	1
Lesson 11 against the clock. Question word first, *li* after the verb, *Jesi li...?* with *biti*.	1
Question sprint from Lesson 11 — tap the missing word before the timer runs out.	1
"The basic ""ne"" + new food"	1
The food and table words for this lesson, plus four tastes. *Ne* goes directly in front of the verb, so every card here can be refused with one extra word: *Ne jedem gljive.* Watch *ljut*: you know it as *angry* from Vocabulary 2, and with food it means *spicy*.	1
Food words and tastes. Refuse with *ne* before the verb: *Ne jedem gljive.* *ljut* = spicy.	1
New food, the things on the table and four tastes. Tap a card to reveal the meaning.	1
not (Ne volim juhu.)	1
chicken (meat)	3
ham	5
sausage	5
pasta	4
mushrooms	5
garlic	6
cucumber	5
cabbage	6
pancakes	6
honey	5
plate	7
glass	7
spoon	8
fork	4
knife	7
bitter	6
sour	7
salty	6
spicy (also: angry)	2
Words for saying no	1
The negative words, each beside its positive twin. The pattern is visible in the spelling: **ni-** gives the negative word (*ništa, nitko, nigdje, nikad*), **ne-** gives the positive one (*nešto, netko, negdje, nekad*). In front of a verb the same two letters do the opposite job — *nemam*, *neću* are negatives. *Nikoga* is the target form of *nitko*, just as *koga* is of *tko*.	1
**ni-** negative (*ništa, nitko*), **ne-** positive (*nešto, netko*). *nikoga* = nobody (target).	1
The words you need to refuse, plus seven verbs for the restaurant. Tap a card to reveal the meaning.	1
nothing	8
something	6
nobody	10
somebody	6
nobody (as the target)	1
nowhere	6
somewhere	7
sometimes, at some time	2
neither… nor…	2
not even, (not) either	1
no longer	5
not yet	6
unfortunately	5
vegetarian	2
to order	5
to taste	5
to try	2
to hate	5
to want, to wish	2
to share	9
Enjoy your meal!	3
The bill, please.	2
The rule: ne and the three fused verbs	1
The first rule of the lesson, and most of it is revision. *Ne* is a separate word directly in front of the verb, and nothing else in the sentence changes. Only three verbs join *ne* into one word — *biti*, *imati* and *htjeti* — and those forms may open a sentence.	1
*ne* stands before the verb. Only *biti, imati, htjeti* fuse: *nisam, nemam, neću*.	1
One word in front of the verb, and three verbs that join it. Read the tables and say the last line out loud.	1
**Ne stands directly in front of the verb, as a separate word.** The rest of the sentence stays as it was: *Volim luk.* → ***Ne** volim luk.*	1
**Three verbs join ne into one word.** You met them in Grammar 2, 3 and 8; here they are side by side.	1
tab: Person | biti | imati | htjeti	1
**The same rule in all three tenses.** In the past only the helper changes, and the participle keeps its gender. In the future *ću* becomes *neću*, and the verb keeps its full *-ti*.	1
tab: Tense | Positive | Negative	1
tab: present | Pijem kavu. | **Ne** pijem kavu.	1
tab: past | Pio sam kavu. | **Nisam** pio kavu.	1
tab: future | Pit ću kavu. | **Neću** piti kavu.	1
**The fused forms may open a sentence.** *Nisam gladan. Nemamo vremena. Neću piti kavu.* Take *Nemam vremena* and *Nema problema* whole for now — Lesson 16 explains that ending.	1
**Now you write them.** Ja [ne] jedem luk. Ja [nisam] gladan. [Neću] piti kavu.	1
Sort the forms	2
Sorting negative forms by the verb inside them. *Nisam, nisi, nije* belong to *biti*, *nemam* and *nema* to *imati*, and *neću* and *neće* to *htjeti*. Every other verb keeps *ne* as a separate word — *ne volim, ne jedem*.	1
*nisam, nije* → *biti*; *nemam, nema* → *imati*; *neću, neće* → *htjeti*. Others: *ne volim*.	1
BITI	11
IMATI	10
NE + GLAGOL	11
Which verb is inside the negative form? Sort each one.	2
Choosing the negative form that fits. *Biti*, *imati* and *htjeti* join *ne* into one word, so *ne sam*, *ne imamo* and *ne ću* are never written. Check the person as well: *nisam* is *ja*, *nije* is *on* or *ona*, *nisu* is *oni*.	1
Never *ne sam, ne imamo, ne ću*. Check the person: *nisam* ja, *nije* on/ona, *nisu* oni.	1
Choose the correct negative form.	2
Say no to everything	1
Negating whole sentences in three tenses. In the present put *ne* in front of the verb; in the past swap the helper for *nisam, nije, nismo*; in the future swap *ću* for *neću* and give the verb back its full *-ti*: *Platit ću* → *Neću platiti*.	1
Present: *ne* + verb. Past: *nisam, nije...* Future: *neću* + full *-ti*: *Neću platiti*.	1
Negate each sentence. Only the verb part changes.	1
Double negatives are GOOD here	1
The second rule, and the one that differs from English. A negative word such as *ništa* or *nikad* never replaces *ne* on the verb — both are required. Each negative word has a positive twin with **ne-** (*nešto, netko*), and those take no *ne* at all.	1
Double negation: *Ništa ne jedem.* The **ne-** twins (*nešto, netko*) take no *ne*.	1
Two negatives in one sentence, and both are required. Read the table, then fill in the last line.	1
**Croatian negative words need a second ne.** *ništa* (nothing), *nitko* (nobody), *nigdje* (nowhere) and *nikad* (never) do not replace *ne* on the verb — they come in addition to it.	1
tab: Marko **ništa ne** jede. | Marko eats nothing.	1
tab: **Nikad ne** pijem mlijeko. | I never drink milk.	1
tab: **Nitko ne** kuha. | Nobody is cooking.	1
tab: Ana **nigdje ne** ide. | Ana isn't going anywhere.	1
tab: Ne jedem **ni** meso **ni** ribu. | I eat neither meat nor fish.	1
**English allows one negative; Croatian requires both.** *Marko ništa jede* and *Nikad pijem mlijeko* are wrong. Check the verb: it always carries its own *ne*, *nisam* or *neću*.	1
**Several can stand in one sentence.** *Nitko nikad ništa ne kuha.* — Nobody ever cooks anything. Every negative word stays, and the verb still takes *ne*.	1
**The positive twins start with ne-.** *nešto* (something), *netko* (somebody), *negdje* (somewhere), *nekad* (sometimes) take no *ne* on the verb: *Marko **nešto** jede.* compared with *Marko **ništa ne** jede.*	1
**Nitko has a target form, like tko.** In Lesson 11 *tko* became *koga*, so *nitko* becomes **nikoga**: *Nikoga ne čekam.* — I'm not waiting for anybody.	1
**Ni on its own means *not even* or *either*:** *Ne jedem ni luk.* — I don't eat onion either.	1
**Now you write them.** Marko ništa [ne] jede. [Nikad] ne pijem mlijeko. Ne jedem [ni] meso [ni] ribu.	1
One tap in front of each word. **Ni-** makes the negative word (*ništa, nitko, nigdje, nikad, nikoga*) and needs *ne* on the verb; **ne-** makes the positive twin (*nešto, netko*). The same taps build *nisam, nemamo, neće*. The dash means no negative at all — read the English.	1
**ni-** = negative word, needs *ne* on the verb; **ne-** = positive. The dash: no negation.	1
English above, Croatian below. One tap in front of the word — or none, if the sentence is positive.	1
Marko is eating something.	2
Marko is at home.	1
Nobody is cooking today.	2
Somebody is cooking today.	2
She will come.	1
Grandma never drinks coffee.	2
The soup is spicy.	2
Ivan is going somewhere.	1
The fish isn't salty.	2
We don't have time.	2
Petra is waiting for somebody.	1
Grandpa sometimes drinks wine.	1
I don't eat onion either.	2
Stack the negatives	2
Choosing the sentence built the Croatian way. When a negative word is present, the verb still takes *ne*, *nisam* or *neću*. When the English says *something* or *somebody*, the word starts with **ne-** and the verb stays positive.	1
Negative word → the verb is negative too. *something / somebody* → **ne-** word, positive verb.	1
Choose the correct Croatian sentence.	2
I never eat soup.	3
He eats nothing.	2
I drink neither coffee nor tea.	2
We are never hungry.	1
I didn't eat anything. (a woman speaking)	2
Nobody will come.	2
Somebody is eating my pizza!	2
Marko never eats anything.	1
Build the protest	1
Whole negative sentences from tiles. *Ne* goes directly in front of the verb, the fused forms *nisam* and *neću* may take the first tile, and every negative word keeps *ne* on the verb beside it.	1
*ne* before the verb; *nisam, neću* can come first; negative words keep *ne* on the verb.	1
Positive → negative	1
A timed sprint from positive to negative. Three verbs join *ne* into one word — *sam → nisam*, *imam → nemam*, *ću → neću* — every other verb takes *ne* in front, and each **ne-** word swaps to its **ni-** twin.	1
*sam → nisam, imam → nemam, ću → neću*; others take *ne*; **ne-** words swap to **ni-**.	1
A positive form flashes — tap its negative twin.	1
The picky eater	1
A restaurant conversation built on refusals. The waiter uses *vi*, and your replies use this lesson: *ne jedem*, *nemate li*, *ni… ni…*, *ništa*. Where a reply shows the speaker's gender, both versions are offered — pick the one that fits you.	1
Refuse with *ne jedem, nemate li, ni... ni..., ništa*. Pick the reply that fits your gender.	1
You're at a restaurant, but the kitchen is having a bad day. Choose your replies. Passive words: *Izvolite* (here you are), *šteta* (a pity), *za piće* (to drink), *u redu* (all right), *masna* (greasy), *malo* (a little), *slatko* (sweet).	1
Read: the picky eaters	1
Read the story, then answer in Croatian. Nearly every sentence says what somebody does *not* eat, so watch the negative words: *ni… ni…* rules out two things at once, and *više ne* means that something has stopped.	1
Read, then answer. *ni... ni...* = neither... nor; *više ne* = no longer.	1
Read the story, then answer the questions. Passive words: *isto* (the same), *skuhala* (cooked, f.), *nitko je ne želi* (nobody wants it), *svi* (everybody).	1
A pairs game over positive forms and their negative twins. Two patterns cover every pair here: the fused verbs (*sam → nisam*, *imam → nemam*, *ću → neću*) and the words that swap **ne-** for **ni-** (*nešto → ništa*).	1
Positive with negative: *sam → nisam*, *nešto → ništa*.	1
Flip the cards and match each positive form with its negative twin.	1
nisam	1
nemam	1
neću	1
ne volim	1
ništa	2
nitko	1
nikoga	1
nigdje	1
nikad	1
ne jedem	1
The scored mix of the whole lesson, and 80% opens Vocabulary 12. Most of the points sit on two things: *biti*, *imati* and *htjeti* join *ne* into one word, and a negative word such as *ništa* always keeps *ne* on the verb.	1
The whole lesson, mixed; 80% opens Vocabulary 12. Three fused verbs; *ništa* keeps *ne*.	1
Final check! Score 80% to be ready for Vocabulary 12.	1
en: I don't like spicy soup.	1
en: I eat neither meat nor fish.	2
Što jedeš? — ___ . (nothing)	1
en: Marko never eats anything.	3
A closing summary. You can now say no in all three tenses, you know which three verbs join *ne*, and you can stack negative words the Croatian way — with *ne* on the verb every time.	1
No in three tenses, three fused verbs, double negatives with *ne* on the verb.	1
Bravo! You can now refuse, complain and order — in the present, the past and the future — and stack *nitko, ništa, nikad* the Croatian way.	1
**Next up:** Vocabulary 12 collects the food, the tastes and the things on the table, and Grammar 12 adds *nego* — the word that corrects a negative: *Ne pijem kavu, nego čaj.*	1
**Then Lesson 13:** where you are — *u gradu, u kinu, na tržnici.* One small ending shows the place.	1
Where Are You? The Locative	1
Going vs. being	1
A short read to open the lesson. Since Lesson 5 you have said where you are going: *Idem u grad.* Today the same places get a second form for where you already are: *Ja sam u gradu.* The preposition stays the same, and only the ending changes.	1
Going: *Idem u grad.* Being there: *Ja sam u gradu.* Same preposition, new ending.	1
Read it through — by the end you can say where everybody is.	1
Since Lesson 5 you can say where you're *going*: *Idem u grad.* Today you learn where you *are*: *Ja sam **u gradu**.*	1
One tiny ending — **-u** for most words, **-i** for feminine ones — and the whole city becomes describable: at the café, in the park, at the office on a Friday night (hopefully not).	1
**You already know the places.** Vocabulary 5, 6 and 10 gave you *kafić, pekara, ured, knjižnica, kazalište*. Today they come back in the new form, together with a few rooms of the flat.	1
By the end of this lesson you can answer *Gdje si?* on the phone and say where everybody in the family is.	1
A timed warm-up on negation from Lesson 12. Three verbs join *ne* into one word — *nisam, nemam, neću* — and every negative word such as *ništa* or *nikad* keeps *ne* on the verb as well. The bracket tells you which negative word is missing.	1
Lesson 12 against the clock: *nisam, nemam, neću*; *ništa, nitko, nikad* keep *ne* on the verb.	1
Negation sprint from Lesson 12 — tap the correct negative form before the timer runs out.	1
Place words	1
"The places of the lesson, in town and at home. Most are old friends from Vocabulary 4, 5, 6 and 10; eight are new: *pošta, teretana, ljekarna, rijeka, kuhinja, kupaonica, hodnik, krov*. Look at the last letter of each word: it decides the ""being there"" ending you learn on the rule page."	1
Places in town and at home. The last letter decides the ending you learn next.	1
Your map of the town and the flat. Tap a card to reveal the meaning.	1
neighborhood	7
building	9
floor, level	4
office	9
bakery	9
post office	9
gym	6
library	8
hospital	7
bank	8
pharmacy	9
theater	6
hallway	7
roof	8
Verbs and little words for places	1
The verbs that usually come with a place — you live, work, sit, stand, wait and stay *somewhere*. *Stajati* changes its stem: *stojim*. *Stanovati* is living at an address, *živjeti* is living in general. **Gdje?** asks where you are, **kamo?** asks where you are going.	1
Verbs of place: *živim, radim, sjedim, stojim*. **gdje?** = where, **kamo?** = where to.	1
Eight verbs and the little words around them. Tap a card to reveal the meaning.	1
to live, to reside	2
to train, to work out	1
to stay	9
where? (location)	1
where to? (motion)	1
there	5
up, upstairs	2
down, downstairs	3
at home	1
Hello! (on the phone)	2
Match the place	1
Each place phrase beside its English meaning. The phrases are already in the new form: masculine and neuter places end in **-u** (*u kafiću, u kinu*), feminine places in **-i** (*u školi, na tržnici*). English uses *in*, *at* or *on*; Croatian uses only *u* or *na*.	1
*u kafiću, u kinu* (**-u**), *u školi, na tržnici* (**-i**). English *in/at/on* = *u* or *na*.	1
Where are they? Match the phrase with its English meaning.	1
at the café	1
at school	1
at the market	1
in the park	1
at the gym	1
at the cinema	1
on the square	1
at the bakery	1
in the kitchen	1
at the concert	1
The rule: being somewhere	1
The main rule of the lesson. After *u* or *na*, a place where you already are takes a new ending: masculine and neuter get **-u** (*u gradu, u kinu*), feminine **-a** becomes **-i** (*u školi*). Watch the question: *kamo?* keeps the Lesson 5 form, *gdje?* takes the new one.	1
*gdje?* → m./n. **-u** (*u gradu, u kinu*), f. **-a → -i** (*u školi*). *kamo?* → Lesson 5 form.	1
Two questions, two forms of the same place. Read the tables and fill in the last line.	1
**Going there, or already there?** That one difference is the whole lesson.	1
tab: Motion — kamo? (L5) | Location — gdje?	1
tab: Idem u grad. | Ja sam u gradu.	1
tab: Idem u školu. | Ja sam u školi.	1
tab: Idem u kino. | Ja sam u kinu.	1
**The rule for being somewhere.** Masculine and neuter take **-u** (*u gradu, u kinu, u parku, u uredu*); feminine turns **-a** into **-i** (*u školi, na tržnici, u pekari*).	1
tab: Word ends in | Naming form | Being there	1
tab: consonant (m.) | ured, kafić, park | u ured**u**, u kafić**u**, u park**u**	1
tab: -o / -e (n.) | kino, more, kazalište | u kin**u**, na mor**u**, u kazališt**u**	1
tab: -a (f.) | škola, kuhinja, teretana | u škol**i**, u kuhinj**i**, u teretan**i**	1
**Same *u/na* logic as before.** **u** = inside, **na** = on or at open places and events. The preposition does not change between *kamo?* and *gdje?* — only the ending does.	1
**This form is the locative.** It always comes after a preposition; on its own, a place stays in the naming form: *Ovo je škola.*	1
**Now you write them.** Idem u grad — sada sam u [gradu]. Idem u školu — sada sam u [školi]. Idem u kino — sada sam u [kinu].	1
Going or being?	1
Sorting sentences by what they describe. A verb of motion (*idem, ide, idemo*) keeps the Lesson 5 form: *u školu, na tržnicu*. Being, living, working or sleeping somewhere takes the new ending: *u školi, na tržnici*. Look at the verb first, then check the ending.	1
*idem u školu* = motion; *sam u školi, radi u uredu* = location. Verb first, then ending.	1
IDEM (→)	8
JESAM (📍)	8
Motion or location? Sort the sentences.	1
One tap completes the place. Masculine words ending in a consonant and neuter words in **-o** or **-e** take **-u** (*u kafiću, na moru, u kazalištu*); feminine words in **-a** take **-i** (*u školi, na tržnici*). Watch the neuter words: *more* and *kazalište* end in **-e**, but they take **-u**.	1
Consonant, **-o**, **-e** → **-u** (*na moru, u kazalištu*). **-a** → **-i** (*u školi*).	1
"English above, Croatian below. One tap puts the place in the ""being there"" form."	1
Marko is at the cinema.	2
We are at the market.	1
Ana works out at the gym.	1
We're sitting in the café.	1
Grandma is at the post office.	1
I buy bread at the bakery.	2
In the evening we're at the theater.	1
Mum is cooking in the kitchen.	1
The cat is sleeping on the roof.	1
Petra is in the bathroom.	1
We are at the concert.	1
Grandpa is reading in the library.	1
Choosing the form that fits the verb. After *idem, ide, idemo* the place keeps the Lesson 5 form (*u kino, na trg*); after *je, radim, živi, spava* it takes the locative (*u uredu, u školi*). The third option is a mix-up you should never write: *u uredi* puts a feminine ending on a masculine word.	1
*idem* → *u kino*; *sam, radim, živi* → *u uredu*. Never a feminine **-i** on a masculine word.	1
Choose the correct form. Read the verb first.	1
Djeca su ___ . (at the seaside)	2
You type the place in the locative. Look at the naming form in the bracket: a consonant or **-e** gets **-u** (*gradu, kazalištu*), **-a** becomes **-i** (*školi, knjižnici*). The preposition is already in the sentence, so type only the one word.	1
Type one word: consonant or **-e** → **-u**, **-a** → **-i**.	1
Say where! Type the correct form.	1
Splitu	3
The rule: u or na?	1
The second rule page, and it is shorter. The preposition you use to go somewhere is the same one you use to be there: *u školu → u školi*, *na tržnicu → na tržnici*. **u** is for inside, **na** for open places, surfaces and events. A few words change a letter before **-i** — only a preview today.	1
Same preposition for going and being: *u školu → u školi*. **u** inside, **na** open places and events.	1
Inside or at an open place? Read the table and fill in the last line.	1
**The preposition stays the same.** Whatever you use to go somewhere, you use to be there: *Idem **u** školu → Ja sam **u** školi. Idem **na** tržnicu → Ja sam **na** tržnici.*	1
tab: u — inside a room or building | na — open places, surfaces, events	1
tab: u školi | na tržnici	1
tab: u kinu | na trgu	1
tab: u kuhinji | na krovu	1
tab: u uredu | na koncertu	1
tab: u parku | na moru	1
**A few are conventions.** *na moru* (at the seaside), *na koncertu*, *na katu* — learn them together with the place, the way you learned *na more* in Lesson 5.	1
**Preview: k before -i.** A few feminine words change a letter before the new ending: *rijeka → na rijeci*, *banka → u banci*. Grammar 13 explains it; for now, just recognise the form when you hear it.	1
**Now you write them.** Ana je [na] tržnici. Marko je [u] kinu. Mi smo [na] koncertu.	1
Build your day	1
Whole sentences about where people are, built from tiles. Each place takes the locative after *u* or *na*, and *je, sam, su* stay in second place — also after *jer*: *jer je Ana u knjižnici*. A comma comes before *a* and *ali*.	1
Locative after *u/na*; *je, sam* in second place, also after *jer*. Comma before *a, ali*.	1
In or on?	2
Sorting places by their preposition. The ending is already there, so only *u* or *na* is missing. Rooms and buildings take **u** (*u kuhinji, u kafiću*); open places, surfaces and events take **na** (*na trgu, na krovu, na koncertu*). *Na moru* and *na otoku* are conventions to learn whole.	1
Rooms and buildings: **u**. Open places, surfaces, events: **na**. *na moru, na otoku*.	1
U	19
NA	19
Which preposition goes in front of each place? Sort them.	1
Locative sprint	1
"A timed sprint from the naming form to ""being there"". Add **-u** to a consonant, turn **-o/-e** into **-u**, and turn **-a** into **-i**. The preposition comes with the place: *u školi* but *na trgu*, *na moru*, *na koncertu*."	1
Naming form → locative: **-u** or **-i**, with the right *u* or *na*.	1
"A place flashes — tap the ""being there"" form."	1
Where is everyone?	1
A phone call built on *Gdje si?* Every answer about a place uses the locative: *u autobusu, u teretani, u uredu*. The friend reacts to what you say, so read the reply before you choose again. Both options are always correct Croatian.	1
Answer *Gdje si?* with the locative: *u autobusu, u teretani, u uredu*.	1
Friday evening phone call — find out where everyone is! Passive words: *znači* (so, that means), *bravo* (well done), *u osam* (at eight).	1
Read: around town	1
Read the story, then answer in Croatian. Almost every sentence says where somebody is, so each answer is a place in the locative: *u teretani, na tržnici, na krovu*. Watch Marko: he is in the library, but he is not studying.	1
Read, then answer. Each answer is a place: *u teretani, na tržnici, na krovu*.	1
Read the story, then answer the questions. Passive words: *svi* (everybody).	1
The scored mix of the whole lesson, and 80% opens Vocabulary 13. Most of the points sit on two things: after *u* or *na* a place where you are takes **-u** or **-i**, and a verb of motion keeps the Lesson 5 form instead.	1
The whole lesson, mixed; 80% opens Vocabulary 13. *gdje?* → **-u / -i**; motion keeps the L5 form.	1
Final check! Score 80% to be ready for Vocabulary 13.	1
en: I am in town.	1
en: Mum is cooking in the kitchen, and Dad is in the garden.	1
en: It is quiet in the museum, but not in the café!	1
A closing summary. You can now say where you are as well as where you are going, you know the two endings **-u** and **-i**, and you can choose between *u* and *na*. Vocabulary 13 and Grammar 13 build on exactly these two endings.	1
Where you are: **-u** and **-i** after *u* or *na*.	1
Sjajno! You now know where you're going AND where you are — the city is fully yours.	1
"**Next up:** Vocabulary 13 brings more places and every room of the flat, each card with its ""being there"" form. Grammar 13 explains the letter change in *na rijeci*, adds *o meni, o tebi* (about me, about you) and shows the plural places."	1
**Then Lesson 14:** generosity — giving things *to people*. *Mami kupujem šal, bratu loptu...* — the dative case, December edition.	1
Giving: The Dative	1
December generosity	1
A short read to open the lesson. Today you give things to people: the person who receives something takes a new form, the dative. It uses the two endings you learned for places in Lesson 13, **-i** and **-u**, in a new job: *Mami kupujem šal.*	1
The receiver takes the dative: **-i** or **-u**, the endings from Lesson 13. *Mami kupujem šal.*	1
Read it through — by the end you can hand out presents to the whole family.	1
December in Croatia: presents for everyone! But who gets what? *Mami* a scarf, *bratu* a ball, *sestri* a book...	1
Those endings — **-i** and **-u** — mark the *receiver*, the person something goes to. This form is the dative.	1
**You already know the endings.** In Lesson 13 you said *u školi* and *u gradu*. The dative uses the same **-i** and **-u**, only without *u* or *na* in front: *sestri*, *bratu*.	1
By the end of this lesson you can say who gets what, ask *Komu?* — to whom? — and send, bring and write things to anyone.	1
A timed warm-up on the locative from Lesson 13. After *u* or *na*, a place where you already are takes **-u** (*u gradu, na moru*) or turns **-a** into **-i** (*u školi*). *Gdje?* asks where you are, *kamo?* where you are going.	1
Lesson 13 against the clock: **-u** or **-i** after *u/na*. *gdje?* = where, *kamo?* = where to.	1
Location sprint from Lesson 13 — tap the correct form before the timer runs out.	1
Gift words	1
The presents of the lesson and six verbs that take a receiver. Many are from earlier levels: *poklon, čestitka, parfem, šal*. The gift itself takes the target form from Lesson 5: *Mami kupujem knjig**u**.* *Rukavice* and *novine* are always plural, like *hlače*.	1
Presents and six giving verbs. The gift takes the target form: *Mami kupujem knjigu.*	1
Presents big and small, and the verbs for giving them. Tap a card to reveal the meaning.	1
present, gift	2
greeting card	8
card	4
gloves	4
perfume	5
scarf	7
flowers	8
cake, pastry	3
package	6
Christmas	4
to give	9
to send	8
to carry, to bring	1
The receivers	1
The people who get presents, each with the form it takes as the receiver. A word ending in **-a** turns it into **-i** (*mama → mami*), and a consonant takes **-u** (*brat → bratu*). Look at *tata* and *pas*: *tati* ends in **-i** because *tata* ends in **-a**, and *pas* drops its *a*, as in *psa*.	1
**-a → -i** (*mami, tati*); consonant **+u** (*bratu*). *pas → psu*.	1
Family, friends and neighbours, first as they are named, then as receivers. Tap a card to reveal the meaning.	1
mum → to mum	1
dad → to dad	1
sister → to my sister	1
grandma → to grandma	1
brother → to my brother	1
grandpa → to grandpa	1
friend (m.) → to a friend	1
friend (f.) → to a friend	1
teacher (f.) → to the teacher	1
neighbour → to the neighbour	1
postman → to the postman	1
dog → to the dog	1
Ana → to Ana	1
Marko → to Marko	1
To whom?	2
The receiver endings	1
The main rule of the lesson. The person who receives something takes the dative: a word ending in **-a** turns it into **-i** (*mami, sestri*), a consonant or **-o** takes **-u** (*bratu, Marku*). Watch *tata*: it is masculine, but it ends in **-a**, so the receiver is *tati*.	1
Receiver: **-a → -i** (*mami, tati*); consonant or **-o** → **-u** (*bratu, Marku*).	1
One question, two endings. Read the table and fill in the last line.	1
**The person who receives takes the dative.** The thing you give keeps the target form from Lesson 5: ***Mami** kupujem šal.* — I'm buying Mum a scarf.	1
tab: Naming form ends in | The person | As the receiver	1
tab: -a | mama, sestra, Ana | mam**i**, sestr**i**, An**i**	1
tab: -a (also masculine) | tata | tat**i**	1
tab: consonant | brat, djed, susjed | brat**u**, djed**u**, susjed**u**	1
tab: -o (names) | Marko | Mark**u**	1
tab: consonant, a dropped | pas | ps**u**	1
**The last letter decides, not the gender.** *Tata* is masculine, but it ends in **-a**, so the receiver is *tati*. *Pas* drops its *a* here as well, exactly as in *psa*.	1
**The question word is *komu*.** — to whom? *Komu pišeš? — Baki!* The answer is one word, already in the dative.	1
**Now you write them.** Mama gets a scarf: [Mami] kupujem šal. Brat gets a ball: [Bratu] dajem loptu. Baka gets a letter: [Baki] pišem pismo.	1
Who gets what?	2
Each Croatian sentence beside its English meaning, in pairs that differ by one ending. *Mama kupuje šal* — Mum is the one buying. *Mami kupujem šal* — Mum is the one who gets it. Read the ending before you read the rest of the sentence.	1
*Mama kupuje* = Mum buys. *Mami kupujem* = I'm buying for Mum. The ending decides.	1
Who is giving, and who is getting? Match each sentence with its meaning.	1
Mum is buying a scarf.	1
I'm buying Mum a scarf.	3
My brother is writing a letter.	1
I'm writing my brother a letter.	1
Grandma is sending a package.	1
I'm sending Grandma a package.	2
Grandpa is bringing flowers.	1
I'm bringing Grandpa flowers.	1
My sister is giving a book.	1
I'm giving my sister a book.	1
-I or -U?	2
Sorting people by the ending they take as the receiver. Only the last letter of the naming form counts: **-a** gives **-i** (*mami, tati*), a consonant or **-o** gives **-u** (*bratu, Marku*). *Tata* and *Marko* are the two to watch — one masculine word takes **-i**, and one word in **-o** takes **-u**.	1
**-a** → **-i**, even *tata → tati*. Consonant or **-o** → **-u**: *bratu, Marku*.	1
Which ending does each person take as the receiver? Look at the last letter.	1
One tap completes the receiver. A word in **-a** takes **-i** (*mami, tati, učiteljici*), a consonant or **-o** takes **-u** (*bratu, Marku*). Watch *pomagati*: English *help* has no *to*, but the person you help takes the dative too — *Pomažem prijatelju*.	1
**-a** → **-i** (*tati* too); consonant or **-o** → **-u**. *Pomažem prijatelju.*	1
English above, Croatian below. One tap puts the person in the receiver form.	1
I'm giving my brother a ball.	2
I'm writing Grandpa a letter.	1
I'm buying Dad a book.	1
I'm sending Marko an e-mail.	1
I'm bringing Ana flowers.	1
I'm helping my friend.	1
I'm bringing Grandma cakes.	1
I'm giving the postman a letter.	1
I'm writing the teacher a greeting card.	1
I'm bringing the neighbour the newspaper.	1
I'm buying Petra perfume.	1
I'm giving Ivan a ticket.	1
I'm helping Mum in the kitchen.	1
For Christmas I'm sending my friend gloves.	1
Choosing the receiver's form. The dative ends in **-i** or **-u**; the naming form (*baka*) and the target form (*baku*) are the two mistakes to avoid. *Komu?* asks about the receiver, *koga?* about the target. With *tata*, **-u** is wrong: the receiver is *tati*.	1
Receiver: *baki*, not *baka* or *baku*. *Komu?* for the receiver. *tati*, never *tatu* here.	1
Choose the receiver's form.	1
Ana	6
Anu	6
You type the receiver's form of each word. Look at the last letter: **-a** becomes **-i** (*mami, tati, Ani*), a consonant or **-o** takes **-u** (*bratu, Marku*). Two need extra care: *pas* drops its *a* (*psu*), and *učiteljica* keeps all its letters before the **-i**.	1
**-a → -i**, consonant or **-o** → **-u**. *pas → psu*, *učiteljica → učiteljici*.	1
Type the receiver's form.	1
Ana →	2
Three giving verbs	1
The second rule page, and it is shorter. Verbs of giving put the person in the dative and the thing in the target form. *Pomagati* takes the dative as well, though English *help* has no *to*. The dative has the same endings as the locative, in a different job.	1
Person in the dative, thing in the target form. *Pomažem mami.* Same endings as the locative, new job.	1
Who gets it, and what they get. Read the table and fill in the last line.	1
**Dajem, šaljem, nosim — and kupujem, pišem as well.** With all of them the person goes into the dative and the thing into the target form from Lesson 5.	1
tab: Receiver (dative) | Verb | Thing (target form)	1
tab: Baki | šaljem | čokoladu.	1
tab: Učiteljici | nosim | pismo.	1
tab: Bratu | kupujem | loptu.	1
tab: Tati | pišem | e-mail.	1
**Pomagati works the same way.** English says *I help Mum* with no *to*, but in Croatian the person you help takes the dative: *Pomažem **mami**.* *Pomažem mamu* is wrong.	1
**Word order is free.** *Kupujem mami šal* and *Mami kupujem šal* are both correct. The receiver often comes first, especially in a list: *Mami kupujem šal, a tati knjigu.*	1
**Same endings, a different job.** In the singular the dative has the same endings as the locative from Lesson 13. The locative always follows *u* or *na* and says where (*u školi*); the dative stands without them and says to whom (*sestri*).	1
**Now you write them.** [Komu] pišeš? — Baki. Mama is cooking, and you help: Pomažem [mami]. The dog gets nothing: [Psu] ne dajem ništa!	1
Build the gift list	1
Whole sentences about who gets what, built from tiles. The receiver takes **-i** or **-u** and often takes the first tile; the gift is in the target form. In a list, the second verb can be left out after *a*: *Tati kupujem knjigu, a mami parfem.*	1
Receiver in **-i/-u**, often first; gift in the target form. Comma before *a*.	1
Dative sprint	1
A timed sprint from the naming form to the receiver. Turn **-a** into **-i** (*mama → mami*, also *tata → tati*) and give a consonant or **-o** the ending **-u** (*brat → bratu*, *Marko → Marku*). *Pas* drops its *a*: *psu*.	1
Naming form → receiver: **-a → -i**, consonant or **-o** → **-u**. *pas → psu*.	1
A person flashes — tap the receiver form.	1
The generous sibling	1
A chat about Christmas presents built on the dative. Every receiver you name takes **-i** or **-u**: *baki, bratu, sestri, psu*. Your friend reacts to what you say, so read each reply before you choose again. Both options are always correct Croatian.	1
Name the receivers with **-i** or **-u**: *baki, bratu, sestri, psu*.	1
A friend asks about your Christmas presents. Choose your replies. Passive words: *Baš lijepo od tebe!* (How nice of you!), *slatko* (sweet), *isto* (too, also), *Djed Mraz* (Father Christmas), *u redu* (all right), *za tebe* (for you).	1
Read: December gifts	1
Read the story, then answer in Croatian. Almost every sentence names a receiver in the dative — *mami, tati, baki, psu* — so the ending tells you who gets each present. Watch Marko: he has no money, so his present is different.	1
Read, then answer. The receiver in **-i/-u** shows who gets each present.	1
Read the story, then answer the questions. Passive words: *nema novca* (has no money), *pa* (so), *na kraju* (in the end).	1
A pairs game over the lesson's forms. Six giving verbs sit beside their *ja*-forms (*slati → šaljem*, *pomagati → pomažem*), and three people beside their receiver form — the three that surprise most: *tati*, *Marku*, *psu*.	1
Verbs with their *ja*-forms, and *tati, Marku, psu*.	1
Flip the cards: match each verb with its *ja*-form, and each person with the receiver form.	1
dajem	1
šaljem	1
nosim	1
kupujem	1
pomažem	1
tati	1
Marku	1
psu	1
The scored mix of the whole lesson, and 80% opens Vocabulary 14. Most of the points sit on two things: the receiver takes **-i** after a word in **-a** and **-u** after a consonant, and *komu?* is the question that asks about the receiver.	1
The whole lesson, mixed; 80% opens Vocabulary 14. **-a → -i**, consonant **+u**; *komu?*	1
Final check! Score 80% to be ready for Vocabulary 14.	1
en: I'm buying Mum a scarf.	2
to carry	7
en: I'm sending Grandma chocolate, and I'm writing Grandpa a letter.	4
en: I'm bringing Grandpa cakes because he likes sweet things.	1
A closing summary. You can now say who gets what: the receiver takes **-i** or **-u**, the gift keeps the target form, and *komu?* asks about the receiver. Vocabulary 14 and Grammar 14 build on exactly this form.	1
Receiver in **-i/-u**, gift in the target form, *komu?* for the receiver.	1
Divno! You can now give, send, bring and write things to anyone — the whole family is covered for Christmas.	1
**Next up:** Vocabulary 14 brings more receivers — *susjeda, nećak, kum* — and verbs such as *posuditi* (to lend) and *vratiti* (to give back). Grammar 14 adds the short receiver words *mi, ti, mu, joj, nam, vam, im*: *Baka **mi** šalje paket.*	1
**Then Lesson 15:** going out — *with friends*, *by train*, coffee *with milk*. That is the instrumental, the last case of this module.	1
Going Out: The Instrumental	1
Friday night!	1
A short read to open the lesson. Today's case, the instrumental, answers two questions: *with whom?* and *by what?* Company takes *s* or *sa* in front (*s Markom*), while the vehicle you travel in stands alone (*vlakom*). It is the last case of Module C.	1
The instrumental: *s Markom* (with Marko), *vlakom* (by train). Last case of Module C.	1
Read it through — by the end you can plan a whole Friday night.	1
Friday night! You're going out — but *with whom*, and *how* are you getting there?	1
*S Markom* (with Marko), *sa sestrom* (with my sister), *vlakom* (by train), *kava s mlijekom* (coffee with milk)... Today's case is the instrumental — the case of company and means, and the last case of this module.	1
**One ending, two jobs.** With *s* or *sa* in front, the instrumental says who is with you: *Idem u kino **s Markom**.* With nothing in front, it says how you travel: *Idem **vlakom**.*	1
By the end of this lesson you can say who you go out with, how you get there, and ask *S kim ideš?* — who are you going with?	1
A timed warm-up on the dative from Lesson 14. The person who receives something turns **-a** into **-i** (*mami, tati*), and a consonant or **-o** takes **-u** (*bratu, Marku*). *Pas* drops its *a*: *psu*. *Komu?* asks about the receiver.	1
Lesson 14 against the clock: **-a → -i**, consonant or **-o** → **-u**. *pas → psu*, *Komu?*	1
Dative sprint from Lesson 14 — tap the receiver's form before the timer runs out.	1
Words for a night out	1
The places, drinks and verbs for going out. Most are from earlier levels — *kino, koncert, kafić, šećer* — and come back because today they take the instrumental. New are *izlazak*, *večera* (dinner), *prijevoz* (transport) and *izlaziti*. *S kim?* asks who you are going with.	1
Places, drinks and verbs for going out. New: *izlazak, večera, prijevoz, izlaziti*. *S kim?* = with whom?	1
Where you go, what you drink there and what you do. Tap a card to reveal the meaning.	1
a night out	5
theatre	3
dinner	3
transport	5
cup	8
to go out	6
to go	8
with	2
With whom?	3
With whom? By what?	1
Every word here is shown twice: as you name it, and in the instrumental. A consonant adds **-om** (*vlakom, s bratom*), **-a** turns into **-om** (*sa sestrom*), and a soft ending such as **-j** or **-lj** takes **-em** (*tramvajem, s prijateljem*). *Taksi* adds a *j* first: *taksijem*. People come with *s*, vehicles without it.	1
**-om** after a consonant or for **-a**; **-em** after a soft sound. People with *s*, vehicles without.	1
People you go out with and ways to get there, each with its instrumental form. Tap a card to reveal the meaning.	1
brother → with my brother	1
sister → with my sister	1
mum → with Mum	1
dad → with Dad	1
Marko → with Marko	1
Ana → with Ana	1
friend → with a friend	1
train → by train	1
bus → by bus	1
tram → by tram	1
car → by car	1
bicycle → by bike	1
taxi → by taxi	1
on foot	5
The company endings	1
The first rule of the lesson. With *s* in front, the person who is with you takes the instrumental: a consonant or **-o** adds **-om** (*s bratom, s Markom*), **-a** turns into **-om** (*sa sestrom*), and after a soft sound the ending is **-em** (*s prijateljem*). Before s, š, z, ž the preposition is *sa*.	1
*s* + **-om** (*s bratom, sa sestrom*); after a soft sound **-em** (*s prijateljem*). *sa* before s, š, z, ž.	1
One preposition, two endings. Read the table and fill in the last line.	1
**With someone = s / sa + instrumental.** The person after *s* takes a new ending: *Idem u kino **s Markom**.* — I'm going to the cinema with Marko.	1
tab: Naming form ends in | The person | With them	1
tab: consonant | brat, Ivan | s brat**om**, s Ivan**om**	1
tab: -o | Marko | s Mark**om**	1
tab: -a | sestra, Ana, tata | sa sestr**om**, s An**om**, s tat**om**	1
tab: soft sound (j, lj, nj, č, ć, š, ž) | prijatelj, muž | s prijatelj**em**, s muž**em**	1
**The last sound decides.** Most words take **-om**. Only after a soft sound does the ending become **-em**: *s prijateljem, s mužem*, and in the same way *s kolačem*.	1
**Things that come along take the same form.** Milk in the coffee is company too: *kava **s mlijekom**, čaj **s limunom***. A neuter word in **-o** takes **-om** like a masculine one: *mlijeko → s mlijekom*.	1
**s or sa?** Before a word that starts with s, š, z or ž, *s* becomes *sa*: ***sa** sestrom, čaj **sa** šećerom*. Everywhere else it is *s*: *s bratom, s Anom*.	1
**Now you write them.** Idem u kino s [Markom]. Idem u grad sa [sestrom]. Pijem kavu s [mlijekom].	1
Each person beside the form that follows *s*. The last letter of the naming form decides: **-a** turns into **-om** (*s Anom, s bakom*), a consonant or **-o** adds **-om** (*s Markom, s djedom*), and a soft *lj* or *ž* takes **-em** (*s prijateljem, s mužem*). *Sestra* takes *sa*, because it starts with *s*.	1
**-a → -om**, consonant or **-o** + **-om**, soft sound + **-em**. *sa sestrom*.	1
"Match each person with the ""with"" form."	1
s Markom	2
sa sestrom	2
s bratom	2
s Anom	1
s prijateljem	2
s tatom	1
s Petrom	1
s mužem	1
s bakom	1
s djedom	2
One tap completes the instrumental. Most words take **-om**: a consonant adds it and **-a** turns into it, so *sestra* becomes *sestrom*. After a soft sound — **j, lj, nj, č, ć, š, ž** — the ending is **-em**: *prijateljem, tramvajem, kolačem*. The vehicles take the same endings, only without *s*.	1
**-om** after most sounds and for **-a**; **-em** after j, lj, nj, č, ć, š, ž: *prijateljem, tramvajem*.	1
English above, Croatian below. One tap puts the word in the instrumental.	1
I'm going out with a friend.	1
We're travelling by train.	1
I'm going to the concert with my sister.	1
We're going into town by tram.	2
I play chess with Marko.	1
I'm having coffee with a cake.	1
Petra is going to the theatre with her husband.	1
I drink tea with lemon.	1
I go to work by bike.	1
I'm talking with the waiter.	2
I'm having dinner with Ana.	1
I'm sitting in a café with the teacher.	1
Grandma drinks tea with sugar.	1
"By train, by bus: means without ""s"""	1
The second rule, and the second job of the instrumental. For the way you travel, the vehicle takes the same ending with nothing in front: *Idem vlakom*, never *s vlakom*. Ask *S kim?* about company and *Kako?* about the way. On foot is one fixed word: *pješice*.	1
Vehicle: instrumental, no *s*: *Idem vlakom.* *S kim?* for company, *Kako?* for the way.	1
Same endings, no preposition. Read the table and fill in the last line.	1
**Company keeps the *s*, means drops it.** For *how* you travel, the vehicle takes the instrumental with no preposition in front.	1
tab: Company — with someone | Means — by something	1
tab: Idem s bratom. | Idem vlakom.	1
tab: Idem sa sestrom. | Idem autobusom.	1
tab: Idem s Markom. | Idem biciklom.	1
tab: Idem s prijateljem. | Idem tramvajem.	1
**The vehicle is the instrument.** That is where the case gets its name: the thing you use takes the instrumental. Small tools work the same way: *Jedem juhu **žlicom**. Pišem **olovkom**. Plaćam **karticom**.*	1
**Idem s vlakom is wrong.** With *s*, the train would be your companion. A person takes *s*, a vehicle takes nothing, and both fit in one sentence: *Idem **s Markom vlakom**.* — I'm going by train with Marko.	1
**Two questions.** ***S kim?*** — with whom? — asks about company: *S kim ideš? — S Anom.* ***Kako?*** — how? — asks about the way: *Kako ideš? — Vlakom.* On foot is one fixed word, not a case form: *Idem **pješice**.*	1
**Now you write them.** Idemo [vlakom]. Putujem [autobusom]. Ideš [autom] ili [biciklom]? [S] kim ideš na koncert?	1
s or no s?	1
Sorting phrases by whether they need *s* or *sa*. People, and the things that come along with you or with your drink, take *s*: *s Anom, čaj s limunom*. A vehicle or a tool you use takes the instrumental alone: *vlakom, žlicom*.	1
Company (people, milk in the coffee): *s / sa*. Vehicle or tool: nothing in front.	1
WITH s/sa (company)	9
NO PREPOSITION (means)	9
Company or means? Does the phrase need *s* or *sa*? (Coffee with milk counts as company — the milk comes along.)	1
Choosing the correct instrumental. The two usual mistakes are the naming form after *s* (*s Marko*) and an *s* in front of a vehicle (*s vlakom*). Watch the soft endings too: *s prijateljem* and *tramvajem*, never *s prijateljom* or *tramvajom*.	1
Not *s Marko*, not *s vlakom*. Soft endings: *s prijateljem, tramvajem*.	1
You type the instrumental, and you decide what goes in front. People and things that come along take *s* (*s bratom, s limunom*), *sa* before s, š, z, ž (*sa sestrom*), and a vehicle takes nothing (*vlakom*). After a soft sound the ending is **-em**.	1
Company: *s* or *sa* + instrumental. Vehicle: instrumental alone. Soft sound: **-em**.	1
"Type the ""with"" form — add *s* or *sa* where it is needed."	2
Build the night out	1
Whole sentences about a night out, built from tiles. *S* or *sa* stands directly in front of the person, a vehicle has no tile in front of it, and a comma comes before *a* and *nego*.	1
*s / sa* before the person, nothing before the vehicle. Comma before *a* and *nego*.	1
Instrumental sprint	1
A timed sprint from the naming form to the instrumental. People and drinks come with *s* or *sa* (*s bratom, sa sestrom, s mlijekom*), vehicles come alone (*vlakom*). The soft endings take **-em**: *s prijateljem, tramvajem*, and *taksi* adds a *j*: *taksijem*.	1
Naming form → instrumental. People with *s*, vehicles alone; soft sound **-em**.	1
A word flashes — tap its instrumental: with *s* for company, alone for a vehicle.	1
Concert plans	1
A chat about Saturday's concert, built on the instrumental. You say who you are going with (*sa sestrom, s bratom*) and how you get there (*vlakom*), and your friend reacts to your answer. Both options are always correct Croatian, so pick the one you like.	1
Say who with (*sa sestrom*) and how (*vlakom*). Your friend reacts to your answer.	1
Saturday's concert is coming up. Sort out the plans with your friend. Passive words: *već* (already), *još* (still, yet), *zajedno* (together), *zna sve pjesme* (knows all the songs), *poslije* (afterwards).	1
Read: Friday night & train rides	1
Read the story, then answer in Croatian. Almost every sentence has an instrumental, so ask the same two questions as the lesson: *s kim?* points to a person with *s*, *kako?* to a vehicle with nothing in front.	1
Read, then answer. *s kim?* → a person with *s*; *kako?* → a vehicle alone.	1
Read the story, then answer the questions. Passive words: *prvo* (first), *onda* (then), *spor* (slow), *doma* (home).	1
A pairs game over naming forms and their instrumentals. Two patterns cover every pair: people and drinks come with *s* or *sa* (*s bratom, s mlijekom*), and vehicles come alone (*vlakom*). Three pairs take **-em**: *s prijateljem, tramvajem, taksijem*.	1
Naming form with instrumental: *s bratom*, *vlakom*; **-em** in *s prijateljem, tramvajem*.	1
Flip the cards and match each word with its instrumental.	1
s mlijekom	1
vlakom	1
tramvajem	1
autobusom	1
taksijem	1
Module C checkpoint	1
The scored mix of the lesson and of Module C, and 80% opens Vocabulary 15. Most of the points sit on the instrumental — *s* for company, nothing for a vehicle — and four questions come back from Lessons 11 to 14: a question word, a negation, a place and a receiver.	1
Lesson 15 plus Module C; 80% opens Vocabulary 15. *s* for company, nothing for a vehicle.	1
Module checkpoint! The instrumental, plus questions, negation and the cases from Lessons 13 and 14. Score 80% to be ready for Vocabulary 15.	1
en: I'm going to a concert with my sister.	1
en: Grandma drinks tea with sugar.	1
en: Who are you going to the cinema with?	1
A closing summary. You can now say who you are with and how you travel: *s* or *sa* with the instrumental for company, the instrumental alone for a vehicle, and *s kim?* to ask about company. With it, Module C is complete.	1
*s / sa* + instrumental for company, instrumental alone for a vehicle. Module C complete.	1
ČESTITAMO! Module C is complete. You can ask, refuse, say where things are, say who gets what — and now who you are with and how you get there. That makes five of the seven Croatian cases.	1
**Next up:** Vocabulary 15 brings more words for a night out, new vehicles such as *trajekt* and *skuter*, and the weather: *kiša, vjetar, sunčan*. Grammar 15 adds the short company words *sa mnom, s tobom, s njim, s njom*: *Ideš li **sa mnom**?*	1
**Then Lesson 16:** grandma's house and the genitive — whose something is, what is missing, and where it comes from.	1
Grandma's House: The Genitive	1
Whose? Without what? From where?	1
A short read to open the lesson. Today's case, the genitive, has three everyday jobs: it shows what something belongs to (*miris kave*), it follows little words such as *bez* and *iz* (*bez šećera, iz Zagreba*), and it names what is missing after *nema*.	1
The genitive: belonging (*miris kave*), after *bez, iz, kod…* (*bez šećera*), after *nema*.	1
Read it through — by the end you can find your way around Grandma's house.	1
Whose house? Grandma's. Coffee without what? Without sugar. From where? From Zagreb.	1
All three answers use one case — the **genitive**: *kuća moje **bake*** (my grandma's house), *kava bez **šećera*** (coffee without sugar), *iz **Zagreba*** (from Zagreb).	1
**Two endings do most of the work.** A masculine or neuter word adds **-a** (*šećer → šećera, more → mora*), and a feminine word in **-a** turns it into **-e** (*baka → bake*).	1
By the end of this lesson you can say where you come from (*Odakle si? — Iz Splita.*), describe a house — what is next to it, in front of it and behind it — and say what is missing: *Nema problema!*	1
A timed warm-up on the instrumental from Lesson 15. People and things that come along take *s* or *sa* (*s bratom, sa sestrom, s mlijekom*), and a vehicle stands alone (*vlakom*). After a soft sound the ending is **-em**: *s prijateljem, tramvajem*.	1
Lesson 15 against the clock: *s bratom, sa sestrom*, vehicle alone: *vlakom*. Soft sound **-em**.	1
Instrumental sprint from Lesson 15 — tap the correct form before the timer runs out.	1
House & home words	1
The words for Grandma's house and garden. Most nouns are new; *vrt, vrata, kuhinja, zid* and *šećer* come back from earlier levels, because today they take the genitive. *Vrata* exists only in the plural, like *hlače*. The verbs come with their *ja*-form.	1
House and garden words. *vrata* is plural only. Verbs with the *ja*-form.	1
Rooms, walls, a garden and the things that happen in it. Tap a card to reveal the meaning.	1
fence	6
grass	4
colour	3
smell	6
piece	5
world	5
place	3
to come	9
to look after, to keep	4
to grow	6
to hang	5
to leave (behind)	5
to find	5
to repair	5
Little words with the genitive	1
The little words that are followed by the genitive, each shown in a phrase. *Bez* means without, *iz* from or out of, *kod* at someone's place, and *pokraj, ispred, iza, blizu* place something next to, in front of, behind or near something else. *Odakle?* asks where someone comes from.	1
*bez, iz, od, do, kod, pokraj, ispred, iza, blizu* + genitive. *Odakle?* = from where?	1
Each little word with a genitive after it. Tap a card to reveal the meaning.	1
without → without sugar	1
from, out of → from Zagreb	1
from, of → a chocolate cake	1
from… to… → from Zagreb to the sea	1
at someone's place → at Grandma's	1
next to → next to the house	1
in front of → in front of the house	1
behind → behind the wall	1
near → near the sea	1
From where? → Where are you from? — From Split.	1
there is no → There's no sugar.	1
No hurry.	2
The genitive endings	1
The first rule of the lesson. A masculine or neuter noun adds **-a** (*brat → brata, more → mora*), and a feminine noun turns **-a** into **-e** (*baka → bake*). The genitive has three jobs: the owner, after little words such as *bez* and *iz*, and after *nema*.	1
Masculine and neuter **+a** (*brata, mora*); feminine **-a → -e** (*bake*). Three jobs.	1
Two endings, three jobs. Read the table and fill in the last line.	1
**The endings, by gender.**	1
tab: Gender | On its own | In the genitive | Ending	1
tab: masculine | brat, šećer | brata, šećera | **+a**	1
tab: masculine in -o | Marko | Marka | **-o → -a**	1
tab: neuter | more, mlijeko | mora, mlijeka | **-e / -o → -a**	1
tab: feminine | baka, kava | bake, kave | **-a → -e**	1
**A familiar form.** For a person or an animal, the masculine genitive looks just like the target form from Lesson 6: *Čekam brata.* — *kod brata*. A word that loses its **a** there loses it here too: *pas → psa*.	1
**Three jobs, one case.** **1. Belonging:** the owner comes *after* the thing, in the genitive — *miris **kave*** (the smell of coffee), *vrata **kuće*** (the door of the house). **2. After certain little words:** *bez **šećera**, iz **Zagreba**, kod **bake**, pokraj **kuće**.* **3. After *nema*:** *Nema **šećera**.*	1
**Things and people.** The genitive is the standard way to say *of* for things: *boja neba, miris mora*. For a single family word, Croatian usually uses another form, *bakina kuća* (Grandma's house) — take that one whole for now. When the owner has a word with it, the genitive is standard, and the word *moja* takes **-e** too: *kuća **moje bake***.	1
**Now you write them.** Ovo je kuća moje [bake]. Pijem kavu bez [šećera]. Dolazim iz [Zagreba].	1
Each English phrase beside its Croatian version. In every pair the owner or the whole comes second and takes the genitive: *miris kave* is the smell of coffee, *komad torte* a piece of cake. A feminine word ends in **-e**, a masculine or neuter one in **-a**.	1
The owner comes second, in the genitive: *miris kave, komad torte, boja neba*.	1
Match the English with the Croatian — notice who owns what.	1
kuća moje bake	1
vrata kuće	1
komad torte	1
miris kave	1
boja neba	1
centar grada	1
zid kuhinje	1
miris mora	1
boja trave	1
slika mora	1
Which job?	3
Sorting sentences by the job of the genitive. If the form tells you whose or of what, it is **belonging**. If it follows a little word such as *bez, iz, kod, pokraj*, it is **a preposition**. If it follows *nema*, something is **missing**.	1
*whose / of what* → belonging; after *bez, iz, kod…* → preposition; after *nema* → missing.	1
BELONGING	16
AFTER A LITTLE WORD	6
AFTER NEMA	6
What is the genitive doing in each sentence? Sort them.	3
One tap completes the genitive. A masculine or neuter word takes **-a** — also *Marko → Marka* and *more → mora* — and a feminine word in **-a** takes **-e**. Read the whole sentence: the little word in front or *nema* tells you the genitive is needed.	1
Masculine and neuter **-a** (*Marka, mora*); feminine **-e** (*bake*).	1
It's nice at Grandma's.	1
Next to the house there's a garden.	1
We're travelling to the sea.	1
The smell of coffee is lovely.	1
Behind the wall there's grass.	1
The kitchen door is open.	1
There's no internet at Marko's.	1
A picture of the sea hangs on the wall.	1
In front of the school there's a park.	1
Near the sea there's a house.	1
A chocolate cake, please.	1
Choosing the correct genitive. The usual mistakes are the naming form after a little word (*bez šećer*), the place form from Lesson 13 (*iz Zagrebu*), and *-a* on a feminine word (*kod baka*). The genitive of a feminine word ends in **-e**.	1
Not *bez šećer*, not *iz Zagrebu*. Feminine: **-e** (*kod bake*).	1
Choose the correct genitive.	1
Zagreb	3
Splita	4
Split	2
You type the genitive yourself. The little word or *nema* is given, and the word in the naming form is in front of the arrow. Masculine and neuter words add **-a** (*šećera, mora*), feminine words turn **-a** into **-e** (*bake*), and *Marko* becomes *Marka*.	1
Masculine and neuter **+a**; feminine **-a → -e**; *Marko → Marka*.	1
Type the genitive form.	1
bake	7
more → miris ___	1
"""Nema"" — the useful no"	1
The second rule: *nema* means *there is no*, and what is missing takes the genitive: *Šećer je na stolu.* → *Nema šećera.* The same pattern gives three everyday phrases. The page also sets *iz* beside *u*: *u Zagrebu* is where, *iz Zagreba* is where from.	1
*nema* + genitive = there is no: *Nema šećera.* *u Zagrebu* (where) vs. *iz Zagreba* (from where).	1
One small word, a whole phrasebook. Read the tables and fill in the last line.	1
**There is no = nema + genitive.** When something is missing, *nema* stands in front and the missing thing takes the genitive: *Šećer je na stolu.* → ***Nema šećera.*** It does not change with the person — it is always *nema*.	1
tab: Croatian | English | When you hear it	1
tab: Nema problema! | No problem! | daily, everywhere	1
tab: Nema interneta. | There's no internet. | in a café	1
tab: Nema žurbe. | No hurry. | said to you, kindly	1
**Kamo? Gdje? Odakle?** The same town in three cases, one for each question. *Iz* is the opposite of *u*.	1
tab: Question | Answer | Case	1
tab: Kamo ideš? | U Zagreb. | accusative (Grammar 5)	1
tab: Gdje si? | U Zagrebu. | locative (Lesson 13)	1
tab: Odakle dolaziš? | Iz Zagreba. | genitive (today)	1
**Now you write them.** Nema [problema]! Nema [interneta]. Dolazim iz [Zagreba].	1
Whole sentences about Grandma's house, built from tiles. The genitive comes right after the little word or after the thing it belongs to — *bez šećera, vrata kuće* — and a comma comes before *ali* and *a*.	1
Genitive right after the little word or the thing: *bez šećera, vrata kuće*.	1
Genitive sprint	1
A timed sprint from the naming form to the genitive. Masculine and neuter words add **-a** (*brata, mora*), feminine words turn **-a** into **-e** (*bake, kuće*). Names work the same way: *Marko → Marka, Ana → Ane*.	1
Naming form → genitive: **+a** (*brata, mora*), **-a → -e** (*bake, kuće*).	1
A word flashes — tap its genitive before the timer runs out.	1
Ane	1
A café order with the genitive everywhere: *bez šećera, komad torte, nema interneta*, and at the end *Odakle ste?* The waiter uses the polite *vi*, reacts to your order, and every option you can choose is correct Croatian.	1
*bez šećera, komad torte, nema interneta, Odakle ste?* The waiter reacts to your order.	1
Order like a local — the genitive is in almost every line. Passive words: *Izvolite?* (What can I get you?), *specijalitet kuće* (house speciality), *kolač od sira* (cheesecake), *Dobro došli!* (Welcome!), *izdaleka* (from far away).	1
Read: Grandma's house	1
Read the description, then answer in Croatian. Almost every sentence has a genitive — *pokraj kuće, iza kuće, bez šećera, komad torte* — so look for the little word in the question and find the same one in the text.	1
Read, then answer. Find the little word from the question in the text.	1
Read the text, then answer the questions. Passive words: *veliki* (big), *popravlja* (repairs), *nema ni problema* (there's no problem either).	1
A pairs game over naming forms and their genitives. Masculine and neuter words add **-a**: *brat → brata, more → mora*. Feminine words turn **-a** into **-e**: *baka → bake*. The pair *Marko → Marka* works like *brat → brata*.	1
Naming form with genitive: **+a** (*brata, mora*), **-a → -e** (*bake*).	1
Flip the cards and match each noun with its genitive.	1
brata	1
mora	1
kave	1
šećera	1
kuće	1
Marka	1
mlijeka	1
torte	1
The scored mix of the lesson, and 80% opens Vocabulary 16. Most points are on the two genitive endings — **+a** for masculine and neuter, **-e** for feminine — and on the three jobs: belonging, the little words and *nema*.	1
Lesson 16; 80% opens Vocabulary 16. **+a** / **-e**; belonging, little words, *nema*.	1
Final check! Score 80% to be ready for Vocabulary 16.	1
en: Coffee without sugar, please.	1
next to	5
without	8
from	3
en: The door of the house is old.	1
en: Next to the house there's a garden.	2
A closing summary. You can now say whose something is, where you come from and what is missing: masculine and neuter words add **-a**, feminine words take **-e**, and *nema* is followed by the genitive.	1
**+a** / **-e**; belonging, *bez, iz, kod, pokraj…*, *nema* + genitive.	1
Bravo! Belonging, origin and absence — you can describe Grandma's house, say where you come from and order coffee *bez šećera*.	1
**Next up:** Vocabulary 16 brings more of the house — *zavjesa, namještaj, lonac* — and the rest of the little words: *iznad, ispod, između*. Grammar 16 shows what happens after numbers: *dva brata, pet kuća*.	1
**Then Lesson 17:** you take command — *Uzmi! Dodaj! Miješaj!* — the imperative, taught with a pancake recipe.	1
Take Command: The Imperative	1
Time to give orders	1
A short read to open the lesson. The imperative gives orders, instructions and directions. You build it from the *ti* form of the present: *gledaš → gledaj, uzmeš → uzmi, piješ → pij*, and for a group or a polite *vi* you add **-te**: *uzmite*.	1
The imperative, from the *ti* form: *gledaj, uzmi, pij*. Groups and polite *vi*: **+te**.	1
Read it through — by the end you can make pancakes and send a tourist to the station.	1
Time to give orders — politely, of course. Recipes, directions, a football coach: they all use the **imperative**.	1
Croatian commands are short: *Uzmi!* (take!), *Idi!* (go!), *Miješaj!* (mix!). For a group, or for someone you call *vi*, they get **-te**: *Uzmite! Idite!*	1
**You already know the ti form.** The imperative is built from it, so every verb you have learned since Lesson 3 can now give an order.	1
By the end of this lesson you can follow and write a recipe, give directions in town, and say *don't* two ways: *Ne trči!* and *Nemoj trčati!*	1
A timed warm-up on the genitive from Lesson 16. After *bez, iz, kod, pokraj* and *nema* a masculine or neuter word takes **-a** (*šećera, mora*), and a feminine word in **-a** takes **-e** (*bake, kuće*).	1
Lesson 16 against the clock: **+a** (*šećera, mora*), **-a → -e** (*bake, kuće*).	1
Genitive sprint from Lesson 16 — tap the correct form before the timer runs out.	1
Kitchen & street words	1
The words for a recipe and for finding your way. The kitchen half is new — *brašno, tava, ulje, tijesto* — and the street half brings the three directions *lijevo, desno, ravno* with *naprijed* and *natrag*. *Kolodvor, cesta* and *semafor* come back from Vocabulary 6.	1
Recipe words (*brašno, tava, ulje*) and directions (*lijevo, desno, ravno, naprijed, natrag*).	1
What you cook with and how you get there. Tap a card to reveal the meaning.	1
egg → eggs	1
flour	11
salt	5
pan	8
oil	6
cream	5
dough	5
minute	2
train station	1
traffic lights	2
crossroads	5
left	5
right	6
straight ahead	7
forward	6
back, backwards	7
far	7
Verbs and their commands	1
Each verb is shown three times: the infinitive, the *ti* form and the order. Compare the last two — the imperative is the *ti* form with a new ending. *Peci* (bake!) changes *č* back to *c*, and *dođi* and *idi* are worth learning whole.	1
infinitive → *ti* form → order: *uzeti → uzmeš → uzmi!* *peci, dođi, idi*: learn whole.	1
Infinitive, *ti* form, command. Tap a card to reveal the meaning.	1
to take → take!	1
to add → add!	1
to mix → mix!	1
to heat up → heat up!	1
to put → put!	1
to flip, to turn over → flip!	1
to bake, to fry → bake!	1
to share → share!	1
to turn (left or right) → turn!	1
to cross → cross!	1
to hurry → hurry!	1
to come → come!	1
to go → go!	1
don't (softer)	2
Making commands	1
The first rule of the lesson. Take the *ti* form and change its ending: **-aš** becomes **-aj** (*gledaj*), **-eš** or **-iš** becomes **-i** (*uzmi, stavi*), and after a **j** the ending is dropped (*piješ → pij*). For a group or the polite *vi*, add **-te**.	1
**-aš → -aj**, **-eš / -iš → -i**, *-ješ* → **-j** (*pij*). Group or polite: **+te**.	1
One form, three endings. Read the table and fill in the last line.	1
**Take the *ti* form and change the ending.**	1
tab: The ti form ends in | You say (ti) | The order (ti) | The order (vi)	1
tab: -aš | gledaš, dodaš | gled**aj**!, dod**aj**! | gled**ajte**!, dod**ajte**!	1
tab: -eš, -iš | uzmeš, staviš | uzm**i**!, stav**i**! | uzm**ite**!, stav**ite**!	1
tab: -ješ (a j before -eš) | piješ, zagriješ | pi**j**!, zagri**j**! | pi**jte**!, zagri**jte**!	1
**Three steps.** Say the *ti* form, drop **-š**, and look at what is left: *dodaš → doda- → dodaj*, *uzmeš → uzme- → uzmi*, *piješ → pije- → pij*. The same works for every verb you know: *kupuješ → kupuj, trčiš → trči, pišeš → piši*.	1
**For a group or for vi, add -te.** *Uzmi!* to a friend, ***Uzmite!*** to two friends or to a stranger. You have heard it since the early lessons: *Izvoli**te**!*	1
**Two to learn whole.** *Ići* and *doći* have present forms that do not look like the infinitive (*ideš, dođeš*), so learn their orders as a pair: ***idi / idite*** and ***dođi / dođite***. *Peći* gives ***peci***.	1
**Now you write them.** [Gledaj] me! [Uzmi] jednu! [Pij] vodu! [Uzmite] kartu!	1
Spot the command	1
Each command beside its meaning. The endings show the three groups: **-aj** from verbs in *-aš* (*dodaj, miješaj*), **-i** from verbs in *-eš* or *-iš* (*uzmi, skreni, stavi*), and **-j** after a *j* (*pij*). *Idi* and *dođi* are the two to learn whole.	1
**-aj** (*dodaj*), **-i** (*uzmi, skreni*), **-j** (*pij*). *idi, dođi* whole.	1
Match the command with its meaning.	1
Take!	1
Add!	1
Mix!	1
Go!	1
Turn!	1
Look!	1
Hurry!	1
Come!	1
Put!	1
Drink!	1
One friend or a group?	1
Sorting commands by who they are for. The plain form is for one person you call *ti*: *uzmi, idi, pij*. With **-te** it is for a group, or for one person you call *vi*: *uzmite, idite, pijte*. *Nemoj* and *nemojte* work the same way.	1
No **-te** → one friend (*ti*). **-te** → a group or polite *vi*.	1
JEDNOM (ti)	8
GRUPI ILI VI	8
Is the command for one friend, or for a group (or someone you call *vi*)?	1
One tap turns the verb into an order for one friend. Verbs whose *ti* form ends in **-aš** take **-aj**, verbs in **-eš** or **-iš** take **-i**, and when a **j** comes before *-eš* the order ends in that **j**: *piješ → pij, kupuješ → kupuj*.	1
*-aš* → **-aj**; *-eš / -iš* → **-i**; *-ješ* → **-j**.	2
The *ti* form is in the English line. One tap makes the order.	2
Put on the jam! (staviš)	1
Choosing the correct imperative. The wrong options take the wrong ending: **-aj** on a verb in *-eš*, **-i** on a verb in *-aš*, or an extra *-j* where none belongs. The label in brackets tells you who gets the order: one friend, or a group.	1
Not *uzmaj*, not *dodi*, not *uzmij*. One friend: no **-te**; group: **+te**.	2
One friend or a group? Choose the right command.	1
Type the order	1
You type the order yourself, for one friend or for a group. Start from the *ti* form: **-aš** gives **-aj**, **-eš** and **-iš** give **-i**, and *-ješ* gives **-j**. For the group add **-te**. *Idi* and *dođi* are the two learned whole.	1
*ti* form → **-aj / -i / -j**; group **+te**. *idi, dođi*.	1
Type the command. (ti) = one friend, (vi) = a group.	2
"Saying ""don't"""	1
The second rule: two ways to say *don't*. Put *ne* in front of the order (*Ne trči!*), or use *nemoj* / *nemojte* with the infinitive (*Nemoj trčati!*). Both are correct; *nemoj* sounds softer. A *don't* is usually about an ongoing action, so it takes a verb like *trčati* or *gledati*.	1
*Ne* + order (*Ne trči!*) or *nemoj / nemojte* + infinitive (*Nemoj trčati!*).	1
Two ways to say *don't*. Read the table and fill in the last line.	1
**Two kinds of *don't*.**	1
tab: Style | How | Example	1
tab: direct | **ne** + order | Ne trči! Ne gledaj telefon!	1
tab: softer | **nemoj / nemojte** + infinitive | Nemoj trčati! Nemojte spavati!	1
**Both are correct**, and *nemoj* sounds friendlier — it is the one you want with people you have just met. *Nemoj* is for one friend, *nemojte* for a group or for *vi*, just like *uzmi / uzmite*.	1
**After *nemoj*, the verb stays in the infinitive:** *Nemoj **gledati** telefon!* — not *Nemoj gledaj*.	1
**Don't, while something is going on.** A *don't* usually stops an activity, so it uses a verb for an ongoing action: *Ne trči! Nemoj piti kavu navečer!*	1
**Now you write them.** [Ne] trči! [Nemoj] trčati! [Nemojte] spavati!	1
You turn each order into a *don't*, and both ways are accepted: *ne* in front of the order, or *nemoj / nemojte* with the infinitive. Keep the person: an order with **-te** needs *nemojte*.	1
*Ne* + order, or *nemoj(te)* + infinitive. **-te** → *nemojte*.	1
Tell them NOT to do it — both ways work.	1
The recipe	1
Sequence the pancake recipe. Ingredients come first, then salt and mixing; the pan is heated before anything is fried, and a pancake is flipped only after it has been in the pan. Jam and sharing come last.	1
Ingredients, mixing, the hot pan, frying, flipping, jam, sharing.	1
The pancake recipe got scrambled! Put the steps in order.	1
Build the instructions	1
Whole instructions from tiles. The order usually opens the sentence (*Uzmi, Idite, Skrenite*), *ne* stands directly in front of it, and after *nemoj* the verb is an infinitive. Two orders can be joined with *i*.	1
The order first; *ne* right before it; *nemoj* + infinitive.	1
Arrange the tiles.	3
Command sprint	1
A timed sprint from the *ti* form to the order. **-aš** becomes **-aj** (*gledaš → gledaj*), **-eš** or **-iš** becomes **-i** (*uzmeš → uzmi, staviš → stavi*), and *-ješ* becomes **-j** (*piješ → pij*). *Ideš → idi* and *dođeš → dođi* are the two learned whole.	1
*ti* form → order: **-aj**, **-i**, **-j**. *idi, dođi*.	1
A *ti* form flashes — tap the order before the timer runs out.	1
Lost in town	1
A tourist asks you the way, so you use the *vi* orders: *idite, skrenite, hodajte*. The tourist reacts to what you say, and both of your options are correct directions. Nothing in your lines depends on your gender.	1
Polite *vi* orders: *idite, skrenite, hodajte*. The tourist reacts.	1
A tourist asks you for directions. Be the local hero! Passive words: *Oprostite* (Excuse me), *Hvala vam puno* (Thank you very much), *za deset minuta* (in ten minutes), *Sretan put* (Have a good trip).	1
Nema problema. Sretan put!	1
Read: Coach Zvone	1
Read the training session, then answer in Croatian. Zvone speaks almost only in orders: to one child the order has no **-te** (*dodaj, skoči*), to the whole team it has **-te** (*trčite, pijte*). Watch who each order is for.	1
Read, then answer. No **-te** → one child; **-te** → the whole team.	1
Read the story, then answer the questions. Passive words: *daje upute* (gives instructions), *skoči* (jump!), *sat vremena* (an hour), *na kraju* (at the end), *u devet* (at nine).	1
The scored mix of the lesson, and 80% opens Vocabulary 17. Most of the points sit on the three endings — **-aj**, **-i**, **-j** — with **-te** for a group, and on the two ways of saying *don't*: *ne* + order and *nemoj* + infinitive.	1
Lesson 17; 80% opens Vocabulary 17. **-aj / -i / -j**, **+te**; *ne* or *nemoj*.	1
Final check! Score 80% to be ready for Vocabulary 17.	1
en: At the traffic lights, turn left.	2
en: Take a ticket and go to the station.	1
en: Don't run across the road!	3
A closing summary. You can now give orders and instructions: the *ti* form turns into **-aj**, **-i** or **-j**, a group or a polite *vi* adds **-te**, and *don't* is *ne* + order or *nemoj* + infinitive.	1
**-aj / -i / -j**, **+te**; *Ne trči! Nemoj trčati!*	1
Odlično! You can now give directions, run a kitchen and coach a football team — all in Croatian.	1
**Next up:** Vocabulary 17 brings the rest of the kitchen — *pećnica, štednjak, papar* — and the four sides of the map: *sjever, jug, istok, zapad*. Grammar 17 shows how to make an order softer, with *možeš li* and *molim te*.	1
**Then Lesson 18:** we dream big — *Kupio bih kuću pokraj mora…* — the conditional, the grammar of wishes and million-euro questions.	1
A Million Euros: The Conditional	1
Imagine...	1
A short read to open the lesson. The conditional says what you *would* do: the participle from Lesson 10 plus a new helper, *bih, bi, bismo, biste*. It shows the speaker's gender like the past tense does: *kupio bih* for a man, *kupila bih* for a woman.	1
Participle + *bih / bi / bismo / biste*: *Kupio bih… / Kupila bih…*	1
Read it through — by the end you can spend a million euros, at least in Croatian.	1
Imagine: a million euros lands in your account. What *would* you do?	1
Croatian dreams use the **conditional**: *Kupio bih kuću pokraj mora. Putovala bih cijelu godinu.* You already know half of it — the participle from Lesson 10 (*kupio, putovala*).	1
**Only the helper is new.** In the past tense it is *sam*: *Kupio **sam** kuću* (I bought a house). In the conditional it is *bih*: *Kupio **bih** kuću* (I would buy a house).	1
By the end of this lesson you can say what you would buy, where you would live and what you would like — and order politely with *Htio bih… / Htjela bih…*	1
A timed warm-up on the imperative from Lesson 17. Take the *ti* form: **-aš** gives **-aj** (*dodaj*), **-eš** or **-iš** gives **-i** (*uzmi, stavi*), and after a *j* the order ends in **-j** (*pij*). *Idi* and *dođi* are learned whole.	1
Lesson 17 against the clock: *dodaj, uzmi, pij*; *idi, dođi*.	1
Command sprint from Lesson 17 — tap the order before the timer runs out.	1
Dream words	1
The words for a dream with a million euros in it. Each verb is shown three times — infinitive, *ja*-form and the participle from Lesson 10 — because the conditional is built from the participle: *dobiti → dobio*, *živjeti → živio*.	1
Dream words. Verbs with the participle: *dobiti → dobio, živjeti → živio*.	1
Money, dreams, the sea — and the verbs to go with them. Tap a card to reveal the meaning.	1
million	4
lottery	5
dream	5
wish	6
villa	5
coast	8
wave	6
journey, trip	1
winter	5
to get	6
to dream	6
to imagine	6
to save (money)	5
The dream helpers	1
The first rule of the lesson. The conditional is the participle plus a helper: *bih* for *ja*, *bismo* for *mi*, *biste* for *vi*, and *bi* for everyone else. Like *sam* and *ću*, the helper never opens a sentence: *Kupio bih*, or *Ja bih kupio*.	1
participle + *bih, bi, bi, bismo, biste, bi*. The helper is never first.	1
Six persons, four helpers. Read the table and fill in the last line.	1
tab: ja | bih | Kupio bih brod. / Kupila bih brod.	1
tab: ti | bi | Ti bi putovao. / Ti bi putovala.	1
tab: on, ona, ono | bi | On bi plivao. Ona bi plivala.	1
tab: mi | bismo | Mi bismo putovali.	1
tab: vi | biste | Vi biste ostali doma.	1
tab: oni, one, ona | bi | Oni bi došli. One bi došle.	1
**Same participle, new helper.** The participle is the one from Lesson 10, and it still shows who is speaking: *kupio* (a man), *kupila* (a woman), *kupili* (a group), *kupile* (a group of women).	1
**The helper takes the second place,** exactly like *sam* and *ću*: ***Kupio bih** brod.* or *Ja **bih** kupio brod.* — never *Bih kupio brod*.	1
**Now you write them.** Ja [bih] kupio kuću. Mi [bismo] putovali cijelu godinu. Oni [bi] došli na ručak.	1
Each English phrase beside its conditional. The helper shows the person — *bih* for *I*, *bismo* for *we*, *biste* for *you* (a group) and *bi* for *he, she, they* — and the participle ending shows the gender: *kupio* or *kupila*.	1
*bih* I, *bismo* we, *biste* you (group), *bi* he / she / they. **-o** / **-la** / **-li** / **-le**.	1
Match each English phrase with its conditional.	1
kupio bih	2
kupila bih	1
putovali bismo	1
putovale bismo	1
ostali biste	1
plivala bi	1
živio bi	1
došli bi	1
Past or dream?	1
Sorting sentences by what they say. With *sam, je, smo, su* the participle tells what happened; with *bih, bi, bismo, biste* it tells what would happen. The participle is the same in both — only the helper is different.	1
*sam, je, smo* → it happened. *bih, bi, bismo* → a wish.	1
HAPPENED (past)	8
WISH (conditional)	8
Did it happen, or is it a dream? Sort the sentences.	1
One tap finishes the helper *bi*. For *ja* it becomes *bih*, for *mi* *bismo*, for *vi* *biste*. For *ti*, *on*, *ona* and *oni* it stays *bi*, so the dash is the right answer. The pronoun or the participle shows the person.	1
*ja* → **bih**, *mi* → **bismo**, *vi* → **biste**; *ti, on, ona, oni* → *bi* (dash).	1
English above, Croatian below. One tap finishes the helper — or none.	1
I would buy a house.	1
She would swim every day.	1
You would stay at home.	1
We would live by the sea.	1
You would get a boat.	1
Where would you live? (a group)	1
I would like a coffee. (a man)	2
Marko would save money.	1
Ana and I would dream. (two women)	1
Would you travel by boat? (a group)	1
Mum would get a new car.	2
I would stay on the coast. (a woman)	1
The children would swim.	1
Choosing the helper that matches the person. *Ja* takes *bih*, *mi* takes *bismo*, *vi* takes *biste*, and every other person takes *bi*. A name or a noun is a third person: *Mama bi, Marko bi*. In speech you may hear *bi* for everyone; write the full forms.	1
Today → in your dreams	2
You turn a present-tense sentence into a dream. Make the participle from the infinitive, add the helper for the person, and keep the rest of the sentence. For *ja* both forms are accepted: *kupio bih* and *kupila bih*.	1
participle + helper: *Kupujem → Kupio bih / Kupila bih*.	1
Make it a dream — rewrite in the conditional (male or female form).	1
The magic phrase: Htio bih...	1
The second rule: the conditional makes a wish polite. *Htio bih* (a man) and *Htjela bih* (a woman) mean *I would like*, and a polite question starts with *Biste li…?* The participle of *moći* is *mogao / mogla*: *Biste li mogli…?* — could you…?	1
*Htio bih / Htjela bih* = I would like. *Biste li mogli…?* = could you…?	1
The politest way to want something. Read the table and fill in the last line.	1
The politest way to want something in Croatian:	1
tab: Who is speaking | What they say	1
tab: a man | Htio bih kavu.	1
tab: a woman | Htjela bih kavu.	1
tab: a group | Htjeli bismo dvije kave.	1
**This single phrase makes every order polite** — in a café, a shop or a hotel. *Hoću kavu* sounds firm; *Htio bih kavu* is the everyday polite form.	1
**Polite questions.** *Biste li…?* asks a stranger, *Bi li…?* a friend. With *moći* (participle *mogao, mogla, mogli*) it means *could you*: ***Biste li mogli** skrenuti lijevo?* It is even softer than *Možete li…?* from Grammar 17.	1
**A dream with a condition.** *Da imam milijun eura, kupio bih kuću.* — If I had a million euros, I would buy a house. Take *da imam* (if I had) whole for now; Grammar 18 explains it.	1
**Now you write them.** [Htio] bih kavu — kaže muškarac. [Htjela] bih kavu — kaže žena. [Biste] li mogli skrenuti lijevo?	1
Whole dreams from tiles. The helper *bih, bi, bismo, biste* takes the second place — after the participle or after the first word — and the participle keeps the speaker's gender. A comma comes before *a* and *ali*.	1
The helper second: *Kupio bih…* or *Ja bih kupio…*. Comma before *a, ali*.	1
Conditional sprint	1
A timed sprint from the infinitive to the conditional. Make the participle and add the helper for the person in brackets: *kupiti (ja, m.) → kupio bih*, *putovati (mi) → putovali bismo*. The gender in brackets decides **-o** or **-la**.	1
infinitive → participle + helper: *kupio bih, putovali bismo*.	1
A verb flashes with a person — tap its conditional before the timer runs out.	1
Where would you live?	1
The big question — city or sea? Your friend asks a whole group (*Gdje biste živjeli?*), so the question does not assume anyone's gender, and your answers come in both forms. Your friend reacts to your choice between the sea and the city.	1
*Gdje biste živjeli?* Answers in both forms: *plivao / plivala bih*. Your friend reacts.	1
The big question — city or sea? Defend your dream! Passive words: *naravno* (of course), *bez* (without), *k meni* (to my place), *ljeti* (in summer), *Dogovoreno!* (Deal!), *da imate* (if you had), *ako me zoveš* (if you invite me).	1
Read: The perfect day	1
Read what four people would do with a million euros, then answer in Croatian. Every sentence is a conditional: *bi kupila, bi plivala, bi putovao*. The participle ending shows who is meant — *-la* for Ana and Petra, *-o* for Marko, *-li* for Grandma and Grandpa together.	1
Read, then answer. *-la* Ana, Petra; *-o* Marko; *-li* Grandma and Grandpa.	1
Read the story, then answer the questions. Passive words: *malu* (small), *svako jutro* (every morning), *Nama je dobro ovako* (We're fine like this), *jahta* (yacht).	1
A pairs game over infinitives and their conditionals. The participle drops **-ti** and takes **-o** or **-la**; *bih* follows it. Four participles change more: *htio* (htjeti), *išao* (ići), *jeo* (jesti), *živio* (živjeti).	1
infinitive ↔ *kupio bih*; irregular: *htio, išao, jeo, živio*.	1
Flip the cards and match each verb with its conditional.	1
putovala bih	1
ostao bih	1
živio bih	1
htjela bih	1
išao bih	1
jela bih	1
dobio bih	1
plivala bih	1
The scored mix of the lesson, and 80% opens Vocabulary 18. Most of the points sit on the helper — *bih, bi, bismo, biste* — and on the participle that shows the gender. The helper never opens the sentence, and *Htio bih / Htjela bih* makes a wish polite.	1
Lesson 18; 80% opens Vocabulary 18. *bih, bi, bismo, biste*; *Htio / Htjela bih*.	1
Final check! Score 80% to be ready for Vocabulary 18.	1
en: I would buy a house by the sea.	3
en: What would you do with a million euros?	3
en: I would like a piece of cake, please.	2
A closing summary. You can now dream and wish: the participle from Lesson 10 with *bih, bi, bismo* or *biste*, the gender shown in the participle, and *Htio bih / Htjela bih* for a polite wish.	1
participle + *bih / bi / bismo / biste*; *Htio / Htjela bih*.	1
Krasno! You can now dream, wish and order politely: *Htio bih… / Htjela bih…*	1
**Next up:** Vocabulary 18 brings the words for feelings — *nada, strah, sreća* — and the verbs *nadati se, bojati se, brinuti se*. Grammar 18 explains *da imam* and *kad bih*: how to say *if* for a dream.	1
**Then Lesson 19:** every verb has a twin. *Pisati* and *napisati*: doing something, and getting it done.	1
Verb Twins: Aspect	1
The deepest secret	1
A short read to open the lesson. Most Croatian verbs come in pairs: one for the activity (*pisati* — to be writing) and one for the finished result (*napisati* — to get it written). The second twin usually adds a small prefix such as *na-, po-, pro-*.	1
Verb twins: *pisati* (the activity) and *napisati* (the result). Prefixes *na-, po-, pro-*.	1
Read it through — by the end you can tell someone you have finally finished your homework.	1
Almost every Croatian verb has a *twin*.	1
*Pisati* = to be writing. ***Na**pisati* = to get it written. *Piti* = to be drinking. ***Po**piti* = to drink it up.	1
**One twin describes the activity, the other the finished result.** English often needs extra words for this — *finish, up, through* — while Croatian adds a small prefix to the verb.	1
By the end of this lesson you can say what you were doing all afternoon and what you finally got done: *Pisala sam pismo cijelo poslijepodne. Napokon sam ga napisala!*	1
A timed warm-up on the conditional from Lesson 18. The helper follows the person — *bih* for *ja*, *bismo* for *mi*, *biste* for *vi*, *bi* for the rest — and the participle shows the gender: *kupio bih, kupila bih*.	1
Lesson 18 against the clock: *bih, bi, bismo, biste*; *kupio / kupila bih*.	1
Conditional sprint from Lesson 18 — tap the right form before the timer runs out.	1
Meet the twins	1
Twelve verb pairs, the activity first and the finished result second. Most result twins add a prefix — *na-, po-, pro-, s-, o-* — and keep the rest of the verb. *Kupovati → kupiti* changes its ending instead, and *raditi → napraviti* uses a different verb.	1
activity → result: *pisati → napisati, piti → popiti, čitati → pročitati*. *kupovati → kupiti*.	1
The activity → the finished result. Tap to reveal.	1
to write → to finish writing	1
to read → to read through	1
to drink → to drink up	1
to eat → to eat up	1
to study → to learn (master)	1
to watch → to watch (to the end), to take a look	1
to cook → to get it cooked	1
to draw → to finish drawing	1
to send → to send off	1
to wash → to get it washed	1
to shop for → to buy	1
to do, to work → to make, to get done	1
Words that give it away	1
Time words that point to one twin or the other. *Cijeli dan, dugo, svaki dan, polako* describe an activity that goes on or repeats. *Napokon, odmah, već, za dvije minute* describe something finished. *Gotov* means finished or ready.	1
activity: *cijeli dan, dugo, svaki dan, polako*; result: *napokon, odmah, već, za dvije minute*.	1
The little words that tell you which twin to use. Tap to reveal.	1
all day	1
all afternoon	1
every day	2
slowly	9
finally	7
immediately	6
already	8
almost	8
in two minutes	1
once → twice	2
finished, ready	5
assigned reading	5
page	8
Find the twin	1
Each activity verb beside its result twin. Nine of them keep the whole verb and add a prefix (*pisati → napisati, kuhati → skuhati*). *Kupovati → kupiti* is a pair of a different kind: the ending changes, not the start.	1
Prefix pairs: *pisati → napisati*. Different kind: *kupovati → kupiti*.	1
Match each activity verb with its result twin.	1
popiti	3
naučiti	3
pogledati	3
nacrtati	2
When to use which	1
The first rule of the lesson. The activity twin describes something in progress, lasting or repeated (*Pisao sam pismo cijelo poslijepodne.*); the result twin describes one finished action (*Napisao sam pismo.*). The time words in the sentence usually show which one fits.	1
In progress, lasting, repeated → *pisati*. One finished action → *napisati*.	1
Two twins, two ways of seeing the same action. Read the table and fill in the last line.	1
**The two twins side by side.**	1
tab: Activity twin — in progress | Result twin — finished	1
tab: Pisao sam pismo cijelo poslijepodne. | Napisao sam pismo!	1
tab: Svaki dan pijem kavu. | Popio je kavu odmah.	1
tab: Čitala sam knjigu dugo. | Pročitala sam knjigu.	1
tab: Baka je kuhala juhu. | Baka je skuhala juhu.	1
**Three questions to ask.** Is it going on, lasting or repeated? Use the activity twin. Is it one action with a finished result? Use the result twin. Does the sentence say *how long*, or *that it is done*?	1
**The time words.** *Cijeli dan, dugo, svaki dan, često, polako* go with the activity twin. *Napokon, odmah, već, za dvije minute* go with the result twin. *Pila je kavu polako* — she was drinking slowly; *Popila je kavu odmah* — she drank it up at once.	1
**In the present tense** you normally use the activity twin: *Pišem pismo. Svaki dan pijem kavu.*	1
**Now you write them.** Cijelo poslijepodne sam [pisao] pismo. Napokon sam ga [napisao]. Svaki dan [pijem] kavu.	1
Process or done?	3
Sorting sentences by what they describe. An activity that lasts or repeats — with *cijeli, dugo, svaki dan, polako* — takes the activity twin and goes under PROCESS. One finished action — with *napokon, odmah, za jedan dan* — takes the result twin and goes under DONE!	1
*cijeli, dugo, svaki dan, polako* → PROCESS. *napokon, odmah, za jedan dan* → DONE!	1
PROCESS	24
DONE!	16
Sort the sentences — is it about the doing or the done?	2
One tap in front of the verb decides the twin. Add a prefix — *na-, po-* or *pro-* — when the action is finished once (*napokon, odmah, za jedan dan*); leave it out, with the dash, when the action lasts or repeats (*cijeli dan, dugo, svaki dan*).	1
finished once → *na- / po- / pro-*; lasting or repeated → dash.	2
English above, Croatian below. One tap adds a prefix — or none.	2
I finally wrote the letter.	1
I was writing the letter all day.	1
My brother ate up the soup in two minutes.	1
Ana read the book in one day.	1
I was reading the book for a long time.	1
Marko drank the coffee straight away.	1
I drink water all day.	1
Ana has learned all the words.	1
I drank up my coffee in two minutes.	1
We were watching TV all evening.	1
Grandpa read the paper in five minutes.	2
Mum has written a letter to Grandma.	1
Petra ate up the whole cake!	1
I'm eating the soup slowly.	2
I study all afternoon.	1
I've already drawn the house.	1
Choosing the twin that fits the sentence. Look for the time words first: *cijelu večer, pola sata, polako* call for the activity twin; *napokon, za dvije minute, do kraja, sve* call for the result twin. The participle ending must still match the person.	1
*cijelu večer, pola sata* → activity; *napokon, za dvije minute, do kraja* → result.	1
Choose the right twin for the sentence.	2
Ja sam ___ juhu pola sata. (a man)	1
You type the result twin of each verb. Most take a prefix and keep the rest of the verb: *na-* (*napisati, naučiti, nacrtati*), *po-* (*popiti, pojesti, pogledati, poslati*), *pro-* (*pročitati*), *s-* (*skuhati*), *o-* (*oprati*). *Kupovati* becomes *kupiti*.	1
*na-, po-, pro-, s-, o-* + the verb; *kupovati → kupiti*.	1
"Type the ""done!"" twin."	1
The rule: other pairs, and questions	1
The second rule. A few twins change their ending rather than adding a prefix (*kupovati → kupiti*), and *raditi* pairs with a different verb, *napraviti*. In a question, the result twin asks whether something is finished: *Jesi li napisao zadaću?*	1
*kupovati → kupiti*, *raditi → napraviti*. *Jesi li napisao?* = is it finished?	1
Pairs of another kind, and what the twin does in a question. Read the table and fill in the last line.	1
**Not every pair uses a prefix.**	1
tab: Activity twin | Result twin | Example	1
tab: kupovati | kupiti | Kupovao je poklon u tri trgovine i napokon ga je kupio.	1
tab: raditi | napraviti | Radio je cijeli dan i sve je napravio.	1
**Questions.** The result twin asks about the finished result: ***Jesi li napisao** zadaću?* — Is your homework done? The activity twin asks about the activity itself: *Što si radio cijelo poslijepodne?*	1
**The present of a result twin.** *Popijem kavu i idem.* — I'll drink up my coffee and go. A result twin in the present points to one finished action, often in the near future. You only need to recognise it for now.	1
**Now you write them.** Kupovao je poklon cijeli dan i napokon ga je [kupio]. Jesi li [napisala] zadaću? Radila sam cijeli dan i sve sam [napravila].	1
Sentences with both twins, built from tiles. The activity twin goes with *cijelo poslijepodne, dugo, svaki dan*; the result twin with *napokon, odmah, za jedan dan*. *Je, sam, ga* take the second place, and a comma comes before *a*.	1
activity with *dugo, cijelo…*; result with *napokon, odmah*. *je, sam, ga* second.	1
Twin sprint	1
A timed sprint from the activity twin to the result twin. Most add a prefix — *na-, po-, pro-, s-, o-* — and keep the rest of the verb: *pisati → napisati, kuhati → skuhati*. *Kupovati → kupiti* and *raditi → napraviti* are the two different pairs.	1
activity → result: *napisati, popiti, pročitati, skuhati*; *kupiti, napraviti*.	1
An activity verb flashes — tap its result twin before the timer runs out.	1
Did you finish?	1
Mum wants to know about your homework, so the twins matter: the result twin says it is done (*napisao / napisala sam*), the activity twin says you were at it (*pisao / pisala sam*). Mum asks without assuming your gender, and reacts to what you say.	1
done: *napisao / napisala sam*; at it: *pisao / pisala sam*. Mum reacts.	1
Mum wants to know about your homework. The twins matter here! Passive words: *Hm* (Hmm), *dva puta* (twice), *Naravno...* (Of course...), *do kraja* (to the end).	1
Read: The letter	1
Read the story, then answer in Croatian. The activity twin tells you what went on for a while — *pisala je cijelo poslijepodne, pila je polako* — and the result twin what got finished: *napisala je, pročitala ga je, pojeo je sve kolače*.	1
Read, then answer. Activity: *pisala, pila*. Finished: *napisala, pročitala, pojeo*.	1
Read the story, then answer the questions. Passive words: *još jednom* (once more), *omotnica* (envelope), *dugo tri stranice* (three pages long), *pa* (so).	1
A pairs game over the verb twins. Most result twins add a prefix and keep the rest of the verb: *piti → popiti, čitati → pročitati*. The pair *kupovati → kupiti* changes its ending instead.	1
activity ↔ result: *piti → popiti*; *kupovati → kupiti*.	1
Flip the cards and match each verb with its twin.	1
The scored mix of the lesson, and 80% opens Vocabulary 19. Most points are on choosing the twin: the activity twin for something lasting or repeated, the result twin for one finished action — and on the prefixes that make the result twins.	1
Lesson 19; 80% opens Vocabulary 19. Lasting → activity twin; finished → result twin.	1
Final check! Score 80% to be ready for Vocabulary 19.	1
Pio je kavu ___ . (slowly)	1
en: She read the book in one day.	1
en: Have you finished your homework? (to a boy)	2
en: Grandma has cooked the soup.	1
A closing summary. You can now tell the activity from the finished result: *pisati* and *napisati*, *piti* and *popiti*. The time words — *cijeli dan, dugo* or *napokon, odmah* — show which twin fits.	1
*pisati / napisati*; *cijeli dan, dugo* vs. *napokon, odmah*.	1
Fantastično! You can now hear the difference between *doing* and *done* — and use it: *Pisala sam cijelo poslijepodne. Napokon sam napisala pismo!*	1
**Next up:** Vocabulary 19 brings more twins — *završavati / završiti, počinjati / početi* — and the words for stories: *odjednom, trenutak, rečenica*. Grammar 19 shows prefixes that change the meaning of a verb.	1
"**Then Lesson 20:** the grand finale — *jer, kad, ako, dok, koji* — and your first real Croatian essay: ""Why I'm learning Croatian."""	1
The Grand Finale: Complex Sentences	1
Finish strong	1
A short read to open the last lesson. Long sentences in Croatian are two short sentences joined by a connector — *jer, kad, ako, dok, iako* — or by *koji*, which attaches a description to a noun. The connector changes nothing in the sentence that follows it.	1
Two sentences + a connector: *jer, kad, ako, dok, iako*. *koji* describes a noun.	1
Read it through — by the end you can say why you are learning Croatian, in one sentence.	1
Twenty lessons ago, your first sentence was *Kava je dobra* — three words.	1
Today you will build sentences like: *Učim hrvatski **jer** volim jezik **koji** zvuči **kao** glazba.* — I'm learning Croatian because I love a language that sounds like music.	1
**Two sentences, one connector.** *Učim hrvatski. Volim jezik.* → *Učim hrvatski **jer** volim jezik.* The second sentence keeps its word order; *je, sam, ću* still take the second place: *jer **je** jezik lijep*.	1
By the end of this lesson you can say why, when, if and although — and write a short essay about your own Croatian.	1
A timed warm-up on aspect from Lesson 19. The perfective twin usually adds a prefix — *na-, po-, pro-, s-* — to the imperfective (*pisati → napisati, kuhati → skuhati*), and *kupovati* pairs with *kupiti*.	1
Lesson 19 against the clock: *napisati, popiti, pročitati, skuhati*; *kupiti*.	1
"Twin sprint from Lesson 19 — tap the ""done"" twin before the timer runs out."	1
The five connectors	1
The connectors that join two sentences, each with an example. You have known *jer* and *zato što* since Lesson 4 and *ako* from Grammar 18; new are *kad* (when), *dok* (while), *iako* (although) and *kao* (like). Each is followed by a complete sentence.	1
*jer, zato što, kad, ako, dok, iako* + a whole sentence. *kao* = like.	1
Connector + sentence. Tap a card to reveal the meaning.	1
because → I'm learning Croatian because I love the language.	1
because → I'm staying at home because it's raining.	1
when → When I'm at the seaside, I swim every day.	1
if → If it's sunny, we're going to the river.	1
while → While you choose a film, I'm cooking lunch.	1
although → Although the film is long, it's excellent.	1
like → The language sounds like music.	1
the first time	3
which, that, who	3
Words for the big sentences	1
The words for talking about memories, the future and learning a language. *Djetinjstvo* and *budućnost* come back from earlier levels. New verbs: *zvučati* (to sound) and *početi* with its participle *počeo*, which you need for *Kad sam počeo…*	1
Memory and learning words. *zvučati → zvuči, početi → počeo, čuti → čuo*.	1
Memories, mistakes and the future. Tap a card to reveal the meaning.	1
memory	7
future	7
language	7
seaside promenade	6
mistake	6
life	5
country, land	5
to sound → it sounds	1
to start	4
to learn, to study	1
Match the connector	1
Each connector beside its meaning. *Jer* and *zato što* both mean *because*; *kad* is *when*, *ako* is *if*, *dok* is *while*, *iako* is *although*, and *kao* is *like*. *Koji* is the odd one out: it attaches a description to a noun.	1
*jer / zato što* because, *kad* when, *ako* if, *dok* while, *iako* although, *kao* like.	1
Match each connector with its English meaning.	1
if	9
while	4
although	7
because (longer form)	1
like, as	4
The rule: joining two sentences	1
The first rule: a connector joins two complete sentences, and the order is free. When the connector sentence comes first, a comma separates it from the rest. *Je, sam, ću* and the other short words take the second place inside each sentence: *jer je, kad sam, ako ćeš*.	1
Connector + whole sentence. Connector part first → comma. *jer je, kad sam*: short words second.	1
One connector, two sentences, free order. Read the table and fill in the last line.	1
**What each connector adds.**	1
tab: reason | jer, zato što | Učim hrvatski **jer** volim jezik.	1
tab: time | kad, dok | **Kad** sam na moru, plivam. **Dok** ti kuhaš, ja čitam.	1
tab: contrast | iako | **Iako** je film dug, odličan je.	1
**The order is free.** *Plivam kad sam na moru.* = *Kad sam na moru, plivam.* When the connector part comes first, put a comma after it. When it comes second, no comma is needed before *kad* and *ako*; before *jer* and *iako* a comma is common: *Film je odličan, iako je dug.*	1
**Short words still take the second place.** In the connector part, the connector counts as the first word: *jer **je** jezik lijep* (not *jer jezik je lijep*), *kad **sam** bila mala*, *ako **ćeš** doći*.	1
**Tense works as usual.** *Kad sam bio mali, živio sam pokraj mora.* — both halves in the past. *Ako je sunčano, ići ćemo na rijeku.* — present, then future.	1
**Now you write them.** Učim hrvatski [jer] volim jezik. [Ako] je sunčano, idemo na rijeku. [Iako] je film dug, odličan je.	1
What does it connect?	1
Sorting sentences by the meaning of their connector. *Jer* and *zato što* give a reason; *kad* and *dok* give the time; *ako* gives a condition; *iako* gives a contrast — something that is true in spite of the other half.	2
*jer, zato što* reason; *kad, dok* time; *ako* condition; *iako* contrast.	3
UZROK	14
VRIJEME	14
UVJET	13
SUPROTNOST	13
Why, when, if or although? Sort the sentences by their connector.	2
Choosing the connector that fits both halves. Ask what the first half does for the second: a reason calls for *jer*, a time for *kad* or *dok*, a condition for *ako*, and a contrast for *iako*. The wrong options either do not fit the meaning or cannot introduce a sentence at all, like *kao*.	1
reason *jer*, time *kad / dok*, condition *ako*, contrast *iako*.	1
Choose the connector that fits.	2
Join the thoughts	1
You join two sentences into one with the connector in brackets. Put the connector in front of the sentence it introduces, keep the word order of both halves, and use a comma when the connector part comes first. Both orders are accepted where they make sense.	1
connector + its sentence; comma when that part comes first. Both orders accepted.	1
Join the two thoughts with the connector in brackets.	1
The glue word: koji	1
The second rule: *koji, koja, koje* attach a whole sentence to a noun, like an adjective: *film koji traje tri sata*. It agrees with the noun in gender and number, and when the noun is the target of the verb in its own sentence, *koja* becomes *koju*: *knjiga koju čitam*.	1
*koji / koja / koje* agree with the noun. Target: *koju* (f.). *film koji gledam*.	1
One word that attaches a sentence to a noun. Read the table and fill in the last line.	1
**koji / koja / koje** (which, that, who) connects a noun with its description, and it agrees with the noun like an adjective:	1
tab: The noun | koji | The whole thought	1
tab: film (m.) | koji | film koji traje tri sata	1
tab: knjiga (f.) | koja | knjiga koja je nova	1
tab: more (n.) | koje | more koje je plavo	1
tab: ljudi, prijatelji (m. pl.) | koji | ljudi koji uvijek imaju vremena za kavu	1
tab: knjige (f. pl.) | koje | knjige koje su na stolu	1
**When the noun is the target in its own sentence,** *koji* takes the target form, like any adjective: *knjiga **koju** čitam* (the **-a → -u** rule from Lesson 5). For a masculine thing and for neuter nouns the target form looks the same: *film **koji** gledam, more **koje** volim*.	1
**The comma.** A *koji* part in the middle is usually set off with commas when it adds extra information: *Moja baka, koja živi u Splitu, ima psa.*	1
**The same question word from Lesson 11.** *Koji film?* asks *which film?*; *film koji volim* is *the film that I like*. Grammar 20 shows *koji* in the other cases.	1
**Now you write them.** Film [koji] traje tri sata. More [koje] je plavo. Knjiga [koju] čitam.	1
One tap finishes *koj___*. A masculine noun and a group of people take **-i** (*film koji, ljudi koji*), a feminine noun **-a** (*knjiga koja*), a neuter noun or a feminine plural **-e** (*more koje, knjige koje*), and a feminine noun that is the target in its own sentence **-u** (*knjiga koju čitam*).	1
m. and people **-i**, f. **-a**, n. and f. pl. **-e**, f. target **-u**.	2
We're watching a film that lasts three hours.	1
I'm reading a book that is new.	1
I love the sea that is warm.	1
That's the book I'm reading.	1
I have friends who love music.	1
That's the song I sing every day.	1
I bought the books that are on the table.	1
I live in a town that is old.	1
Grandma has a house that is near the sea.	2
I'm learning a language that sounds like music.	1
That's the village I love.	1
I'm drinking coffee that is strong.	1
This is the cake Grandma made.	1
People who live by the sea always have time.	1
I'm looking for the pencil that was on the table.	1
I'm looking at the pictures you sent.	1
koji, koja or koje?	2
Choosing the form of *koji*. The noun in front decides the gender and number, and the sentence after it decides the case: if *koji* is the target of the verb there, a feminine noun needs *koju*. Masculine things and neuter nouns look the same in both jobs.	1
The noun decides gender; the verb after it decides *koja* or *koju*.	1
"Choose the right form of ""koji"" — the noun decides!"	1
Build the big sentences	1
Full-size Croatian sentences, built from tiles. The connector opens its own half, short words such as *je* and *sam* take the second place after it, a comma follows the connector part when it comes first, and *koji* stands right after its noun.	1
Connector opens its half; *je, sam* second; comma after a first connector part; *koji* after its noun.	1
Arrange the tiles — these are real, full-size Croatian sentences now!	1
Connector sprint	1
A timed sprint from the English meaning to the connector. *Because* is *jer* (or *zato što*), *when* is *kad*, *if* is *ako*, *while* is *dok*, *although* is *iako*, *like* is *kao*, and *which* or *that* after a noun is *koji*.	1
because *jer*, when *kad*, if *ako*, while *dok*, although *iako*, like *kao*.	1
An English word flashes — tap the Croatian connector before the timer runs out.	1
prvi put	1
Why are YOU learning Croatian?	1
The final conversation. A Croatian friend asks the big question, and your answers use everything from this lesson: *jer, kad, iako, koji*. Where your gender shows (*počeo / počela*), both forms are offered, and your friend reacts to what you say.	1
*jer, kad, iako, koji* in your answers; *počeo / počela* in both forms. Your friend reacts.	1
The final conversation. A Croatian friend asks the big question — answer from the heart! Passive words: *mislio sam da…* (I thought that…), *pretežak* (too difficult), *bez greške* (without a mistake), *Vidimo se* (See you).	1
Read: Why I'm learning Croatian	1
Read Emma's short essay, then answer in Croatian. Each sentence joins two thoughts: *kad* gives the time, *jer* the reason, *iako* the contrast, *dok* two things at once, and *koji* describes the flat. Find the connector from the question in the text.	1
Read, then answer. *kad* time, *jer* reason, *iako* contrast, *dok* at the same time, *koji* description.	1
Read the essay, then answer the questions. Passive words: *zato* (that's why), *hrvatske novine* (Croatian newspapers), *kaže da* (says that), *mnogo grešaka* (a lot of mistakes), *sljedeće ljeto* (next summer).	1
kao more	1
THE FINAL CHECKPOINT	1
The course final: one question from each of the twenty lessons, and 80% completes the lessons of the course. Read each item's label — it tells you which lesson it comes from — and remember the gender rules: where the speaker's gender shows, both forms are accepted.	1
One question per lesson, 1 to 20. 80% completes the course lessons.	1
The course final! Everything you've learned, one last time. Ready? Idemo!	1
en: (L11) Where do you live?	1
en: (L20) I am learning Croatian because I love a language that sounds like music.	1
CONGRATULATIONS! 🎓	1
The end of the twenty lessons. You can describe, ask, refuse, place, give, travel, count, command, wish, finish and connect — every case but the vocative, four tenses and moods, and the verb twins. Vocabulary 20, Grammar 20, Practice 20 and the final test are still ahead.	1
Twenty lessons done. Vocabulary 20, Grammar 20, Practice 20 and the final test are next.	1
You did it. Twenty lessons ago you knew *banana* and *hotel*. Now you can:	1
describe the world and the people in it, talk about yesterday, today, tomorrow and your wildest dreams, ask anything, refuse politely, give directions, order coffee *bez greške*, and build sentences that flow like real Croatian — because they ARE real Croatian.	1
**What's next:** Vocabulary 20 brings the words for memories and the sea — *uspomena, galeb, svjetionik*. Grammar 20 shows *da* (that) and *koji* in all its cases, then Practice 20 and the final test close the course. The Dictionary and the Practice modules stay open forever. *Vidimo se!*	1
Reading: At the Market	1
Text 1: At the market	1
A short story with the English beside it. Read for the endings: everything Ana acts on is feminine in **-u** (*kupuje jabuk**u***, *bira mal**u** vrećic**u***), while *riba je svježa* only names and describes.	1
What Ana acts on ends in **-u** (*kupuje jabuku*); what is only described keeps **-a** (*riba je svježa*).	1
Your accusative in action — passive words: *šarena* (colorful), *poslije* (afterwards), *jaka* (strong), *ujutro* (in the morning), *u podne* (at noon), *navečer* (in the evening), *svaki dan* (every day), *imamo* (we have), *onda* (then), *gladna* (hungry), *žedna* (thirsty).	1
Subota je i Ana ide na tržnicu. | It is Saturday and Ana is going to the market.	1
Tržnica je velika i šarena. | The market is big and colorful.	1
Ana kupuje jabuku, bananu i salatu. | Ana is buying an apple, a banana and lettuce.	1
Ona gleda ribu — riba je svježa, ali je skupa. | She is looking at the fish — the fish is fresh, but it is expensive.	1
Ana gleda i tortu, ali torta je skupa. | She looks at the cake too, but the cake is expensive.	1
Ana kupuje i čokoladu jer voli čokoladu! | Ana is also buying chocolate because she loves chocolate!	1
Ona bira malu vrećicu i plaća račun. | She chooses a small bag and pays the bill.	1
Poslije pije kavu i jede pitu. | Afterwards she drinks coffee and eats pie.	1
Kava je jaka, a pita je slatka. | The coffee is strong, and the pie is sweet.	1
Bought it, or only looked at it?	1
Sorting from what the text said, not from the endings — the words are shown in their naming form. *Gleda* means she only looked at it; *kupuje* means it actually went into the bag.	1
Sort by what the text says: *gleda* = only looked, *kupuje* = bought.	1
KUPUJE	6
SAMO GLEDA	3
Read Text 1 again in your head. Ana walked away with some of these and left the others on the stall.	1
Comprehension questions on Text 1. Answers about what Ana buys or drinks come back in the target form ending in **-u** (*kavu*, *jabuku*), while answers that describe something keep **-a** (*svježa*, *slatka*).	1
What she buys or drinks: **-u** (*kavu*); descriptions: **-a** (*svježa*).	1
Text 2: A note on the fridge	1
A note rather than a story, with the same rule at work: *Trebamo riž**u***, *kuham juh**u***, *Ne trebamo čokolad**u***. *Kruh* and *mlijeko* sit there unchanged because they are not feminine.	1
*Trebamo rižu, kuham juhu*. *kruh, mlijeko* don't change.	1
"A different kind of reading: no story, just a note your mother left you. Passive words: *trebamo* (we need), *hrana* (food), *rano* (early), *navečer* (in the evening), *i* here means ""also""."	1
Bok! Danas idem na posao rano. | Hi! Today I'm going to work early.	1
Ti kupuješ hranu, a ja plaćam račun. | You buy the food, and I'll pay the bill.	1
Trebamo kruh, mlijeko i rižu. | We need bread, milk and rice.	1
Trebamo i jednu bocu i jednu vrećicu. | We also need one bottle and one bag.	1
Riba je danas svježa — kupuješ ribu? | The fish is fresh today — are you buying fish?	1
Ja kuham juhu navečer. | I'm cooking soup in the evening.	1
Ne trebamo čokoladu! | We do not need chocolate!	1
Hvala! Mama | Thanks! Mom	1
Remember the list	2
A short-term memory game with shopping words. They flash in their naming form, but on a real errand you would still say *Trebam rib**u*** — anything you need is a target and takes **-u**.	1
Naming forms here; in a sentence: *Trebam ribu*.	1
Three things flash, then vanish — pick them again in the same order. Exactly what happens when you leave the note on the fridge and walk to the shop anyway.	1
rice	6
egg	10
What does the note actually say?	1
Questions that need working out, not just spotting. Note *Ja plaćam račun* against *Ti kupuješ hranu*: the verb ending alone tells you who does what, since Croatian happily drops *ja* and *ti*.	1
Work it out. The ending shows who: *Ja plaćam, ti kupuješ*.	1
Careful — some of these you have to work out, not just find.	1
A shopping dialogue where you choose your replies. Feminine things you ask for end in **-u** (*Trebam jedn**u** boc**u***), and *Trebate li još nešto?* is the yes-or-no pattern — verb first, then *li*.	1
What you ask for takes **-u**: *Trebam jednu bocu*. *Trebate li...?* = verb + *li*.	1
Now you are the one at the counter. Choose your replies and get through a whole Croatian shop without English. Passive words: *odličnu* (excellent), *jednu* (one), *To je sve?* (Is that everything?).	1
Text 3: Three friends, three bags	1
A logic puzzle in Croatian. The bags are described but not handed out, so match each person's habits to the contents; note that the color agrees with its noun, *žut**a** vrećic**a***, and moves with it.	1
Match habits to bags. Colour agrees: *žuta vrećica*.	1
A puzzle, not a story. Nobody tells you whose bag is whose — you have to work it out. Passive words: *žuta* (yellow), *crvena* (red), *zelena* (green).	1
Ana, Marko i Ivana idu na tržnicu. | Ana, Marko and Ivana are going to the market.	1
Ana ne voli ribu, ali voli voće. | Ana doesn't like fish, but she loves fruit.	1
Marko je gladan. On kupuje kruh i sir. | Marko is hungry. He buys bread and cheese.	1
Ivana kuha juhu navečer. | Ivana is cooking soup in the evening.	1
Žuta vrećica ima jabuku, krušku i bananu. | The yellow bag has an apple, a pear and a banana.	1
Crvena vrećica ima kruh i sir. | The red bag has bread and cheese.	1
Zelena vrećica ima rajčicu, mrkvu i luk. | The green bag has a tomato, a carrot and an onion.	1
Solve the puzzle	16
Deduction questions on Text 3. The questions themselves stand in the target form — *Tko nosi žut**u** vrećic**u***? — because the bag is what gets carried, and color and noun both carry the **-u**.	1
Target form in the questions too: *Tko nosi žutu vrećicu?*	1
Nobody says whose bag is whose. Work it out from what each person likes and does.	1
Text 4: Breakfast	1
An ordinary day, thick with **-u** endings. Count them as they go by: *pijem vod**u***, *jedem jabuk**u***, *idem u pekar**u***, *volim subot**u***. Targets and destinations use the very same ending.	1
Lots of **-u**: *pijem vodu, idem u pekaru, volim subotu*.	1
Back to a normal day — but count how many **-u** endings go past you. Passive words: *ujutro* (in the morning), *svaki dan* (every day), *televizija* (television), *idemo* (we go), *jedemo* (we eat).	1
Ujutro pijem vodu, a poslije pijem kavu. | In the morning I drink water, and afterwards I drink coffee.	1
Volim kavu! | I love coffee!	1
Jedem jabuku i bananu. | I eat an apple and a banana.	1
Sestra jede čokoladu — ona jede čokoladu svaki dan! | My sister eats chocolate — she eats chocolate every day!	1
Mama kuha juhu, a tata gleda televiziju. | Mom is cooking soup, while dad is watching television.	1
Ujutro idemo u školu i na posao. | In the morning we go to school and to work.	1
Poslije idem u pekaru i kupujem kruh. | Afterwards I go to the bakery and buy bread.	1
Navečer jedemo ribu i salatu. | In the evening we eat fish and salad.	1
Volim subotu jer ne idem u školu! | I love Saturday because I don't go to school!	1
Tap the ending from the texts	13
One tap per sentence, almost every sentence lifted from the four texts. Naming beside *je* takes **-a**; whatever a verb acts on takes **-u**. Compare *Juh**a** je topla* with *Mama kuha juh**u***.	1
Beside *je* **-a**; acted on **-u**: *Juha je topla. Mama kuha juhu.*	1
Every sentence here came out of the four texts you just read. Naming takes **-a**, target takes **-u**.	1
The market is big and colorful.	1
Ana is buying a banana.	1
The fish is fresh, but it is expensive.	2
Ana is buying chocolate.	1
The coffee is strong.	1
Afterwards she drinks coffee.	1
Ana is eating pie.	1
Mom is cooking soup in the evening.	1
Ivana is buying a tomato.	1
I love Saturday.	2
Saturday is today.	1
Ana is choosing a bag.	1
You type the target form, with the text above as a safety net. Drop the final **-a** and add **-u**: *televizija → televizij**u***, *škola → škol**u***. A destination after *u* behaves in exactly the same way.	1
Drop **-a**, add **-u**: *televiziju, školu*. Same after *u*.	1
Type the accusative form — the text has the answer.	1
Ana's Saturday, in order	1
Ordering seven moments into a sequence that makes sense. No times are given, so use meaning: you choose and check the price before *plaća račun*. Every feminine thing she handles carries **-u**.	1
Order by sense: check the price before paying.	1
Seven moments from a market morning, shuffled. Nobody wrote this story down — put it in the order it would actually happen.	1
English in, Croatian tiles out. Two habits decide most of these: a feminine target ends in **-u** with its adjective matching (*mal**u** vrećic**u***), and a comma comes before *a* and *ali*.	1
Feminine target **-u** with its adjective (*malu vrećicu*); comma before *a*, *ali*.	1
Read the English sentence, then build its Croatian translation from the tiles. Almost everything comes from the four texts.	6
en: Ana is going to the market.	1
en: The market is big.	1
en: Ana is buying an apple.	1
en: Ana is buying a banana and lettuce.	1
en: The fish is fresh, but it is expensive.	2
en: Ana loves chocolate.	1
en: She is choosing a small bag.	1
en: Ana is paying the bill.	1
en: Afterwards she drinks coffee.	1
en: The coffee is strong, and the pie is sweet.	1
en: We need bread, milk and rice.	1
en: I am cooking soup in the evening.	1
en: Marko is buying bread and cheese.	1
en: Ivana is buying a tomato and a carrot.	1
en: Ana loves fruit.	1
en: In the morning I drink water.	1
en: I love coffee!	1
en: I eat an apple and a banana.	1
en: My sister eats chocolate.	1
en: Mom is cooking soup.	2
en: Dad is watching television.	1
en: I go to the bakery and buy bread.	2
en: In the evening we eat fish and salad.	1
en: I love Saturday because I don't go to school!	1
en: I am going to the shop.	1
en: I need one bag.	1
en: Ana is looking at the price.	1
en: Ana is carrying the bag.	1
A timed picture-to-word tap, all words in the naming form. That is why you see *jabuka* here and not *jabuku* — the **-u** shows up only once a verb acts on the word.	1
Naming forms: *jabuka*, not *jabuku*.	1
The market is closing. A picture appears — tap the balloon with its word before it floats away.	1
Reading: City Life	1
Text 1: The tram	1
A short story with a translation beside it. Read it for the accusative at work: *vidi prijatelja* and *zove Marka* mark living targets with **-a**, while *čeka tramvaj* leaves the thing untouched. Names bend too, so *Ana* becomes *Anu*.	1
Living targets **-a** (*vidi prijatelja, zove Marka*), things unchanged (*čeka tramvaj*). *Ana → Anu*.	1
City life, written the way Croatians actually write it.	1
Passive words: *oprostite* (excuse me), *maše* (waves), *kroz* (through), *još jednom* (once more), *Sretan put!* (have a good trip!), *žuri* (hurries).	1
Ana ide u grad. | Ana is going to the city.	1
Ona čeka tramvaj. | She is waiting for the tram.	1
Tramvaj je pun. | The tram is full.	1
Ana vidi prijatelja. | Ana sees a friend.	1
Marko ne čuje Anu jer sluša glazbu. | Marko doesn't hear Ana because he is listening to music.	1
"Ana zove Marka još jednom. ""Marko!"" | Ana calls Marko once more. ""Marko!"""	1
Sad Marko vidi Anu i maše. | Now Marko sees Ana and waves.	1
Oni gledaju grad kroz prozor i pričaju. | They look at the city through the window and chat.	1
Marko fotografira most, a Ana fotografira Marka. | Marko photographs the bridge, and Ana photographs Marko.	1
Comprehension questions on the tram text. The question word *koga* means *whom*, the target, so its answer must carry the ending: *Koga Ana vidi?* is answered with *prijatelja*, never with *prijatelj*.	1
*koga* = whom, so the answer has **-a**: *prijatelja*.	1
Text 2: Who sees whom?	1
A chain puzzle rather than a story. The ending is your only clue to who does what, so read each **-a** as the one being watched: in *Policajac gleda turista* the police officer looks and the tourist is looked at.	1
The **-a** marks who is watched: *Policajac gleda turista*.	1
A puzzle, not a story. Everybody on this street is looking at something — but nobody is looking back. Read it twice before you answer. Passive words: *nitko* (nobody), *svi* (everyone), *nešto* (something), *smije se* (laughs), *ali* you already know.	1
Ulica je puna. Svi nešto gledaju. | The street is full. Everyone is looking at something.	1
Turist fotografira spomenik. | The tourist is photographing the monument.	1
Policajac gleda turista, ali turist ne vidi policajca. | The police officer is watching the tourist, but the tourist doesn't see the police officer.	1
Konobar gleda policajca jer kava čeka. | The waiter is watching the police officer because the coffee is waiting.	1
Pas gleda konobara jer konobar nosi kruh. | The dog is watching the waiter because the waiter is carrying bread.	1
Dječak gleda psa i smije se. | The boy is watching the dog and laughing.	1
Nitko ne gleda dječaka. | Nobody is watching the boy.	1
Questions that follow the chain. Every *koga* question asks for the target, so the answer is the form ending in **-a**; work backwards from the last line, where nobody is watching *dječaka*.	1
*koga* asks for the target (**-a**). Start from the last line.	1
Work the chain out from the end. Every answer is somewhere in the line.	1
Changed or not?	1
Sorting words exactly as they appeared in the texts. A living masculine gained **-a** (*psa*, *policajca*) and a feminine word gained **-u** (*Anu*, *glazbu*), while things like *most* and *kruh* came through completely untouched.	1
As in the texts: beings **-a** (*psa*), feminine **-u** (*Anu*), things unchanged (*most*).	1
PROMIJENJENO	10
NEPROMIJENJENO	8
Every word here appears in one of the texts. Did it take an ending, or did it stay exactly as its naming form?	1
Text 3: Lost and found	1
A public notice, not a narrative. Watch its two accusatives: *Ako vidite psa* uses the living ending, and *Obično ga vodim* replaces the same dog with the short pronoun, tucked in neatly after the verb.	1
*Ako vidite psa*; *Obično ga vodim* replaces the dog.	1
A notice on the wall at the tram stop. No story, no dialogue — just somebody who has had a bad morning. Passive words: *izgubljen* (lost), *molim vas* (please), *ako* (if), *zovite* (call), *nagrada* (reward), *smeđ* (brown), *zove se* (is called).	1
IZGUBLJEN PAS | LOST DOG	1
Zove se Riko. Smeđ je i brz. | He is called Riko. He is brown and fast.	1
Nosi crven ključ na vratu. | He is wearing a red key on his neck.	1
Obično ga vodim kod mosta. | I usually walk him by the bridge.	1
Ako vidite psa, molim vas, zovite broj 091 234 567. | If you see the dog, please call the number 091 234 567.	1
Nagrada: jedna torta i jedna kava! | Reward: one cake and one coffee!	1
Riko voli kruh, ali ne voli tramvaj. | Riko loves bread, but he doesn't love the tram.	1
About the notice	1
Questions about the lost-dog notice, some stated and some you have to work out. Note that *pas* shows up as *psa* whenever it is the target — that ending is your signal for what is being seen.	1
*pas* as target = *psa*.	1
Some of these are in the notice, and some you have to work out.	1
A conversation answered with pronouns. Take the gender from the noun in the question — *tramvaj* gives *ga*, *knjigu* gives *je* — and keep the little word after the verb, as in *Da, čujem je*.	1
Gender from the question: *tramvaj → ga*, *knjigu → je*. *Da, čujem je.*	1
A neighbour is asking a lot of questions. Answer him — but never say the noun twice. Every reply on the right uses the pronoun instead.	1
Text 4: Traffic	1
A street snapshot to be read for endings. *Čovjek vodi psa* and *pas vuče čovjeka* use the very same two words in swapped roles, and only the **-a** tells you who is pulling whom.	1
Same words, swapped roles: *Čovjek vodi psa. Pas vuče čovjeka.*	1
Passive words: *vodi* (walks, leads), *vuče* (pulls), *golub* (pigeon), *leti* (flies), *pozdravlja* (greets), *živ* (alive).	1
Ulica je puna. | The street is full.	1
Vidim auto, autobus i tramvaj. | I see a car, a bus and a tram.	1
Vidim čovjeka i psa. | I see a man and a dog.	1
Čovjek vodi psa, a pas vuče čovjeka! | The man is walking the dog, and the dog is pulling the man!	1
Policajac gleda promet. | The police officer is watching the traffic.	1
Mačka gleda goluba, ali golub leti. | The cat is watching the pigeon, but the pigeon flies away.	1
Turist fotografira spomenik i konobara. | The tourist is photographing the monument and the waiter.	1
Konobar pozdravlja turista. | The waiter greets the tourist.	1
Vozač čeka semafor jer je promet velik. | The driver is waiting for the traffic light because the traffic is heavy.	1
Grad je živ! | The city is alive!	1
Ending taps drawn from the four texts. A being takes **-a**, a thing takes the dash, and animals count as beings, so *pas* becomes *psa* while *semafor* and *kruh* stay exactly as they are.	1
Being **-a**, thing the dash. *pas → psa*, *semafor* stays.	1
Almost every sentence came out of the four texts. A being takes **-a**, a thing takes nothing.	1
Ana sees a friend.	2
Ana is waiting for the tram.	1
The police officer is watching the tourist.	2
The tourist is photographing the monument.	2
The dog is watching the waiter.	1
The waiter is carrying bread.	1
The cat is watching the pigeon.	1
I see a car.	1
Ana is calling Marko.	1
Marko is photographing the bridge.	1
The waiter greets the tourist.	1
The driver is waiting for the traffic light.	1
I see a bus.	1
The tourist is photographing the waiter.	1
Ana is looking at the city.	1
Typing the target form back into sentences you have read. Beings add **-a** (*konobar* to *konobara*, *turist* to *turista*), while things such as *semafor*, *spomenik* and *promet* are typed in unchanged.	1
Beings **+a** (*konobara, turista*); things unchanged (*semafor*).	1
Fill in the accusative from the text.	1
Say it with a pronoun	1
Swapping a named target for its pronoun. Gender rules the choice — masculine and neuter give **ga**, feminine gives **je** — so *Anu* becomes *je* and *psa* becomes *ga*, each sitting in front of the verb here.	1
m/n → **ga**, f → **je**: *Anu → je*, *psa → ga*.	1
Say the sentence again, but swap the noun for its little word. *ga* for masculine and neuter, *je* for feminine.	1
Ana's tram ride, in order	1
Ordering the events of the tram story. The clues are in the sense of the sentences rather than the endings, but notice that a target keeps its ending wherever the sentence lands: *Ana vidi prijatelja*.	1
Order by sense. The target keeps its ending: *Ana vidi prijatelja*.	1
Seven moments from a morning in the city, shuffled. Nobody wrote this down — put it in the order it would actually happen.	1
English into Croatian, built from tiles. Two things decide the order: a living target ends in **-a** while a thing does not, and a short pronoun can never take the first slot, so *Ana ga čeka* is the only possibility.	1
Living target **-a**, thing no ending; pronoun never first: *Ana ga čeka*.	1
en: Ana is going to the city.	1
en: Ana is waiting for the tram.	1
en: The tram is full.	1
en: Ana sees a friend.	2
en: Ana is calling Marko.	1
en: Marko sees Ana.	1
en: The police officer is watching the traffic.	2
en: Ana is calling a friend.	1
en: The tourist is photographing the monument.	2
en: The waiter greets the tourist.	1
en: The police officer is watching the tourist.	2
en: The dog is watching the waiter.	1
en: The boy is watching the dog.	1
en: Nobody is watching the boy.	1
en: The man is walking the dog.	2
en: Marko is photographing the bridge.	1
en: The driver is waiting for the traffic light.	2
en: I see the tram, but I don't see the bus.	2
en: The city is alive!	1
en: Yes, I'm waiting for it.	1
en: Yes, I see her.	1
en: Ana is waiting for it.	1
en: Marko sees her.	1
en: Riko loves bread, but he doesn't love the tram.	1
en: The street is full.	1
A timed picture-to-word game over the city vocabulary. Everything is a naming form with no endings; for extra value, whisper the target form as you tap, remembering that only *policajac* shifts, to *policajca*.	1
Naming forms. Only *policajac → policajca* shifts.	1
Rush hour is over. A picture appears — tap the balloon with its word before it floats away.	1
museum	8
Reading: School Days	1
Text 1: The school	1
A text to read, not a drill. Almost every noun is plural, so track the endings: *učenici* and *prozori* are masculine **-i**, *knjige* and *učiteljice* feminine **-e**, and the adjectives repeat the same ending.	1
Mostly plural: *učenici, prozori* **-i**; *knjige, učiteljice* **-e**. Adjectives match.	1
A school day in the plural — classmates, books and all.	1
Passive words: *zidovi* (walls), *dani* (days), *žuti* (yellow, pl.), *veliki* (big, pl.), *dugi* (long, pl.).	1
Ovo je škola. | This is a school.	1
Učenici su mladi i veseli. | The pupils are young and cheerful.	1
Učiteljice su dobre. | The teachers are good.	1
Knjige su nove, ali stolovi su stari. | The books are new, but the tables are old.	1
Dječaci igraju nogomet, a djevojčice pjevaju pjesme. | The boys play football, while the girls sing songs.	1
Prozori su veliki, a zidovi su žuti. | The windows are big, and the walls are yellow.	1
Udžbenici su teški, ali su zanimljivi. | The textbooks are heavy, but they are interesting.	1
Dani su dugi, ali su lijepi. | The days are long, but they are beautiful.	1
Comprehension questions on the text above. The answers hang on plural adjectives agreeing with their nouns, so *mladi* points back to *učenici* and *stari* to *stolovi*.	1
Adjectives point back: *mladi → učenici*, *stari → stolovi*.	1
Text 2: The timetable	1
Real-world reading rather than a story — scan for what you need. The plurals to spot are *ispiti* with masculine **-i**, and *zadaće* and *ocjene* with feminine **-e**.	1
Scan it. *ispiti* **-i**; *zadaće, ocjene* **-e**.	1
No story this time — just what is written on the classroom wall. Read it the way you'd read a real timetable: skip around, don't start at the top. Passive words: *raspored* (timetable), *razred* (class), *ponedjeljak* (Monday), *utorak* (Tuesday), *srijeda* (Wednesday), *dvadeset* (twenty), *minuta* (minute), *svaki odmor* (every break).	1
RASPORED — 5. razred | TIMETABLE — class 5	1
Ponedjeljak: matematika, hrvatski, glazba | Monday: mathematics, Croatian, music	1
Utorak: biologija, geografija, sport | Tuesday: biology, geography, sport	1
Srijeda: fizika, kemija, matematika | Wednesday: physics, chemistry, mathematics	1
Pauza je duga dvadeset minuta. | The break is twenty minutes long.	1
Dječaci igraju nogomet svaki odmor. | The boys play football every break.	1
Ispiti su u srijedu. | The exams are on Wednesday.	1
Zadaće su duge, ali su ocjene dobre! | The homework is long, but the grades are good!	1
Reading a timetable	1
Questions on the timetable, some needing you to work the answer out rather than read it off. Keep the plural endings in view: *ispiti* is masculine **-i**, *zadaće* and *ocjene* are feminine **-e**.	1
Work some answers out. *ispiti* m, *zadaće, ocjene* f.	1
Some answers are written down, some you have to work out.	1
Text 3: The choir	1
A scene built almost entirely on plural verbs. Watch the *they* forms and their families: *pjevaju* and *slušaju* come from *-am* verbs, but *broje* comes from *brojim*, an *-im* verb.	1
*they* forms: *pjevaju, slušaju* (**-am**), *broje* (**-im**).	1
Passive words: *plješću* (they applaud), *roditelji* (parents), *zadnja* (the last), *svi* (everyone), *na kraju* (at the end).	1
Djeca pjevaju pjesme. | The children are singing songs.	1
Pjesme su stare, ali su lijepe. | The songs are old, but they are beautiful.	1
Dječaci pjevaju glasno, a djevojčice pjevaju tiho. | The boys sing loudly, while the girls sing quietly.	1
Učiteljica svira klavir. | The teacher is playing the piano.	1
Roditelji slušaju i plješću. | The parents listen and applaud.	1
Bake i djedovi su sretni. | The grandmas and grandpas are happy.	1
Braća Ivan i Luka ne pjevaju — oni broje minute. | The brothers Ivan and Luka aren't singing — they're counting the minutes.	1
Na kraju svi pjevaju zadnju pjesmu zajedno. | At the end everyone sings the last song together.	1
Check each statement against the text. The meaning sits in the endings — the plural adjectives (*Pjesme su stare*) and the plural verbs (*Ivan i Luka broje*) — so read those, not just the word stems.	1
Read the endings: *Pjesme su stare. Ivan i Luka broje.*	1
Type the plural verb	1
Type the verb to match its subject. *mi* takes **-mo** and *vi* takes **-te** every time; for *they* the family decides — *pjevaju* and *slušaju* end in *-aju*, but *brojati* gives *broje*.	1
*mi* **-mo**, *vi* **-te**; *they* by family: *pjevaju*, *broje*.	1
Fill in the plural verb from the text.	1
Text 4: Four classmates	1
A logic puzzle in Croatian, so read all of it before deciding anything. The grammar at play is negation with the present tense: *ne voli* is *doesn't like*, and *Nitko ne voli* keeps its negative verb.	1
Read it all first. *ne voli* = doesn't like; *Nitko ne voli*.	1
A puzzle, not a story. Four pupils, four favorite subjects — but nobody tells you who likes what. Read the whole thing before you answer. Passive words: *nitko* (nobody), *samo* (only), *brzo* (fast), *sportaš* (athlete).	1
Ana, Marko, Iva i Luka su prijatelji. | Ana, Marko, Iva and Luka are friends.	1
Ana ne voli brojeve, ali voli riječi. | Ana doesn't like numbers, but she likes words.	1
Marko i Luka su sportaši. Oni trče brzo. | Marko and Luka are athletes. They run fast.	1
Iva svira klavir i pjeva pjesme. | Iva plays the piano and sings songs.	1
Marko voli matematiku, a Luka ne voli matematiku. | Marko likes mathematics, and Luka doesn't like mathematics.	1
Luka voli samo sport. | Luka likes only sport.	1
Nitko ne voli fiziku. | Nobody likes physics.	1
Some answers are stated outright and some you have to put together. The Croatian you need is small: *voli* and *ne voli*, plus the singular target form after them, as in *Marko voli matematik**u***.	1
*voli / ne voli* + target: *Marko voli matematiku*.	1
Nobody says outright who likes which subject. Work it out.	1
Text 5: New pupils	1
A classroom dialogue to read. Two things to notice: the plural of *biti* in *Jesu li oni braća?*, and the plural target in *Mi trebamo brz**e** igrač**e*** — masculine plural targets end in **-e**.	1
*Jesu li oni braća?* Plural masculine target **-e**: *brze igrače*.	1
Passive words: *dečki* (guys), *sportaši* (athletes), *igrači* (players), *Jesu li...?* (Are they...?), *imamo* (we have), *jako* (very).	1
— Dobro jutro, djeco! | — Good morning, children!	1
— Dobro jutro! | — Good morning!	1
— Danas igramo nogomet. Ivan i Luka su naši igrači. | — Today we play football. Ivan and Luka are our players.	1
— Bok, dečki! | — Hi, guys!	1
— Jesu li oni braća? | — Are they brothers?	1
— Da, oni su braća. I jako su brzi — oni su sportaši! | — Yes, they are brothers. And they are very fast — they are athletes!	1
— Super! Mi trebamo brze igrače! | — Great! We need fast players!	1
— Bravo, Ivane i Luka! | — Well done, Ivan and Luka!	1
Rebuild the conversation in order — a question has to come before its answer. *Jesu li oni braća?* is answered by *Da, oni su braća*, and the greeting pair opens the scene.	1
Question before answer; the greeting opens.	1
Rebuild the classroom conversation.	1
Talking about the class	1
You reply in a conversation, and nearly everything is plural. Match the verb to its subject (*Oni igraju*, *One pjevaju*) and keep the adjectives agreeing: *Učenici su veseli*, *Učiteljice su dobre*.	1
Mostly plural: *Oni igraju. Učenici su veseli. Učiteljice su dobre.*	1
A new pupil is asking about your class. Answer him — everything is plural now. Passive words: *strog* (strict), *neki* (some), *lagan* (easy), *svi* (everyone).	1
One pjevaju pjesme.	1
Tap the plural ending from the texts	1
Fill in the plural ending on sentences taken from the readings. Masculine **-i**, feminine **-e**, neuter **-a** — and the adjective confirms your choice, since *su žuti* can only follow a masculine plural like *zidovi*.	1
m **-i**, f **-e**, n **-a**. The adjective confirms: *su žuti → zidovi*.	1
Almost every sentence came out of the five texts. Masculine takes **-i**, feminine **-e**, neuter **-a**.	1
The pupils are young and cheerful.	2
The teachers are good.	1
The songs are old, but beautiful.	1
The homework is long.	2
The exams are on Wednesday.	2
The parents listen and applaud.	1
The walls are yellow.	1
The days are long.	2
Make it a target	1
Turn a naming plural into the target of a verb. Only masculine moves, *-i* to **-e**, with *c* going back to *k*: *dječaci* gives *Vidim dječak**e***. Feminine and neuter plurals stay exactly as they are.	1
Only masculine moves, **-i → -e**, *c → k*: *Vidim dječake*.	1
The plural is naming something. Say it again as the target of *vidim* — only masculine moves.	1
A school morning, in order	1
Sequence the day by sense, not by grammar. Everything is present tense with plural subjects — *Djeca dolaze*, *Učenici otvaraju* — so the clues are the events themselves.	1
Order by the events.	1
Seven moments from a school day, shuffled. Nobody wrote this down — put it in the order it would actually happen. Passive words: *dolaze* (they arrive), *kaže* (says), *otvaraju* (they open), *gotov* (finished), *doma* (home).	1
English prompt, Croatian built from tiles. Every piece must agree: a plural noun with a plural adjective and a plural verb, and a target noun in its target form — *Vidim učenik**e***, *Čitam nov**e** knjige*.	1
Everything agrees; targets in target form: *Vidim učenike. Čitam nove knjige.*	1
Read the English sentence, then build its Croatian translation from the tiles. Almost everything comes from the five texts.	9
en: This is a school.	1
en: The pupils are young and cheerful.	2
en: The teachers are good.	1
en: The books are new, but the tables are old.	2
en: The boys play football.	2
en: The girls are singing songs.	2
en: The textbooks are heavy, but they are interesting.	2
en: The days are long, but they are beautiful.	2
en: The children are singing songs.	1
en: The songs are old, but they are beautiful.	1
en: The teacher is playing the piano.	1
en: The parents listen and applaud.	2
en: The exams are on Wednesday.	2
en: The homework is long, but the grades are good.	1
en: Ana likes words.	1
en: Marko likes mathematics.	1
en: Iva plays the piano and sings.	1
en: Luka likes sport.	1
en: Nobody likes physics.	2
en: We need fast players.	2
en: They are brothers.	2
en: We sing, and you play.	2
en: I see the pupils and the girls.	1
en: I'm reading new books.	2
en: I'm waiting for my friends.	2
Fast picture-to-word tapping, all singular forms. Use the moment to lock in the final letter of each word — that letter is the gender, and gender is what chooses the plural ending.	1
Singular forms. The last letter is the gender.	1
The bell has gone. A picture appears — tap the balloon with its word before it floats away.	1
Reading: Plans & Journeys	1
Text 1: Summer plan	1
A first reading with the translation beside it. Watch the helper move: *Mi ćemo putovati* keeps the verb whole, *Plivat ćemo* trims it, and *Neću učiti* refuses — three shapes of one tense in a short text.	1
Three shapes of the future: *Mi ćemo putovati*, *Plivat ćemo*, *Neću učiti*.	1
Summer plans — the kind of message you'll get from a Croatian friend in June.	1
Passive words: *dolazi* (is coming), *kroz* (through), *bit će* (it will be), *svaki dan* (every day).	1
Ljeto dolazi! | Summer is coming!	1
Mi ćemo putovati na more. | We will travel to the seaside.	1
Ići ćemo u Split. | We will go to Split.	1
Tata će voziti, a mama će spavati. | Dad will drive, while mom will sleep.	1
Brat i ja ćemo gledati more kroz prozor. | My brother and I will watch the sea through the window.	1
Plivat ćemo svaki dan. | We will swim every day.	1
Jest ćemo sladoled i ribu. | We will eat ice cream and fish.	1
Navečer ćemo šetati. | In the evening we will take walks.	1
Neću učiti — odmor je! | I won't study — it's a holiday!	1
Bit će savršeno! | It will be perfect!	1
Answer from Text 1. The helper tells you who does what before you translate anything: *tata **će** voziti* is one person, while *plivat **ćemo*** is the whole family.	1
The helper shows who: *tata će voziti* (one), *plivat ćemo* (all of us).	1
Text 2: The packing list	1
A list rather than a story, so the future shows up mostly as a refusal: *Neću nositi kaput*. Note *Džemper ću ipak uzeti* — the object opens the sentence, which gives the leaning helper something to sit behind.	1
Mostly refusals: *Neću nositi kaput*. *Džemper ću ipak uzeti*: the object goes first.	1
No story — just a list stuck to the suitcase. Read it the way you'd read your own. Passive words: *ipak* (anyway, after all), *hladno* (cold), *za* (for).	1
ZA MORE — što ću nositi | FOR THE SEASIDE — what I am taking	1
majice, hlače, jedna košulja | T-shirts, trousers, one shirt	1
ručnik i jastuk za vlak | a towel and a pillow for the train	1
knjiga za plažu | a book for the beach	1
karta i rezervacija za hotel | the ticket and the hotel reservation	1
Neću nositi kaput — ljeto je! | I won't wear a coat — it's summer!	1
Džemper ću ipak uzeti. | I'll take a sweater anyway.	1
Navečer je hladno! | In the evening it's cold!	1
Short-term memory on the clothing words, in order. If one slips, rebuild it from its ending: *majica*, *košulja* and *torba* end in *-a* and are feminine, while *kaput*, *džemper* and *šešir* are masculine.	1
Clothes in order. *majica, košulja, torba* f; *kaput, džemper, šešir* m.	1
Three things flash, then vanish — pick them again in the same order. Exactly what happens when you leave the list at home and pack from memory.	1
T-shirt	9
shirt	10
coat	9
sweater	8
towel	8
pillow	8
What's in the suitcase?	1
Some answers sit on the list, others need the *jer* clause. The reasoning runs through the negatives: no coat *jer je ljeto*, but a sweater anyway *jer je navečer hladno*.	1
Some answers need the *jer* part: no coat *jer je ljeto*.	1
Some answers are on the list, some you have to work out.	1
Text 3: The ticket	1
A real ticket instead of prose. The two words to hold on to are *polazak* (departure) and *dolazak* (arrival); *subota* here names the travel day, and in a sentence it would become *u subotu*.	1
*polazak* = departure, *dolazak* = arrival. In a sentence: *u subotu*.	1
A train ticket and what it tells you. Passive words: *polazak* (departure), *dolazak* (arrival), *peron* (platform), *vrijedi* (is valid), *jedan smjer* (one way).	1
HŽ — KARTA ZA VLAK | CROATIAN RAILWAYS — TRAIN TICKET	1
Zagreb → Split | Zagreb → Split	1
Polazak: subota, 06:20, peron 3 | Departure: Saturday, 06:20, platform 3	1
Dolazak: subota, 12:45 | Arrival: Saturday, 12:45	1
Vrijedi: jedan smjer | Valid: one way	1
Cijena: 24 € | Price: 24 €	1
Rezervacija: da | Reservation: yes	1
Sretan put! | Have a good trip!	1
Reading a ticket	1
The answers are on the ticket, though some need arithmetic. Two questions are in the future: *Hoće li ustati rano?* uses the stressed form to ask, and the 06:20 departure answers it.	1
Some need arithmetic. *Hoće li ustati rano?* asks.	1
Everything you need is on the ticket — but some of it you have to put together yourself.	1
Text 4: Four friends, four plans	1
A logic puzzle rather than a narrative. Read the negatives closely — *Ana neće ići na more*, *Iva ne voli avione* — because what each person rules out is what tells you where the others end up.	1
Read the negatives closely: *Ana neće ići na more*.	1
A puzzle, not a story. Four people, four different summers — but nobody says outright who goes where. Passive words: *nitko* (nobody), *daleko* (far), *osim* (except), *ostati* (to stay).	1
Ana, Marko, Iva i Luka planiraju ljeto. | Ana, Marko, Iva and Luka are planning the summer.	1
Ana neće ići na more jer ne voli plažu. | Ana won't go to the seaside because she doesn't like the beach.	1
Marko će letjeti jer je destinacija daleko. | Marko will fly because the destination is far.	1
Iva ne voli avione, ali voli more. | Iva doesn't like planes, but she loves the sea.	1
Luka će ostati doma i trenirati cijelo ljeto. | Luka will stay at home and train all summer.	1
Jedna će putovati na otok. | One of them will travel to an island.	1
Jedna će ići u planinu. | One of them will go to the mountains.	1
Nitko neće ostati doma osim Luke! | Nobody will stay at home except Luka!	1
Work out who goes where by elimination. The load-bearing lines are negative futures with *neće* plus plain present-tense likes and dislikes; combine the two and only one arrangement survives.	1
By elimination: *neće* + likes and dislikes.	1
Work it out from what each person likes and fears.	1
Text 5: The journey	1
A whole day in the future, with the two orders alternating: *Sutra ću putovati* after a time word, *Ustat ću rano* with the verb first. Note that *sat* here means *hour*, not *clock*.	1
Both orders: *Sutra ću putovati*, *Ustat ću rano*. *sat* = hour.	1
Passive words: *kreće* (departs), *tamo* (there), *sat* here means *hour*.	1
Sutra ću putovati u Zagreb. | Tomorrow I will travel to Zagreb.	1
Ustat ću rano jer vlak kreće rano. | I will get up early because the train departs early.	1
Putovat ću tri sata. | I will travel for three hours.	1
Čitat ću knjigu i slušat ću glazbu. | I will read a book and listen to music.	1
Tamo ću vidjeti prijatelja Ivana. | There I will see my friend Ivan.	1
Ručat ćemo zajedno, a poslije ćemo gledati utakmicu. | We will have lunch together, and afterwards we will watch the match.	1
Nećemo ići u kino jer ćemo biti umorni. | We won't go to the cinema because we will be tired.	1
Navečer ću biti umoran, ali sretan. | In the evening I will be tired, but happy.	1
Long or short, from the texts	1
The same one-tap rule, now on sentences you have just read. Directly in front of the helper the verb loses its *-i* (*Bit će savršeno*); anywhere after it, the verb keeps it (*Navečer ću **biti** umoran*).	1
Right before the helper: no *-i* (*Bit će*); after it: whole (*ću biti*).	1
Almost every sentence came out of the five texts. In front of *ću* the verb drops its **-i**; after *ću* it keeps it.	1
We will swim every day.	1
We will travel to the seaside.	2
We will walk in the evening.	1
I will travel for three hours.	1
Tomorrow I will travel to Zagreb.	2
In the evening I will be tired.	2
I will see my friend.	1
There I will see my friend.	1
Type the future form	1
Type the verb in the shape the slot demands. If the blank stands before the helper, trim the *-i* (*Ustat ću*); if it stands after, leave the verb whole (*Sutra ću putovati*) — and *ići* stays *ići* either way.	1
Before the helper trim (*Ustat ću*); after, whole (*Sutra ću putovati*). *ići* stays.	1
Fill in the future form from the text.	1
Every plan falls through. Swap the helper for the single word *neću / nećeš / neće* and give the verb its *-i* back: *Ustat ćemo rano* becomes *Nećemo **ustati** rano*.	1
*neću / nećeš / neće* + full verb: *Nećemo ustati rano.*	1
Every plan below falls through. Turn it into a refusal — one word, then the full infinitive.	1
Sort by tense. A helper anywhere in the sentence — *ću, će, ćemo*, or the negative *neću* — means later; a verb carrying its own personal ending (*dolazi*, *kreće*, *trenira*) means now.	1
A helper (*ću, će, neću*) = later; personal ending (*dolazi*) = now.	1
Now or later? Sort the sentences.	1
A planning conversation, so nearly every reply is a future. *Hoćeš li…?* asks with the stressed form, and you may answer with a full sentence or with a bare *Hoću* or *Neću* — but never with *ću* on its own.	1
*Hoćeš li...?* Answer with a sentence, *Hoću* or *Neću*, never *ću* alone.	1
Your friend is planning the weekend and wants you in it. Choose your replies. Passive words: *Hoćeš li…?* (Will you…?), *naravno* (of course), *dogovoreno* (agreed), *možda* (maybe).	1
The journey, in order	1
Put seven future sentences into the order the trip would really happen in. The time words carry the sequence: *navečer* the night before, then *rano*, then *poslije*, then *navečer* again at the end.	1
Follow the time words: *navečer*, *rano*, *poslije*, *navečer*.	1
Seven moments from a trip to the sea, shuffled. Nobody wrote this down — put it in the order it would actually happen.	1
Translate by assembling tiles, so word order is the whole test. Decide first what opens the sentence: put the verb first and it is trimmed (*Plivat ćemo*), put anything else first and it stays whole (*Mi ćemo putovati*).	1
Verb first → trimmed (*Plivat ćemo*); anything else first → whole (*Mi ćemo putovati*).	1
en: Summer is coming!	1
en: We will go to Split.	2
en: Dad will drive, while mom will sleep.	2
en: We will swim every day.	1
en: In the evening we will take walks.	2
en: It will be perfect!	2
en: I won't study.	2
en: I won't take a coat.	1
en: Tomorrow I will travel to Zagreb.	2
en: I will get up early.	1
en: I will travel for three hours.	1
en: I will read a book and listen to music.	2
en: There I will see my friend.	2
en: We will have lunch together.	2
en: We won't go to the cinema.	2
en: In the evening I will be tired.	2
en: Marko will fly.	2
en: Luka will stay at home.	2
en: Ana won't go to the seaside.	1
en: Iva loves the sea.	1
en: I will carry the towels.	1
en: I will carry the suitcase to the station.	2
en: I will see the sea through the window.	1
en: In the morning I will train.	1
en: We will watch the match.	2
Timed picture-to-word recognition on the travel nouns. Sort the look-alikes before you start: *more* sea, *plaža* beach, *otok* island, *planina* mountain — and *brod* is the boat, *vlak* the train.	1
*more* sea, *plaža* beach, *otok* island, *planina* mountain; *brod* boat, *vlak* train.	1
The train is leaving. A picture appears — tap the balloon with its word before it floats away.	1
Reading: Our Club, My Hobby	1
Text 1: My hobby	1
A read-along text with the English beside each line. Read it twice: once for the story, once for the endings. Every possessive matches the noun in front of which it stands, so *moj fotoaparat* has no ending and *moja sestra* has **-a**, although the owner is the same person.	1
The possessive matches the noun after it: *moj fotoaparat*, *moja sestra*.	1
One family, three hobbies. Tap **EN** next to any sentence to see its translation.	1
A club, a hobby, and a family that cannot agree on any of it.	1
Passive words: *ima / imaju* (has / have — *imati* is yours from Vocabulary 4, the plural *imaju* you know from Lesson 7), *drugi* (a different one), *vani* (outside), *cijeli dan* (all day), *nikad* (never), *to* (that).	1
Moj hobi je fotografija. | My hobby is photography.	1
Moj fotoaparat je star, ali je dobar. | My camera is old, but it is good.	1
Slikam svoj grad svaki dan. | I photograph my city every day.	1
Moja sestra ima drugi hobi — njezin hobi je glazba. | My sister has a different hobby — her hobby is music.	1
Njezina gitara je nova i ona svira cijeli dan. | Her guitar is new and she plays all day.	1
Naš brat voli sport. | Our brother loves sport.	1
Njegova lopta je uvijek vani, a njegov dres je uvijek prljav. | His ball is always outside, and his jersey is always dirty.	1
Njegovo koljeno boli jer trenira svaki dan. | His knee hurts because he trains every day.	1
Moji roditelji nikad ne igraju nogomet, ali oni navijaju. | My parents never play football, but they cheer.	1
Naši hobiji su različiti, ali naša kuća je vesela. | Our hobbies are different, but our house is cheerful.	1
Comprehension questions in Croatian on the text above. *Čiji* asks whose, and its own ending matches the noun: *Čiji hobi* is masculine, *Čija gitara* feminine. The answer is stated outright in one of the lines.	1
*čiji* agrees too: *Čiji hobi? Čija gitara?*	1
Answer from the text. Passive words: *prljav* (dirty).	1
Type the possessive from the text	1
Copy the possessive back into the sentence. The noun that follows it decides the ending: *fotoaparat* takes the bare form, *gitara* takes **-a**, *koljeno* takes **-o** after *njegov* and **-e** after *moj*.	1
The noun decides: *fotoaparat* bare, *gitara* **-a**, *koljeno* **-o/-e**.	1
___ fotoaparat je star. (my)	1
___ lopta je uvijek vani. (his)	1
___ dres je prljav. (his)	1
___ koljeno boli. (his)	2
___ roditelji navijaju. (my)	1
___ kuća je vesela. (our)	1
Text 2: Is this your ball?	1
A conversation in the park, and the whole of it turns on one word: *tvoja*, *moja*, *njegova*, *naš*, *vaš*. Notice *Čija je ovo lopta?* — the question word matches *lopta* and ends in **-a**, exactly like the answer will.	1
*tvoja, moja, njegova, naš, vaš*. *Čija je ovo lopta?* ends in **-a** like *lopta*.	1
Two strangers, one ball. Tap **EN** to see any line in English.	1
Passive words: *Može!* (sure!), *golovi* (goalposts), *poslije* (afterwards), *slobodan* (free).	1
— Oprosti, je li ovo tvoja lopta? | — Excuse me, is this your ball?	1
— Ne, moja lopta je crvena. To je njegova lopta. | — No, my ball is red. That is his ball.	1
— Marko! Je li ovo tvoja lopta? | — Marko! Is this your ball?	1
— Da, moja je! Hvala! | — Yes, it is mine! Thanks!	1
— Igraš li nogomet? Naš klub trenira danas. | — Do you play football? Our club trains today.	1
— Igram! Kada trenirate? | — I do! When do you train?	1
— U pet — trener je strog, ali je pošten. | — At five — the coach is strict, but he is fair.	1
— A gdje trenirate? Vaš park ili naš park? | — And where do you train? Your park or ours?	1
— Naš, jer naš park ima nove golove. | — Ours, because our park has new goalposts.	1
— Može! Poslije treninga sam slobodan. | — Sure! After training I am free.	1
Check each statement against the dialogue. One word decides the truth of most of them, because *moja lopta* and *njegova lopta* differ only in the owner, and the first speaker says the red one is hers.	1
One word decides: *moja lopta* or *njegova lopta*.	1
Tap true or false — careful whose is whose.	1
Put the park conversation back into sequence. Each line answers the one before it: a question about the ball is answered before the club is mentioned, and the park is settled last.	1
Each line answers the one before.	2
The park conversation got shuffled. Put the lines back into the right order.	1
Text 3: Our club	1
A description of one small club, with a possessive in almost every line. Read *svoj* in the last sentence carefully: the people who love the club are the same people the club belongs to, which is exactly when Croatian uses *svoj*.	1
A possessive almost every line. *svoj*: the owners are the subject.	1
A small club with a strict coach. Tap **EN** to see any line in English.	1
Passive words: *odlično* (excellently), *zajedno* (together), *malo* (small in number), *svi* (everyone).	1
Naš klub je mali, ali je dobar. | Our club is small, but it is good.	1
Naš trener je strog, ali je pošten. | Our coach is strict, but he is fair.	1
Moja pozicija je golman i moj dres je zelen. | My position is goalkeeper and my jersey is green.	1
Ivan je kapetan — njegov dres je plav. | Ivan is the captain — his jersey is blue.	1
Ana i Maja igraju odlično, njihova obrana je jaka. | Ana and Maja play excellently, their defence is strong.	1
Subota je naš dan: igramo utakmicu. | Saturday is our day: we play a match.	1
Svaki igrač nosi svoj dres i svoju loptu. | Every player brings his own jersey and his own ball.	1
Naši roditelji gledaju i navijaju zajedno. | Our parents watch and cheer together.	1
Naš klub je mali, ali svi vole svoj klub. | Our club is small, but everyone loves their own club.	1
Comprehension on the club text. One question asks *čiji*, so read the possessive in the line, not the name: *njegov dres je plav* places the blue jersey with the captain.	1
Read the possessive: *njegov dres je plav*.	1
Text 4: The box at the club	1
A puzzle rather than a story. Nobody says whose things these are, so match each person's habits to the four objects. The color word agrees with its noun, so *zelen dres* and *narančasta lopta* belong to two different owners.	1
Match habits to objects. The colour agrees: *zelen dres*, *narančasta lopta*.	1
Four things in a box, four people, and no labels. Read it twice before you answer.	1
Passive words: *kutija* (box), *četiri* (four), *stvari* (things), *netko* (somebody), *nešto* (something), *zaboravlja* (forgets), *narančast* (orange), *svaki tjedan* (every week).	1
U kutiji su četiri stvari: dres, lopta, gitara i fotoaparat. | In the box there are four things: a jersey, a ball, a guitar and a camera.	1
Svaki tjedan netko nešto zaboravlja. | Every week somebody forgets something.	1
Ana slika svaki trening jer je fotografija njezin hobi. | Ana photographs every training session because photography is her hobby.	1
Marko je golman i njegov dres je zelen. | Marko is the goalkeeper and his jersey is green.	1
Ivan svira u pauzi, a poslije trenira. | Ivan plays music in the break, and afterwards he trains.	1
Maja trenira košarku i njezina lopta je narančasta. | Maja trains basketball and her ball is orange.	1
Dres u kutiji je zelen. | The jersey in the box is green.	1
Lopta u kutiji je narančasta. | The ball in the box is orange.	1
Deduction from the four habits. The answers are built from a name: a name in **-a** takes **-in** (*Anin*, *Majin*) and any other takes **-ov** (*Markov*, *Ivanov*), and the word then matches its noun, so it is *Anin fotoaparat* but *Majina lopta*.	1
From a name: **-a** → **-in** (*Anin*), others **-ov** (*Markov*); then agree: *Majina lopta*.	1
Nobody says whose is whose. Work it out from what each person does.	1
Anin	2
Majin	1
Markov	2
Ivanov	1
Ivanova	2
Anina	2
Markova	1
Majina	2
One tap per sentence, and almost every sentence comes from the four texts. The noun after the possessive decides: no ending for a masculine noun, **-a** for a feminine one, **-o** or **-e** for a neuter one — *njegovo koljeno*, but *moje koljeno*.	1
m nothing, f **-a**, n **-o/-e**: *njegovo koljeno, moje koljeno*.	1
Almost every sentence came out of the four texts. Read the Croatian noun and tap the ending.	1
My hobby is photography.	3
My sister plays the guitar.	2
Her guitar is new.	2
His ball is always outside.	1
His jersey is dirty.	1
His knee hurts.	1
Our club is small.	2
My position is goalkeeper.	2
Your park has new goalposts.	1
Her hobby is music.	1
Our house is cheerful.	1
Your ball is red.	1
Type the whole possessive, with the text as a safety net. The bracket names the owner and the noun sets the ending, so *(his)* plus *gitara* gives *njegova*, while *(her)* plus *dres* gives *njezin*.	1
Owner from the bracket, ending from the noun: *njegova gitara*, *njezin dres*.	1
Fill in the possessive. The bracket says who, the noun decides the ending.	1
___ klub je mali. (our)	1
___ trener je pošten. (our)	1
___ pozicija je golman. (my)	1
___ dres je plav. (his)	1
___ obrana je jaka. (their)	1
___ roditelji navijaju. (our)	1
___ hobi je glazba. (her)	1
___ park ima nove golove. (our)	1
Sorting the objects from the texts by the form of *moj*. The last letter of the noun is your guide: a consonant sends the word to **MOJ**, **-a** to **MOJA**, **-o** or **-e** to **MOJE**.	1
Consonant **MOJ**, **-a** **MOJA**, **-o/-e** **MOJE**.	1
Almost everything here is in one of the four texts. Which form of *my* does it take?	1
At the club	1
A conversation at your first training session, so every reply carries a possessive. Take the ending from the Croatian noun in your answer, and use *svoj* where the thing belongs to the person doing the action, as in *Nosim svoju loptu*.	1
Ending from your noun; *svoj* for your own: *Nosim svoju loptu*.	1
You arrive at training for the first time. Choose your replies. Passive words: *Dobro došli!* (welcome!), *prvi* (first), *u obrani* (in defence), *naravno* (of course), *vidimo se* (see you).	1
A training day, in order	1
Sequence seven moments from a training day. No times are given, so follow the sense of the sentences: the players arrive and change before they train, and the coach speaks before the match begins.	1
Order by sense: arrive, change, train, match.	1
Seven moments from a day at the club, shuffled. Nobody wrote this down — put it in the order it would actually happen.	1
English in, Croatian out, built from tiles taken from the four texts. Two things decide the result: the possessive stands in front of its noun and copies it, and a comma comes before *a*, *ali* and never before *i*.	1
Possessive before its noun; comma before *a*, *ali*.	1
en: My camera is old, but it is good.	1
en: Her guitar is new.	2
en: His ball is always outside.	1
en: His knee hurts because he trains every day.	1
en: Our hobbies are different.	2
en: Our club is small, but it is good.	2
en: Our coach is strict, but he is fair.	2
en: My position is goalkeeper.	1
en: Their defence is strong.	2
en: Every player brings his own jersey.	2
en: Whose ball is this?	2
en: That is Marko's jersey.	2
en: That is Ana's camera.	2
en: Our parents watch and cheer.	2
en: Everyone loves their own club.	2
A timed picture-to-word tap over the sport and body words. Everything is in its naming form, so use the moment to say the matching *moj*, *moja* or *moje* in your head as you tap.	1
Naming forms. Say *moj / moja / moje* in your head.	1
Training is over. A picture appears — tap the balloon with its word before it floats away.	1
camera	6
Reading: Last Weekend	1
Text 1: Yesterday	1
A read-along text with the English beside each line. Every sentence is built the same way — a participle plus a form of *biti* — so read it twice: once for the story, once to see where the helper sits. It never opens a sentence.	1
Participle + *biti* in every sentence. The helper never comes first.	1
One Saturday, told from beginning to end. Tap **EN** next to any sentence to see its translation.	1
Passive words: *zvao* (called), *Idemo!* (let's go!), *gdje* (where), *na moru* (at the seaside), *sve* (everything), *za* (for).	1
Jučer je bila subota. | Yesterday was Saturday.	1
Spavao sam dugo. | I slept for a long time.	1
Poslije sam pio kavu i jeo sam kruh. | Afterwards I drank coffee and ate bread.	1
"Moj prijatelj je zvao: ""Idemo u kino!"" | My friend called: ""Let's go to the cinema!"""	1
Išli smo u kino i gledali smo film. | We went to the cinema and watched a film.	1
Film je bio dug, ali je bio odličan. | The film was long, but it was excellent.	1
Poslije smo jeli pizzu i pričali smo cijeli sat. | Afterwards we ate pizza and talked for a whole hour.	1
Navečer sam čitao knjigu i slušao sam glazbu. | In the evening I read a book and listened to music.	1
Nisam radio jer je bila subota. | I didn't work because it was Saturday.	1
Bio je to dobar dan. | It was a good day.	1
Comprehension questions in Croatian on the text above. The participle tells you who did what before you translate anything, and *Zašto…?* questions are answered by the half that follows *jer*.	1
The participle shows who. *Zašto?* → the *jer* part.	1
Type the past form	1
Copy the past form back into the sentence. The helper comes from the person and the participle from the gender, so *Ja* takes *sam* plus **-o** or **-la**, while *mi* takes *smo* plus **-li**.	1
*Ja* → *sam* + **-o/-la**; *mi* → *smo* + **-li**.	1
The text is right above you — fill in the past form.	1
___ sam dugo. (spavati, m.)	1
Poslije sam ___ kavu. (piti, m.)	1
Text 2: How was it?	1
A conversation between two friends, and the participle in every line shows who is speaking. *Bio sam* and *Plivao sam* come from a man, *Učila sam* and *Znala sam* from a woman — the ending alone carries that, with no other word in the sentence to help.	1
The ending shows who speaks: *Bio sam* (he), *Učila sam* (she).	1
Two friends compare their Saturdays. Tap **EN** to see any line in English.	1
Passive words: *na moru* (at the seaside), *Je li bilo…?* (was it…?), *Jesi li…?* (did you…?), *sve* (everything), *I?* (and so?).	1
— Bok! Gdje si bio jučer? | — Hi! Where were you yesterday?	1
— Bio sam na moru. | — I was at the seaside.	1
— Super! Što si radio? | — Great! What did you do?	1
— Plivao sam i čitao sam knjigu. | — I swam and read a book.	1
— Je li voda bila topla? | — Was the water warm?	1
— Da, voda je bila savršena. A ti? Što si ti radila? | — Yes, the water was perfect. And you? What did you do?	1
— Učila sam cijeli dan. Imala sam ispit danas. | — I studied all day. I had an exam today.	1
— I? Kako je bilo? | — And? How was it?	1
— Odlično! Sve sam znala! | — Excellent! I knew everything!	1
— Bravo! Onda smo oboje imali dobar dan. | — Well done! Then we both had a good day.	1
Check each statement against the dialogue, and watch who says what. The **-o** lines belong to the man and the **-la** lines to the woman, so a claim that swaps them is false even when every word in it appears in the text.	1
**-o** lines are his, **-la** lines hers.	1
Tap true or false — careful who says what.	1
He or she?	1
One ending decides each answer. A sentence with **-o** comes from a man, one with **-la** from a woman, and one with **-li** from a group — the pronoun *ja* would tell you nothing, which is exactly why Croatian puts it in the verb.	1
**-o** man, **-la** woman, **-li** group.	1
Who is speaking? The participle is the only clue.	1
Put the conversation back into sequence. Each line answers the one before it: the question about where comes before the question about what, and *Kako je bilo?* can only follow the mention of the exam.	1
The conversation got shuffled. Put the lines back into the right order.	1
Text 3: Last weekend	1
A whole weekend in seven sentences, with a different subject in almost every one. Watch the helper change with the person — *smo* for us, *je* for one person, *su* for two — while the participle changes with gender.	1
Helper by person (*smo, je, su*), participle by gender.	1
Friday, Saturday and Sunday, in one page. Tap **EN** to see any line in English.	1
Passive words: *na koncertu* (at the concert), *za cijelu obitelj* (for the whole family), *svi* (everyone).	1
Prošli vikend je bio super. | Last weekend was great.	1
U petak smo gledali utakmicu — naš klub je pobijedio! | On Friday we watched a match — our club won!	1
U subotu sam igrao tenis, a moja sestra je pjevala na koncertu. | On Saturday I played tennis, while my sister sang at a concert.	1
Mama i tata su kuhali ručak za cijelu obitelj. | Mom and dad cooked lunch for the whole family.	1
U nedjelju smo svi spavali, čitali i gledali smo stari film. | On Sunday we all slept, read and watched an old film.	1
Baka je došla u nedjelju navečer i donijela je kolač. | Grandma came on Sunday evening and brought a cake.	1
Vikend je bio kratak, ali smo bili sretni. | The weekend was short, but we were happy.	1
Comprehension on the weekend text. Most answers are a participle plus its helper, so read the pair together: *sestra je pjevala* is one person, *mama i tata su kuhali* is two.	1
Read the pair: *sestra je pjevala*, *mama i tata su kuhali*.	1
Answer from the text. Passive words: *donijela* (brought), *kolač* (cake).	1
Text 4: Four friends, one Saturday	1
A puzzle rather than a story. Nobody says outright who did what, so read all of it before you answer. The negatives carry most of the information: what a person did **not** do is what tells you who did the rest.	1
Read it all first; the negatives carry the clues.	1
Four people, four Saturdays, and no names attached to them. Read it twice.	1
Passive words: *nitko* (nobody), *ali* you already know, *zato* (that is why), *osim* (except).	1
Ana, Marko, Iva i Luka su imali slobodnu subotu. | Ana, Marko, Iva and Luka had a free Saturday.	1
Ana nije gledala film jer ne voli kino. | Ana didn't watch a film because she doesn't like the cinema.	1
Marko je bio na moru i plivao je cijeli dan. | Marko was at the seaside and swam all day.	1
Iva ima ispit u ponedjeljak, zato je učila. | Iva has an exam on Monday, that is why she studied.	1
Luka nije bio doma — išao je na utakmicu. | Luka wasn't at home — he went to a match.	1
Jedna osoba je gledala film navečer. | One person watched a film in the evening.	1
Ta osoba nije bila Ana, nije bila Iva i nije bio Luka. | That person was not Ana, not Iva and not Luka.	1
Deduction from the negatives. Three lines say who the film-watcher was not, and the fourth person is the answer — although he also spent the day at the seaside, which is the point of the puzzle.	1
From the negatives: who didn't watch the film.	1
Nobody says who did what. Work it out from the text.	2
One tap per sentence, and almost every sentence comes from the four texts. Find the subject first: a man or *Marko* takes **-o**, a woman or *Ana* takes **-la**, a group takes **-li**, and a neuter subject takes **-lo**.	1
Man **-o**, woman **-la**, group **-li**, neuter **-lo**.	1
Almost every sentence came out of the four texts. One tap completes the participle.	1
I slept for a long time.	1
Afterwards I drank coffee.	1
We went to the cinema.	1
The water was perfect.	1
I studied all day.	1
I had an exam.	1
Mom and dad cooked lunch.	1
Grandma came on Sunday.	3
The weekend was short.	2
Marko swam all day.	1
Ana didn't watch a film.	2
Sorting sentences by tense. A verb with a personal ending is the present; a participle with *sam*, *je* or *smo* beside it is the past. The negative works the same way — *ne voli* is now, *nije gledala* is yesterday.	1
Personal ending = now; participle + helper = past. *ne voli* / *nije gledala*.	1
Sort the sentences by when they happen.	1
So how was your Saturday?	1
A conversation about your own weekend, so every reply is in the past. Petra speaks to you as *ti*; answer with *sam* and a participle in your own gender — the first option is the man's form, the second the woman's, and both are correct.	1
Answer with *sam* + participle in your gender.	1
Petra wants to hear about your Saturday. Choose your replies — pick the form that matches you. Passive words: *na moru* (at the seaside), *baš* (really), *dogovoreno* (agreed).	1
A Saturday, in order	1
Sequence seven moments of one day. No times are given, so follow the sense: getting up comes before the coffee, the cinema before the pizza, and the book at the end of the evening.	1
Order by sense: up, coffee, cinema, pizza, book.	1
Seven moments from the Saturday in Text 1, shuffled. Put them in the order they happened.	1
English in, Croatian out, built from tiles taken from the four texts. The helper can never be the first tile, and where two halves are joined by *a* or *ali* each half keeps its own helper.	1
Helper never first; each half keeps its own.	1
en: Yesterday was Saturday.	2
en: I slept for a long time.	2
en: We went to the cinema.	2
en: The film was long, but it was excellent.	2
en: Afterwards we ate pizza.	2
en: I didn't work because it was Saturday.	2
en: I was at the seaside.	2
en: The water was perfect.	1
en: I studied all day.	1
en: I knew everything!	1
en: On Saturday I played tennis.	1
en: My sister sang at the concert.	1
en: Mom and dad cooked lunch.	1
en: Grandma came on Sunday.	2
en: The weekend was short, but we were happy.	2
en: Ana didn't watch a film.	1
en: It was perfect.	1
A timed picture-to-word tap over the things that turned up in the four texts. Everything is in its naming form; for extra value, say *Gledao sam…* or *Jeo sam…* in your head as you tap.	1
Naming forms. Think *Gledao sam...* as you tap.	1
The weekend is over. A picture appears — tap the balloon with its word before it floats away.	1
Reading: The Present Mystery	1
Text 1: The present	1
A read-along shop conversation, and almost every second line is a question. Read it twice: once for the story, once to notice that no line adds a helper word — *Što kupuješ?* is the whole question, with nothing standing in for English *do*.	1
Almost every second line is a question, with no *do*: *Što kupuješ?*	1
A present, a sister and a shop assistant with opinions. Tap **EN** next to any sentence to see its translation.	1
Passive words: *savršen* (perfect), *onda* (then), *ili* (or), *parfem* (perfume).	1
— Što kupuješ? | — What are you buying?	1
— Kupujem poklon. | — I'm buying a present.	1
— Za koga? | — For whom?	1
— Za sestru. Sutra je njezin rođendan. | — For my sister. Tomorrow is her birthday.	1
— Koliko godina ima? | — How old is she?	1
— Dvadeset. | — Twenty.	1
— I što ćeš kupiti? Knjigu ili parfem? | — And what will you buy? A book or perfume?	1
— Ne znam... Što ona voli? | — I don't know... What does she like?	1
— Tvoja sestra voli glazbu, zar ne? | — Your sister loves music, doesn't she?	1
— Da! Onda je gitara savršen poklon! | — Yes! Then a guitar is the perfect present!	1
— Koliko košta gitara? | — How much does the guitar cost?	1
— Sto eura. Nije jeftina, ali je odlična. | — A hundred euros. It isn't cheap, but it's excellent.	1
Comprehension on the dialogue above. Each question here is built the way the text builds its own: the question word first, then the present tense. The answer is stated outright in one of the lines.	1
Question word first, then the present. The answer is in the text.	1
Answer from the dialogue.	3
Copy the question word back into the line. Read the answer first: a thing calls for *što*, a person after *za* calls for *koga*, and a number calls for *koliko*.	1
Read the answer first: thing *što*, person after *za* *koga*, number *koliko*.	1
Fill in the question word from the dialogue.	1
Text 2: The mystery	1
A story told almost entirely in questions, which is what makes it a mystery. Each question is answered by the line that follows it, so read the pairs together — and notice that the last answer is a *jer*-clause, standing alone as a full answer.	1
Each question is answered by the next line. The last answer is a *jer*-clause.	1
A box arrives and nobody will say who sent it. Tap **EN** to see any line in English.	1
Passive words: *poslao / poslala* (sent), *stigao* (arrived), *unutra* (inside), *teška* (heavy), *baš* (exactly), *otvara* (opens), *nikad ne zaboravlja* (never forgets), *naravno* (of course).	1
Na stolu je poklon. | There is a present on the table.	1
Tko je poslao poklon? Ana ne zna. | Who sent the present? Ana doesn't know.	1
Što je unutra? Kutija je teška. | What is inside? The box is heavy.	1
Kada je poklon stigao? Jutros. | When did the present arrive? This morning.	1
Čija je ovo kutija? Na kutiji nema imena. | Whose box is this? There is no name on the box.	1
Zašto baš danas? | Why exactly today?	1
Ana otvara kutiju. Unutra je torta! | Ana opens the box. Inside is a cake!	1
Kakva je torta? Velika, s dvadeset svijeća. | What is the cake like? Big, with twenty candles.	1
A tko je poslao tortu? Baka, naravno! | And who sent the cake? Grandma, of course!	1
Jer je danas Anin rođendan — a baka nikad ne zaboravlja. | Because today is Ana's birthday — and grandma never forgets.	1
Match question & answer	1
Each question from the story beside its answer. The question word is what tells you which answer fits: *tko* takes a person, *što* a thing, *kada* a time, *kakva* a description, *čija* a possessive.	1
*tko* person, *što* thing, *kada* time, *kakva* description, *čija* owner.	1
Match each question from the story with its answer.	1
Baka.	1
Torta.	1
Jutros.	1
Jer je Anin rođendan.	1
Velika.	1
Ne piše.	1
Solve the mystery	1
Questions that need working out rather than looking up. The cake has twenty candles and Ana is twenty, which is the link the story never states outright.	1
Work it out: the story never says it directly.	1
Some of these are in the story, and some you have to work out.	1
Text 3: The quiz show	1
A quiz show, so the host uses *vi* throughout: *Gdje živite?*, *Koliko godina imate?* Compare those with the *ti* forms from Text 1 — the question word is identical and only the verb ending changes.	1
The host uses *vi*: *Gdje živite? Koliko godina imate?*	1
Marko is the contestant and the host has seven questions. Tap **EN** to see any line in English.	1
Passive words: *zadnje* (last), *kao* (like), *ponekad* (sometimes), *gubiš* (you lose), *odgovor* (answer).	1
— Dobra večer! Tko ste vi? | — Good evening! Who are you?	1
— Dobra večer! Ja sam Marko. | — Good evening! I am Marko.	1
— Gdje živite, Marko? | — Where do you live, Marko?	1
— Živim u Splitu. | — I live in Split.	1
— Koliko godina imate? | — How old are you?	1
— Trideset. | — Thirty.	1
— Koji je vaš hobi? | — What is your hobby?	1
— Šah. | — Chess.	1
— Kako često igrate? | — How often do you play?	1
— Svaki dan! | — Every day!	1
— Kakav je šah? Težak ili lagan? | — What is chess like? Hard or easy?	1
— Nije lagan, ali je zanimljiv. | — It isn't easy, but it is interesting.	1
— I zadnje pitanje: zašto volite šah? | — And the last question: why do you love chess?	1
— Jer je šah kao život: misliš, čekaš i ponekad gubiš! | — Because chess is like life: you think, you wait and sometimes you lose!	1
Check each statement against the quiz show. The traps are the numbers and the *vi* forms: the host asks *Koliko godina imate?* and the answer is thirty, not twenty.	1
Watch the numbers and the *vi* forms.	1
Text 4: Who bought what?	1
A puzzle rather than a story. Four people bought four presents, and nobody says which is whose. The negatives carry the information: what a person did **not** buy is what places the others.	1
Four people, four presents. The negatives place them.	1
Four friends, four presents, no labels. Read it twice before you answer.	1
Passive words: *zato* (that is why), *skupo* (expensive), *nešto* (something).	1
Marko, Iva i Luka kupuju poklone za Anin rođendan. | Marko, Iva and Luka are buying presents for Ana's birthday.	1
Ana je isto u dućanu — ona kupuje poklon za baku. | Ana is in the shop too — she is buying a present for grandma.	1
Marko ne kupuje cvijeće jer cvijeće nije njegova ideja. | Marko isn't buying flowers because flowers are not his idea.	1
Iva kupuje nešto što svira. | Iva is buying something that plays.	1
Luka nema puno novca, zato kupuje čestitku. | Luka doesn't have much money, that is why he is buying a card.	1
Pokloni su: gitara, parfem, cvijeće i čestitka. | The presents are: a guitar, perfume, flowers and a card.	1
Parfem košta pedeset eura. To je skupo! | The perfume costs fifty euros. That's expensive!	1
Deduction from the negatives. Iva buys the guitar, Luka the card, Marko does not buy flowers — so the flowers are Ana's and the perfume is Marko's.	1
By elimination from the negatives.	2
Nobody says who buys what. Work it out from the text.	1
One tap per question, and almost every question comes from the four texts. *Koji*, *kakav* and *čiji* copy the noun beside them, and a feminine noun takes **-u** when it is the target of the verb.	1
*koji, kakav, čiji* copy the noun; feminine target **-u**.	1
Every question came out of the four texts. One tap makes the question word match its noun.	1
What is your hobby?	1
What is the cake like?	1
Whose box is this?	1
Whose present is this?	1
Which guitar are you buying?	1
Whose letter is this?	1
Which coffee is yours?	1
What is the weather like?	1
Sorting questions by how they are built. A question word opens the first kind, *li* stands behind the verb in the second, and the third is a statement with *zar ne?* on the end.	1
Question word first; verb + *li*; statement + *zar ne?*	1
Now YOU are on the quiz	1
The host asks you six questions of his own, in the polite *vi* form. Any answer keeps the show going, but read the question word first: *gdje* wants a place, *koji* wants one thing out of several, and *zašto* wants a *jer*-clause.	1
Polite *vi*. *gdje* place, *koji* one of several, *zašto* → *jer*.	1
Answer the host's questions about yourself — any answer keeps the show going. Passive words: *voditelj* (host), *zadnje pitanje* (last question), *odličan odgovor* (excellent answer).	1
The mystery, in order	1
Sequence the seven moments of the mystery. The questions come before their answers, and the box has to arrive before anyone can open it.	1
Questions before answers; the box arrives before it's opened.	1
Seven moments from Text 2, shuffled. Put them in the order they happened.	1
English in, Croatian out, built from tiles taken from the four texts. The question word is the first tile and nothing stands in for English *do*; *li* goes directly behind the verb.	1
Question word first, no *do*; *li* right after the verb.	1
en: What are you buying?	2
en: Who is the present for?	2
en: How old is she?	1
en: How much does the guitar cost?	2
en: Who sent the present?	2
en: What is inside?	1
en: When did the present arrive?	1
en: What is the cake like?	1
en: Whose box is this?	1
en: Where do you live?	2
en: What is your hobby?	1
en: Why do you love chess?	1
en: You like music, don't you?	2
en: I don't know.	2
en: Tomorrow is her birthday.	1
en: A guitar is the perfect present.	1
A timed picture-to-word tap over the things that could be a present. Everything is in its naming form; say *Kupujem…* in your head as you tap, remembering that a feminine word would take **-u**.	1
Naming forms. Think *Kupujem...*; feminine **-u**.	1
The shop is closing. A picture appears — tap the balloon with its word before it floats away.	1
euro	2
Reading: The Picky Eaters	1
Text 1: I don't like soup	1
A read-along complaint, and nearly every line is negative. Read it twice: once for the story, once to spot the pattern — *ne* in front of the verb, *nije* as one word, and *ni… ni…* ruling out two things with *ne* still on the verb.	1
Mostly negative: *ne* before the verb, *nije* as one word, *ni... ni...* with *ne*.	1
A boy, his mother and a long list of foods he won't eat. Tap **EN** next to any sentence to see its translation.	1
Passive words: *kaže* (says), *zdravo* (healthy, about a thing).	1
Ne volim juhu. | I don't like soup.	1
Nikad ne jedem juhu. | I never eat soup.	1
"Mama kaže: ""Juha je zdrava!"" | Mom says: ""Soup is healthy!"""	1
Ali ne volim ni ribu. | But I don't like fish either.	1
Riba nije ukusna — riba je riba! | Fish isn't tasty — fish is fish!	1
Ne jedem ni rajčicu ni luk. | I eat neither tomatoes nor onions.	1
Gljive? Ne, hvala. Češnjak? Nikad! | Mushrooms? No, thank you. Garlic? Never!	1
Što volim? Volim pizzu i sladoled. | What do I like? I like pizza and ice cream.	1
"Mama nije sretna: ""To nije zdravo!"" | Mom isn't happy: ""That isn't healthy!"""	1
Znam, mama. Ali sladoled nikad nije problem! | I know, Mom. But ice cream is never a problem!	1
Check each statement against the text. The negatives carry the information: *ne volim ni ribu* means he dislikes fish as well as soup, and *mama nije sretna* rules out a happy mother.	1
The negatives carry the meaning: *ne volim ni ribu*, *mama nije sretna*.	1
Type the negation	1
Copy the negative word back into its line. Read the whole sentence first: a gap in front of a verb takes *ne*, a gap before an adjective takes *nije*, and a gap in the middle of a list takes *ni*.	1
Before a verb *ne*, before an adjective *nije*, in a list *ni*.	1
Fill in the negation from the text.	1
Text 2: At the restaurant	1
A restaurant where the kitchen has run out of almost everything. The waiter answers with *nemamo*, the fused negative of *imati*, and *također nemamo* means *we don't have that either*. Notice that the guest answers the same way: *Ne jedem pizzu.*	1
*nemamo* = we don't have; *također nemamo* = don't have that either.	1
Two friends, one waiter and a very short menu. Tap **EN** to see any line in English.	1
Passive words: *drugo* (else), *za piće* (to drink), *posebno* (special), *večeras* (tonight), *pivo* (beer).	1
— Dobra večer! Izvolite jelovnik. | — Good evening! Here's the menu.	1
— Imate li ribu? | — Do you have fish?	1
— Nažalost, danas nemamo ribu. | — Unfortunately, we don't have fish today.	1
— A juhu? | — And soup?	1
— Juhu također nemamo. | — We don't have soup either.	1
— Hm. Što imate? | — Hm. What do you have?	1
— Imamo pizzu i salatu. | — We have pizza and salad.	1
— Ja ne jedem pizzu... ali moj prijatelj ne jede ništa drugo! | — I don't eat pizza... but my friend eats nothing else!	1
— Onda jednu pizzu i jednu salatu? | — Then one pizza and one salad?	1
— Da, molim. | — Yes, please.	1
— Odlično! A za piće? | — Excellent! And to drink?	1
— Ništa posebno — samo vodu, molim. Večeras ne pijemo ni vino ni pivo. | — Nothing special — just water, please. Tonight we're drinking neither wine nor beer.	1
Comprehension on the dialogue above. Keep apart what the restaurant *has* and what it *doesn't have* — *nemamo ribu*, *juhu također nemamo* — and remember that *ni vino ni pivo* rules out both drinks.	1
Has vs. doesn't have. *ni vino ni pivo* = neither.	1
Rebuild the conversation line by line. Each answer follows its question: *Imate li ribu?* is answered by *nemamo ribu*, *A juhu?* by *Juhu također nemamo*, and *Što imate?* by *Imamo pizzu i salatu*. The guest's order comes last.	1
Each answer follows its question; the order comes last.	1
Rebuild the restaurant conversation.	1
Text 3: Marko eats nothing	1
A story about a child who refuses everything — almost. The whole story rests on the difference between *ništa* and *nešto*: the first line says *Marko ništa ne jede*, and the last one says *Marko ipak nešto jede*.	1
*ništa* vs. *nešto*: *Marko ništa ne jede... Marko ipak nešto jede.*	1
A grandmother, a mother and a father try to feed Marko. Tap **EN** to see any line in English.	1
Passive words: *njegova* (his), *gle!* (look!), *dakle* (so), *istina* (true), *ipak* (after all), *radi* (makes).	1
Marko je dijete i Marko ništa ne jede. | Marko is a child and Marko eats nothing.	1
Ne jede povrće. | He doesn't eat vegetables.	1
Ne voli voće. | He doesn't like fruit.	1
Nikad ne pije mlijeko. | He never drinks milk.	1
"""Ne!"" — to je njegova omiljena riječ. | ""No!"" — that is his favorite word."	1
Baka kuha juhu — Marko ne želi juhu. | Grandma cooks soup — Marko doesn't want soup.	1
Mama peče kolač — Marko ne želi ni kolač! | Mom bakes a cake — Marko doesn't even want the cake!	1
Tata radi palačinke... i gle! Marko jede! | Dad makes pancakes... and look! Marko is eating!	1
Dakle, nije istina. Marko ipak nešto jede: palačinke! | So it isn't true. Marko does eat something after all: pancakes!	1
Comprehension on Marko's story. Three people cook, and each question asks who made what or what Marko refused. *Ne želi ni kolač* means he refused the cake as well as the soup.	1
Who made what, what Marko refused. *ne želi ni kolač*.	1
Text 4: Who eats what?	1
A puzzle rather than a story. Four friends, four dishes, and nobody says who has which. Every clue is a negative, so work by elimination: what a person does **not** eat narrows down what is left for the others.	1
Every clue is negative: work by elimination.	2
Four friends, four dishes, no labels. Read it twice before you answer.	1
Passive words: *četiri jela* (four dishes), *isto* (the same).	1
Ana, Damir, Petra i Ivan večeraju u restoranu. | Ana, Damir, Petra and Ivan are having dinner at a restaurant.	1
Na stolu su četiri jela: piletina, riba, tjestenina i salata. | There are four dishes on the table: chicken, fish, pasta and salad.	1
Nitko ne jede isto jelo. | Nobody eats the same dish.	1
Petra je vegetarijanka — ne jede ni meso ni ribu. | Petra is a vegetarian — she eats neither meat nor fish.	1
Ana ne jede meso. | Ana doesn't eat meat.	1
Damir ne voli ni salatu ni tjesteninu. | Damir likes neither salad nor pasta.	1
Ivan nikad ne jede ribu. Danas ne želi ni piletinu. | Ivan never eats fish. Today he doesn't want chicken either.	1
Petra danas ne želi tjesteninu. | Petra doesn't want pasta today.	1
Tko jede što? | Who is eating what?	1
Deduction from the negatives. Only Damir can take the chicken, because Ana and Petra eat no meat and Ivan does not want it today. Ivan never eats fish, so the fish is Ana's; Petra does not want pasta, so she has the salad and Ivan the pasta.	1
Nobody says who eats what. Work it out from the text.	1
Damir	3
Petra	4
One tap per sentence, and almost every sentence comes from the four texts. **Ni-** builds *ništa*, *nikad*, *nitko* and *nije*; **ne-** builds *nešto* and *nemamo*, and *ne* also stands alone in front of a verb. The dash leaves a positive sentence untouched.	1
**ni-**: *ništa, nikad, nitko, nije*; **ne-**: *nešto, nemamo*; or *ne* alone. Dash = positive.	1
Almost every sentence came out of the four texts. One tap — or none, if the sentence is positive.	1
Marko does eat something after all.	1
Soup is healthy.	1
Mom isn't happy.	1
We don't have fish today.	1
Marko is a child.	1
My friend eats nothing else.	1
Petra is a vegetarian.	1
Fish isn't tasty.	1
We don't have soup either.	1
Marko doesn't even want the cake.	1
Ice cream is never a problem.	1
Petra eats neither meat nor fish.	1
Nobody is eating the same dish today.	1
Ivan never eats fish.	1
Sorting sentences by meaning. A sentence is negative when its verb is — *ne jede*, *nije*, *nemamo*. Two traps: *Marko ipak nešto jede* is positive despite the **ne-** word, and *samo vodu* is a positive answer.	1
Negative verb = negative sentence. *nešto jede* is positive.	1
Does the sentence say yes or no?	1
Now YOU order	1
Your turn at the restaurant, with the waiter using the polite *vi*. Any answer keeps the conversation going, but each one uses this unit: *ne jedem*, *nisam*, *ništa više*. Where your gender shows, both forms are offered.	1
Polite *vi*: *ne jedem, nisam, ništa više*. Pick your gender's form.	1
The waiter is ready and the kitchen is half empty. Choose your replies — any answer works. Passive words: *Evo* (here you are), *u redu* (all right), *malo* (a little), *alkohol* (alcohol), *sokove* (juices), *Hvala vam* (thank you, polite).	1
Dinner, in order	1
Sequence Marko's dinner from Text 3. Three people offer food one after another — grandmother, mother, father — and the two refusals come before the one dish he finally eats.	1
Three offers, two refusals, then one dish.	1
Seven moments from Text 3, shuffled. Put them in the order they happened.	2
English in, Croatian out, built from tiles taken from the four texts. *Ne* goes directly in front of the verb, *nije* and *nemamo* are single tiles, and every negative word keeps *ne* on the verb.	1
*ne* before the verb; *nije, nemamo* one tile; negative words keep *ne*.	1
en: I don't like soup.	2
en: I never eat soup.	1
en: But I don't like fish either.	1
en: Fish isn't tasty.	1
en: I eat neither tomatoes nor onions.	1
en: Mom isn't happy.	1
en: Unfortunately, we don't have fish today.	1
en: We don't have soup either.	1
en: Just water, please.	1
en: Marko eats nothing.	2
en: He never drinks milk.	1
en: Marko doesn't even want the cake.	1
en: Marko does eat something after all.	1
en: Nobody eats the same dish.	1
en: Petra eats neither meat nor fish.	1
en: Ivan never eats fish.	1
A timed picture-to-word tap over food and the things on the table. Everything is in its naming form; say *Ne jedem…* or *Nemam…* in your head as you tap, remembering that a feminine word takes **-u**: *Nemam žlicu.*	1
Naming forms. Think *Ne jedem...*; *Nemam žlicu*.	1
The kitchen is closing. A picture appears — tap the balloon with its word before it floats away.	1
onion	9
Reading: Around Town	1
Text 1: My neighborhood	1
A read-along walk through one neighbourhood, with the English beside each line. Nearly every sentence says where something is, so read it twice: once for the places, once for the endings — **-u** after a consonant (*u parku, na trgu*), **-i** for a feminine place (*u pošti, na rijeci*).	1
Where everything is: **-u** (*u parku, na trgu*), **-i** (*u pošti, na rijeci*).	1
A small neighbourhood with everything in it. Tap **EN** next to any sentence to see its translation.	1
Passive words: *tu* (here), *sjede* (they sit, from *sjediti*), *najljepše* (the nicest place).	1
Moj kvart je mali, ali je sve tu. | My neighbourhood is small, but everything is here.	1
U centru je trg, a na trgu je kafić. | In the centre there is a square, and on the square there is a café.	1
U kafiću uvijek sjede ljudi. | People always sit in the café.	1
Pošta je u zgradi na trgu. | The post office is in the building on the square.	1
U pošti radi moja teta. | My aunt works at the post office.	1
Škola je u parku, a u školi radi moj brat. On je učitelj. | The school is in the park, and my brother works at the school. He is a teacher.	1
Kruh kupujem u pekari, a voće na tržnici. | I buy bread at the bakery, and fruit at the market.	1
U ljekarni radi moja sestra. | My sister works at the pharmacy.	1
Najljepše je na rijeci: na rijeci je uvijek mir. | The nicest place is by the river: by the river there is always peace.	1
Navečer idemo na rijeku, a poslije u kafić na trgu. | In the evening we go to the river, and afterwards to the café on the square.	1
Comprehension questions in Croatian on the neighbourhood text. Most answers are a place in the locative, so look for the line with *u* or *na* and the right person or thing in it. *Gdje…?* asks for a place, *Tko…?* for a person.	1
*Gdje?* → a place with **-u / -i**; *Tko?* → a person.	1
Copy the place back into its sentence in the locative. The naming form in the bracket tells you the ending: a consonant takes **-u** (*kafiću, trgu*), **-a** becomes **-i** (*pošti, pekari*). In *rijeka* the **k** becomes **c** before **-i**, as in Grammar 13.	1
Consonant **+u**, **-a → -i**; *rijeka → rijeci*.	1
The text is right above you — fill in the locative.	1
Text 2: Where are you?	1
A Friday-evening phone call between Petra and Ivan, built on *Gdje si?* and *Gdje je…?* Every answer is a place in the locative, and it can stand alone without a verb: *U autobusu sam* and just *U autobusu* mean the same thing on the phone.	1
*Gdje si?* → *U autobusu sam.* The place can stand alone.	1
Petra calls Ivan to find out where everybody is. Tap **EN** to see any line in English.	1
Passive words: *Ovdje Petra* (Petra here, on the phone), *ili* (or), *u osam* (at eight), *Može!* (Sure!).	1
— Halo, Ivan? Ovdje Petra. Gdje si? | — Hello, Ivan? Petra here. Where are you?	1
— Bok, Petra! U autobusu sam. A ti? | — Hi, Petra! I'm on the bus. And you?	1
— Ja sam još u uredu. Radim. | — I'm still at the office. I'm working.	1
— U uredu?! Petak je navečer! | — At the office?! It's Friday evening!	1
— Znam, znam... Gdje je Ana? | — I know, I know... Where is Ana?	1
— Ana je u teretani. Trenira. | — Ana is at the gym. She's working out.	1
— A Marko? | — And Marko?	1
— Marko je u kinu. Ili u kafiću. Ili u kinu, a poslije u kafiću! | — Marko is at the cinema. Or at the café. Or at the cinema, and afterwards at the café!	1
— Dobro. Vidimo se u restoranu u osam! | — Fine. See you at the restaurant at eight!	1
— Može! | — Sure!	1
Who is where?	1
Each person from the phone call beside the place where they are. The places are already in the locative: masculine and neuter **-u** (*u uredu, u kinu*), feminine **-i** (*u teretani*). Marko is in two places, one after the other, so read his line to the end.	1
*u uredu, u kinu* (**-u**), *u teretani* (**-i**). Marko: first, then afterwards.	1
Who is where on Friday evening? Match each person with the place.	1
u uredu	1
u autobusu	1
u teretani	1
u kafiću	1
u restoranu	1
Rebuild the phone call line by line. Each line answers the one before it: *Gdje si?* is answered by the bus, *U uredu?!* reacts to the office, and every *Gdje je…?* is followed by a place. The plan for the restaurant comes last.	1
Each answer follows its question; the plan comes last.	1
The phone call got shuffled. Put the lines back into the right order.	1
Text 3: A day in the city	1
One Saturday, told place by place. Two kinds of sentences take turns: *Poslije idem na tržnicu* is movement and keeps the Lesson 5 form, *Na tržnici kupujem voće* is being there and takes the locative. The preposition stays the same in both.	1
*idem na tržnicu* (going) → *na tržnici kupujem* (being there).	1
A whole Saturday in town, from bread to the theatre. Tap **EN** to see any line in English.	1
Passive words: *naravno* (of course), *na kraju* (in the end).	1
Ujutro sam u pekari — kupujem kruh. | In the morning I'm at the bakery — I'm buying bread.	1
Poslije idem na tržnicu. Na tržnici kupujem voće. | Afterwards I go to the market. At the market I buy fruit.	1
U podne idem u park. | At noon I go to the park.	1
U parku čitam i gledam ljude. | In the park I read and watch people.	1
Poslijepodne sam u muzeju. | In the afternoon I'm at the museum.	1
U muzeju je tiho i hladno. | In the museum it is quiet and cold.	1
Navečer sam u kazalištu. | In the evening I'm at the theatre.	1
A na kraju? Naravno — u kafiću! | And in the end? Of course — at the café!	1
U gradu nikad nije dosadno. | In the city it is never boring.	1
Put the day in order	1
Sequence the Saturday from morning to night. The time words give the order: *ujutro*, *poslije*, *u podne*, *poslijepodne*, *navečer*, *na kraju*. Each sentence keeps its own form — *idem na tržnicu* for going, *sam u muzeju* for being there.	1
*ujutro → poslije → u podne → poslijepodne → navečer → na kraju*.	1
Check each statement against the Saturday text. The traps swap two places or two things: bread belongs to the bakery and fruit to the market, and the evening is at the theatre, not the cinema. *Glasno* is the opposite of *tiho*.	1
Watch the swapped places: bread at the bakery, fruit at the market.	1
Text 4: The family chat	1
A real family group chat on a Saturday evening, with the time of every message. Mum asks one question and six answers come back, each with a place: *u teretani, u knjižnici, na tržnici, u garaži, na krovu*. One message is movement: *Idem u garažu.*	1
A group chat: every answer is a place. *Idem u garažu* is movement.	1
Mum writes to the family group. Read the messages in order. Tap **EN** to see any line in English.	1
Passive words: *svi* (everybody), *po kruh* (to get bread), *opet* (again), *kao uvijek* (as always), *tko kasni* (whoever is late), *pere suđe* (does the dishes).	1
**Mama** (18:02): Gdje ste svi? Večera je u osam! | **Mum** (18:02): Where is everybody? Dinner is at eight!	1
**Ana** (18:04): U teretani sam. Poslije idem u pekaru po kruh. | **Ana** (18:04): I'm at the gym. Afterwards I'm going to the bakery to get bread.	1
**Marko** (18:05): Ja sam u knjižnici. Učim. | **Marko** (18:05): I'm at the library. I'm studying.	1
**Tata** (18:07): U knjižnici? U subotu? | **Dad** (18:07): At the library? On a Saturday?	1
**Marko** (18:08): Dobro, ne učim. Spavam na stolu. | **Marko** (18:08): Fine, I'm not studying. I'm sleeping on the table.	1
**Baka** (18:15): Djed i ja smo na tržnici. Kupujemo voće za kolač. | **Grandma** (18:15): Grandpa and I are at the market. We're buying fruit for a cake.	1
**Tata** (18:16): Idem u garažu. Auto opet ne radi. | **Dad** (18:16): I'm going to the garage. The car isn't working again.	1
**Mama** (18:20): A gdje je mačka? Nije u kuhinji, nije u kupaonici... | **Mum** (18:20): And where is the cat? She's not in the kitchen, not in the bathroom...	1
**Ana** (18:21): Mačka je na krovu, kao uvijek! | **Ana** (18:21): The cat is on the roof, as always!	1
**Mama** (18:22): Dobro. U osam smo svi u kuhinji. Tko kasni, pere suđe! | **Mum** (18:22): Fine. At eight we're all in the kitchen. Whoever is late does the dishes!	1
Who wrote what?	1
Comprehension on the group chat. Read who sent each message: Marko's first message and his second one say different things, and the second is the true one. Dad's message is movement — he is going to the garage — and the reason follows in the same message.	1
Marko's second message is the true one. Dad is going to the garage.	1
Answer from the messages.	1
Text 5: Where is everybody?	1
A puzzle rather than a story. Four people, four places in the flat, and nobody says outright who is where. One clue is positive and the rest are negatives, so work by elimination: what a place is **not** narrows down who is left for it.	1
One positive clue, the rest negative: work by elimination.	1
A Sunday at home, and a flat with four places. Read it twice before you answer.	1
Passive words: *jedna osoba* (one person), *tamo gdje je Ana* (wherever Ana is).	1
Nedjelja je. Mama, tata, Ana i Marko su doma. | It is Sunday. Mum, Dad, Ana and Marko are at home.	1
Jedna osoba je u kuhinji, jedna u kupaonici, jedna u podrumu i jedna na balkonu. | One person is in the kitchen, one in the bathroom, one in the basement and one on the balcony.	1
Podrum je dolje, a balkon je gore. | The basement is downstairs, and the balcony is upstairs.	1
Marko otvara hladnjak. Hladnjak je u kuhinji. | Marko is opening the fridge. The fridge is in the kitchen.	1
Tata nije u kupaonici i nije na balkonu. | Dad is not in the bathroom and not on the balcony.	1
Mama nije na balkonu. | Mum is not on the balcony.	1
Ana ne voli podrum. | Ana doesn't like the basement.	1
Mačka je uvijek tamo gdje je Ana. | The cat is always wherever Ana is.	1
Tko je gdje? | Who is where?	1
Deduction from the clues. The fridge puts Marko in the kitchen. Dad is neither in the bathroom nor on the balcony, so he is in the basement; Mum is not on the balcony, so she has the bathroom, and Ana — with the cat — is on the balcony.	1
Fridge → Marko; then eliminate for Dad, Mum and Ana.	1
Nobody says who is where. Work it out from the text.	1
One tap per sentence, and every sentence comes from the five texts. A consonant, **-o** or **-e** takes **-u** (*u kafiću, u kinu, u kazalištu*); a feminine **-a** becomes **-i** (*u pošti, na tržnici*). In *rijeka* the **c** is already written — the ending is still **-i**.	1
Consonant, **-o**, **-e** → **-u**; **-a** → **-i**. *na rijeci*.	1
"Every sentence came out of the five texts. One tap puts the place in the ""being there"" form."	1
People always sit in the café.	1
My aunt works at the post office.	1
The school is in the park.	1
There is always peace by the river.	1
I'm still at the office.	1
See you at the restaurant at eight!	1
At the market I buy fruit.	1
It is quiet and cold in the museum.	1
In the evening I'm at the theatre.	1
Marko is at the library.	1
The cat is on the roof.	2
Mum is in the bathroom.	1
Dad is in the basement.	3
Grandpa and Grandma are at the market.	1
Going or being there?	1
Sorting sentences from the texts by what they describe. A verb of motion (*idem, idemo*) keeps the Lesson 5 form: *na tržnicu, u garažu*. Being, working or sitting somewhere takes the locative: *na tržnici, u uredu*. Read the verb first, then check the ending.	1
*idem na tržnicu* = going; *radi u pošti, sam u uredu* = being there.	1
KAMO? (→)	7
GDJE? (📍)	9
Every sentence comes from the texts. Is somebody going there, or already there?	1
Now YOU are in town	1
Petra calls you on a Saturday, and every question is about a place. Answer with the locative — *u kafiću, na trgu, u teretani* — and read her reply before you choose again: she reacts to where you say you are. No reply needs a gendered form.	1
Answer with the locative: *u kafiću, na trgu*. Petra reacts to your answer.	1
Petra is in town too. Choose your replies — any answer keeps the call going. Passive words: *Ovdje Petra* (Petra here), *stvarno* (really), *daleko* (far), *prvo* (first), *u redu* (all right), *Evo me* (here I come), *za pet minuta* (in five minutes).	1
English in, Croatian out, built from tiles taken from the five texts. The place after *u* or *na* is in the locative unless the verb is *idem*; *je, sam* and *su* stay in second place, and a comma comes before *a*.	1
Locative after *u/na* (not after *idem*); *je, sam* second; comma before *a*.	1
en: In the morning I'm at the bakery.	1
en: Ana is at the gym.	1
en: In the city it is never boring.	1
en: In the centre there is a square, and on the square there is a café.	1
en: My aunt works at the post office.	1
en: By the river there is always peace.	1
en: I'm still at the office.	1
en: See you at the restaurant at eight!	1
en: Afterwards I go to the market.	1
en: In the museum it is quiet and cold.	1
en: Marko is at the library.	1
en: The cat is on the roof.	1
en: Mum is not on the balcony.	1
en: Marko is opening the fridge.	1
en: Dad is in the basement, and Ana is on the balcony.	1
A timed picture-to-word tap over the places from the five texts. Everything is in its naming form; say *Ja sam u…* in your head as you tap and add the ending — **-u** for *muzej* or *krov*, **-i** for *pošta* or *pekara*.	1
Naming forms. Think *Ja sam u...* + **-u / -i**.	1
Saturday is over. A picture appears — tap the balloon with its word before it floats away.	1
garage	5
Reading: December Gifts	1
Text 1: Presents	1
A read-along list of who gets what, and almost every line opens with a receiver. Read it twice: once for the story, once to spot the pattern — **-i** after a word in **-a** (*mami, baki*), **-u** after a consonant (*bratu, djedu*), and *svima* in the plural.	1
Nearly every line opens with a receiver: *mami, baki* (**-i**), *bratu, djedu* (**-u**), *svima*.	1
Ana, a shopping list and a whole family. Tap **EN** next to any sentence to see its translation.	1
Passive words: *svi* (everyone), *svima* (to everyone), *pas ima sve* (the dog has everything).	1
Prosinac je i Ana kupuje poklone. | It's December and Ana is buying presents.	1
Mami kupuje parfem, a tati knjigu. | She's buying Mum perfume and Dad a book.	1
Bratu Marku kupuje loptu. | She's buying her brother Marko a ball.	1
Baki šalje čokoladu, a djedu piše pismo. | She's sending Grandma chocolate, and she's writing Grandpa a letter.	1
Prijateljici Maji daje kartu za koncert. | She's giving her friend Maja a concert ticket.	1
Susjedi nosi kolače, jer joj susjeda uvijek pomaže. | She's bringing her neighbour cakes, because the neighbour always helps her.	1
A psu? Psu ništa — pas ima sve! | And the dog? Nothing for the dog — the dog has everything!	1
A tko kupuje poklon Ani? Svi! | And who is buying Ana a present? Everyone!	1
Jer je Ana dobra svima. | Because Ana is good to everyone.	1
Each receiver from Text 1 beside the present Ana has for them. The receiver is in the dative, with **-i** or **-u**, and the present is given in its naming form. One receiver gets nothing at all.	1
Receiver in the dative, present in the naming form. One gets nothing.	1
Who gets what? Match each receiver with the present from Text 1.	1
parfem	1
knjiga	1
lopta	1
čokolada	1
pismo	1
karta za koncert	1
kolači	1
Copy each receiver back into its line. The bracket gives the naming form: a word in **-a** turns it into **-i** (*mami, susjedi, prijateljici*), a consonant takes **-u** (*bratu, djedu*), and *svi* becomes *svima*.	1
**-a → -i**, consonant **+u**, *svi → svima*.	1
Fill in the receiver from the text.	1
Text 2: Who are you writing to?	1
A conversation between two friends, and it starts with *Komu pišeš?* — to whom are you writing? The answers use both kinds of receiver: nouns in the dative (*baki, djedu, sestri*) and the short forms from Grammar 14 (*joj, ti*).	1
*Komu pišeš?* Answers with nouns (*baki, sestri*) and short forms (*joj, ti*).	1
A card, some cakes and a package for the whole family. Tap **EN** to see any line in English.	1
Passive words: *Baš lijepo od tebe!* (How nice of you!), *slatko* (sweet things), *i to* (and what's more).	1
— Komu pišeš? | — Who are you writing to?	1
— Pišem baki. Sutra je njezin rođendan. | — I'm writing to Grandma. Tomorrow is her birthday.	1
— Lijepo! Što ćeš joj kupiti? | — Nice! What will you buy her?	1
— Kupit ću joj cvijeće. | — I'll buy her flowers.	1
— A što kupuješ djedu? | — And what are you buying Grandpa?	1
— Djedu nosim kolače. On voli slatko. | — I'm bringing Grandpa cakes. He likes sweet things.	1
— Šalješ li nešto sestri? | — Are you sending your sister anything?	1
— Da, sestri šaljem paket. Ona živi u Zagrebu. | — Yes, I'm sending my sister a package. She lives in Zagreb.	1
— Baš lijepo od tebe! | — How nice of you!	1
— Znam! Ali tko što daje meni? | — I know! But who gives anything to me?	1
— Ja ti dajem savjet — i to besplatno! | — I'm giving you advice — and for free!	1
Comprehension on the dialogue above. Each person gets something different, so match the receiver to the present: *joj* in *Kupit ću joj cvijeće* is Grandma, and *ti* in *Ja ti dajem savjet* is the one who asked for a present.	1
Match the receiver to the present: *joj* = Grandma, *ti* = the one asking.	1
Rebuild the conversation line by line. Each answer follows its question: *Komu pišeš?* is answered by *Pišem baki*, *A što kupuješ djedu?* by *Djedu nosim kolače*, and *Šalješ li nešto sestri?* by the package for Zagreb.	1
Each answer follows its question: *Komu pišeš? — Pišem baki.*	1
Rebuild the first eight lines of the conversation.	1
Text 3: The postman	1
A day on the postman's round, and every stop has a receiver. Most are nouns with a name beside them — *susjedu Marku, učiteljici Ani* — and both words take the dative. The last line uses the short plural form: *jer im Ivo nosi*.	1
Noun and name both in the dative: *susjedu Marku, učiteljici Ani*. *im* = to them.	1
Ivo carries the whole town's post. Tap **EN** to see any line in English.	1
Passive words: *djeci* (to the children), *laje* (barks), *cijeli* (whole), *poznaje* (knows), *dobre vijesti* (good news).	1
Poštar Ivo radi svaki dan. | Ivo the postman works every day.	1
Nosi pisma i pakete. | He carries letters and packages.	1
Susjedu Marku daje novine. | He gives the newspaper to Marko, the neighbour.	1
Učiteljici Ani nosi pismo. | He brings a letter to Ana, the teacher.	1
Doktoru daje paket. | He gives the doctor a package.	1
"Baki Mariji uvijek kaže: ""Dobro jutro!"" | To Grandma Marija he always says: ""Good morning!"""	1
Djeci daje osmijeh, a psu... psu ne daje ništa, jer pas laje! | He gives the children a smile, and the dog... the dog gets nothing, because the dog barks!	1
Cijeli grad poznaje Ivu i svi su sretni, jer im Ivo nosi dobre vijesti. | The whole town knows Ivo and everyone is happy, because Ivo brings them good news.	1
Check each statement against Ivo's round. The receivers carry the information: *Doktoru daje paket* means the doctor gets a package, not a letter, and *psu ne daje ništa* rules out anything for the dog.	1
The receiver decides: the doctor gets a package; the dog gets nothing.	1
Type the receiver	1
Copy each receiver back into Ivo's round. A noun with a name beside it takes the dative just like the name: *susjed → susjedu*, *učiteljica → učiteljici*. The last item asks for the short plural form, *im* — to them.	1
*susjedu Marku, učiteljici Ani*; the last one is *im*.	1
Fill in the receivers from the text.	1
Text 4: A card from Grandma	1
A real Christmas card, the reply to the package the Horvats sent to Split in Lesson 14. Read it as a card: the greeting on top, one line per receiver, the signature at the bottom and the address last. *Vama* is the long form, used for contrast: now it is Grandma's turn.	1
A real card: greeting, one receiver per line, signature, address. *vama* for contrast.	1
Grandma writes back from Split. Tap **EN** to see any line in English.	1
Passive words: *Dragi / Draga* (Dear), *Sretan Božić* (Merry Christmas), *hvala vam na…* (thank you for…), *pozdrav* (greetings), *vaša* (your), *Za:* (To:).	1
Dragi Marko, draga Ana! | Dear Marko, dear Ana!	1
Sretan Božić iz Splita! | Merry Christmas from Split!	1
Hvala vam na paketu i na pismu. | Thank you for the package and the letter.	1
Djed čita Markovo pismo svaki dan. | Grandpa reads Marko's letter every day.	1
Sada ja vama šaljem paket. | Now I'm sending you a package.	1
Marku šaljem rukavice, a Ani šal. | I'm sending Marko gloves and Ana a scarf.	1
Mami i tati šaljem kolače. | I'm sending Mum and Dad cakes.	1
A psu? Psu šaljem jedan kolač — ali samo jedan! | And the dog? I'm sending the dog one cake — but only one!	1
Djed vam šalje veliki pozdrav. | Grandpa sends you his warmest greetings.	1
Vaša baka | Your Grandma	1
Za: obitelj Horvat, Zagreb | To: the Horvat family, Zagreb	1
Did you read the card?	1
Comprehension on Grandma's card. Each question asks who gets what, and the answer is on a single line of the card. Where the card does not say it outright — where Grandma lives — the greeting at the top answers it.	1
One line per receiver. The greeting tells you where Grandma lives.	1
Answer from the card.	1
Text 5: Four parcels	1
A puzzle rather than a story. Ivo has four parcels and four receivers, and nobody says which parcel is whose. Every clue says what somebody does **not** get, so work by elimination, starting with the parcel that only one person can take.	1
Four parcels, four people, no labels. Read it twice before you answer.	1
Passive words: *u paketima* (in the parcels), *alergičan na* (allergic to), *dobiva* (gets).	1
Danas poštar Ivo nosi pakete. | Today Ivo the postman is delivering parcels.	1
U paketima su knjiga, cvijeće, parfem i lopta. | In the parcels there is a book, flowers, perfume and a ball.	1
Paketi su za doktora, za baku Mariju, za susjeda Marka i za učiteljicu Anu. | The parcels are for the doctor, Grandma Marija, Marko the neighbour and Ana the teacher.	1
Doktoru Ivo ne nosi ni cvijeće ni parfem. | Ivo is bringing the doctor neither flowers nor perfume.	1
Doktor ne igra nogomet. | The doctor doesn't play football.	1
Susjed Marko je alergičan na cvijeće. | Marko the neighbour is allergic to flowers.	1
Učiteljici Ani Ivo ne nosi ni cvijeće ni loptu. | Ivo is bringing Ana the teacher neither flowers nor a ball.	1
Baka Marija ne igra nogomet. | Grandma Marija doesn't play football.	1
Tko dobiva koji paket? | Who gets which parcel?	1
Deduction from the negatives. The flowers can only go to Grandma Marija, because the doctor, Marko and the teacher are all ruled out. The doctor then takes the book, since he gets no perfume and plays no football, which leaves the perfume for the teacher and the ball for Marko.	1
Flowers first: only one person is left for them. Then the doctor, then the rest.	1
Nobody says who gets which parcel. Work it out from the text.	1
One tap per sentence, and almost every sentence comes from the five texts. A word in **-a** takes **-i**, a consonant or **-o** takes **-u**, and a plural takes **-ima**. One plural is a place, not a receiver: *u paketima* — the same ending in its locative job.	1
**-i** after **-a**, **-u** after a consonant, **-ima** in the plural — also *u paketima*.	1
Almost every sentence came out of the five texts. One tap finishes the word.	2
She's buying Mum perfume.	1
She's buying her brother Marko a ball.	1
She's sending Grandma chocolate.	1
She's writing Grandpa a letter.	1
She's giving her friend Maja a ticket.	1
Ana is good to everyone.	1
He gives Marko, the neighbour, the newspaper.	1
He brings Ana, the teacher, a letter.	1
He gives the doctor a package.	1
In the parcels there is a book and a ball.	1
I'm sending Marko gloves.	2
She's buying Dad a book.	1
I'm sending the dog one cake.	1
I'm bringing Grandpa cakes.	1
She's bringing her neighbour (f.) cakes.	1
Receiver or place?	1
Sorting sentences by the job of the **-i**, **-u** or **-ima** form. Without a preposition it names the receiver and answers *komu?*; after *u* or *na* it names the place and answers *gdje?* The ending alone does not decide it — look for *u* and *na*.	1
No preposition → *komu?* (dative). After *u / na* → *gdje?* (locative).	1
GDJE? (LOKATIV)	8
Does the form say who gets something, or where something is?	1
Now YOU send a parcel	1
Your turn at the post office, and the clerk uses the polite *vi*. Every receiver you name takes the dative — *baki, prijatelju, sestri* — and the clerk reacts to what you put in the parcel. All options are correct Croatian.	1
Polite *vi*. Name the receiver in the dative: *baki, prijatelju, sestri*.	1
A parcel, a card and a queue at the post office. Choose your replies. Passive words: *Izvolite* (can I help you / here you are), *naravno* (of course), *ih šaljemo* (we send them), *trebam* (I need), *Sretan Božić* (Merry Christmas), *i vama* (to you too).	1
English in, Croatian out, built from tiles taken from the five texts. The receiver takes **-i**, **-u** or **-ima** and often the first tile; a short form such as *joj, ti, im* takes the second place, also after *jer*.	1
Receiver **-i, -u, -ima**, often first; *joj, ti, im* in second place, also after *jer*.	1
en: She's buying Mum perfume and Dad a book.	1
en: She's sending Grandma chocolate, and she's writing Grandpa a letter.	1
en: She's giving her friend Maja a concert ticket.	1
en: Because Ana is good to everyone.	1
en: Who are you writing to?	1
en: I'll buy her flowers.	1
en: I'm bringing Grandpa cakes.	1
en: I'm sending my sister a package.	1
en: I'm giving you advice.	1
en: He gives Marko, the neighbour, the newspaper.	1
en: He gives the dog nothing!	1
en: Everyone is happy, because Ivo brings them good news.	2
en: Now I'm sending you a package.	1
en: I'm sending Marko gloves and Ana a scarf.	1
en: Ivo is bringing the doctor neither flowers nor perfume.	1
en: Who are you sending the parcel to?	1
A timed picture-to-word tap over the presents and the post. Everything is in its naming form; say *Šaljem baki…* in your head as you tap, remembering that the present takes the target form: *Šaljem baki knjigu.*	1
Naming forms. Think *Šaljem baki...*; the present takes the target form.	1
The post office is closing. A picture appears — tap the balloon with its word before it floats away.	1
umbrella	7
candy	5
Reading: Friday Night & Train Rides	1
Text 1: Going out	1
A read-along Friday night, and nearly every line has an instrumental. Read it twice: once for the story, once to spot the two jobs — *s Markom, s mlijekom* with *s* for company, *tramvajem* alone for the way you travel — and the plural *s prijateljima* from Grammar 15.	1
Company with *s*: *s Markom, s mlijekom*. The way alone: *tramvajem*. Plural: *s prijateljima*.	1
A cinema, a café and a walk home at midnight. Tap **EN** next to any sentence to see its translation.	1
Passive words: *prvo* (first), *cijeli put* (the whole way).	1
Petak je navečer i izlazim s prijateljima. | It's Friday evening and I'm going out with friends.	1
Prvo idem s Markom u kino. | First I'm going to the cinema with Marko.	1
Idemo tramvajem, jer je kino u centru. | We go by tram, because the cinema is in the centre.	1
Poslije idemo u kafić s Anom i Majom. | Afterwards we go to the café with Ana and Maja.	1
Razgovaramo o filmu. | We talk about the film.	1
Ana pije kavu s mlijekom, a ja pijem čaj s limunom. | Ana drinks coffee with milk, and I drink tea with lemon.	1
Marko jede palačinke s čokoladom, a Maja ne jede ništa. | Marko eats pancakes with chocolate, and Maja eats nothing.	1
U ponoć idemo doma pješice. | At midnight we go home on foot.	1
Hodam s Markom i pričamo cijeli put. | I walk with Marko and we chat the whole way.	1
S prijateljima je sve bolje! | With friends everything is better!	1
Comprehension on the Friday night. The questions use the two question words of this level: *s kim?* is answered by a person after *s*, and *kako?* by a vehicle alone or by *pješice*. Everything else is stated outright in one line of the text.	1
*S kim?* → a person after *s*. *Kako?* → a vehicle alone, or *pješice*.	1
Copy each instrumental back into its line. The bracket gives the naming form: a consonant or **-o** adds **-om** (*Markom, mlijekom*), **-a** turns into **-om** (*Anom*), a soft **-j** takes **-em** (*tramvajem*), and a group of friends takes the plural **-ima**.	1
**-om** (*Markom, Anom*), **-em** after **-j** (*tramvajem*), plural **-ima**.	1
Fill in the instrumental from the text.	1
Anom	5
Majom	1
Friday night, in order	1
Sequence the evening from Text 1. The night has three stops — the cinema, the café, the way home — and the tram comes right after the cinema plan, because it is how they get there. The chat on the walk home is the last thing that happens.	1
Cinema, café, the way home. The tram belongs to the cinema.	1
Seven moments from Text 1, shuffled. Put them in the order they happen.	1
Text 2: Who are you going with?	1
A phone call about a concert in another town. Two questions drive it: *S kim ideš?* for the company and *Kako idete?* for the way there. Watch *s nama* — with us, from Grammar 15 — because that one offer changes the plan.	1
*S kim ideš?* — company. *Kako idete?* — the way. *s nama* = with us.	1
Ivan calls Petra about Saturday's concert in Rijeka. Tap **EN** to see any line in English.	1
Passive words: *Ovdje Ivan* (It's Ivan, on the phone), *ne radi* (doesn't work), *u sedam* (at seven), *Vidimo se!* (See you!).	1
— Bok, Petra! Ovdje Ivan. Ideš li u subotu na koncert u Rijeku? | — Hi, Petra! It's Ivan. Are you going to the concert in Rijeka on Saturday?	1
— Idem! A ti? | — I am! And you?	1
— I ja! S kim ideš? | — Me too! Who are you going with?	1
— Sa sestrom i s Markom. A ti? | — With my sister and with Marko. And you?	1
— Ja idem s bratom i s prijateljem. | — I'm going with my brother and a friend.	1
— Kako idete? Autom? | — How are you getting there? By car?	1
— Ne, naš auto ne radi. Idemo autobusom. A vi? | — No, our car doesn't work. We're going by bus. And you?	1
— Mi idemo vlakom. Idete li s nama? | — We're going by train. Are you coming with us?	1
— Vlakom? Može! Autobus uvijek kasni. | — By train? Sure! The bus is always late.	1
— Super! Polazak je u sedam, na kolodvoru. | — Great! Departure is at seven, at the station.	1
— Dobro. Vidimo se na kolodvoru! | — Good. See you at the station!	1
Check each statement against the phone call. Keep the two groups apart: Petra goes *sa sestrom i s Markom*, Ivan *s bratom i s prijateljem*. The plan changes halfway through — *Idete li s nama?* — so the bus is not how the call ends.	1
Petra: *sa sestrom i s Markom*. Ivan: *s bratom i s prijateljem*. The plan changes.	1
Rebuild the call line by line. Each answer follows its question: *S kim ideš?* is answered by *Sa sestrom i s Markom*, and *Kako idete? Autom?* by the car that does not work. The offer *Idete li s nama?* comes only after both ways of travelling are named.	1
Each answer follows its question; the offer *s nama* comes last.	1
Rebuild the first eight lines of the call.	1
Text 3: A train journey	1
Ana's Saturday trip to Split, told in the present. The train is the only vehicle without *s* until the car at the end; every other instrumental is company — people, a book, a coffee, a cat. *S njom* is the short form from Grammar 15: with her.	1
Vehicles alone: *vlakom, autom*. Everything else takes *s*. *s njom* = with her.	1
A slow train, a quiet carriage and a family waiting in Split. Tap **EN** to see any line in English.	1
Passive words: *o vremenu* (about the weather), *deset minuta* (ten minutes).	1
U subotu Ana putuje vlakom u Split. | On Saturday Ana travels to Split by train.	1
Vlak je spor, ali putovanje je mirno. | The train is slow, but the journey is peaceful.	1
Ana sjedi s knjigom i s kavom. | Ana sits with a book and a coffee.	1
U vlaku je i gospođa s mužem i s mačkom. | On the train there is also a lady with her husband and a cat.	1
Ana razgovara s njom o vremenu. | Ana talks with her about the weather.	1
Mladić s gitarom tiho svira. | A young man with a guitar plays quietly.	1
Dijete s balonom pjeva s mamom. | A child with a balloon sings with its mum.	1
Vlak kasni deset minuta, ali nitko ne žuri. | The train is ten minutes late, but nobody is in a hurry.	1
Na kolodvoru Anu čeka baka s djedom. | At the station Grandma and Grandpa are waiting for Ana.	1
Doma idu autom. Djed vozi, a Ana razgovara s bakom. | They go home by car. Grandpa drives, and Ana talks with Grandma.	1
Who travels with what?	1
Each person from Text 3 beside what they have with them. Every right-hand side is company, so every one has *s* — *s mačkom, s gitarom, s balonom*. Ana appears twice: once on the train and once in the car.	1
Company only: *s mačkom, s gitarom*. Ana appears twice.	1
Who travels with what? Match from the text.	1
s knjigom i s kavom	1
s mužem i s mačkom	1
s gitarom	1
s balonom	1
s bakom i s djedom	1
Sorting sentences from the texts by the job of the instrumental. With *s* or *sa* in front it is company — a person, a book, the milk in a coffee. Alone it is the way you travel: *vlakom, tramvajem*. *Pješice* is no case form, but it answers the same question, *kako?*	1
*s / sa* → company. Alone → the way you travel. *pješice* goes with the way.	1
Company or means? Sort the sentences from the texts.	1
Text 4: The café menu	1
A real menu from the café in Text 1. Menus are full of the instrumental with *s*, because food that comes with something counts as company: *kava s mlijekom, sendvič sa sirom*, and in the plural *pizza s gljivama*. The last line uses the other job: you pay *karticom*.	1
A real menu: *kava s mlijekom, sendvič sa sirom, pizza s gljivama*. Paying: *karticom*.	1
The menu from Café Riva, prices included. Tap **EN** to see any line in English.	1
Passive words: *pića* (drinks), *jela* (food, dishes), *do ponoći* (until midnight), *plaćanje* (payment), *gotovinom* (in cash), *glazba uživo* (live music).	1
KAFIĆ RIVA — otvoreno do ponoći | CAFÉ RIVA — open until midnight	1
PIĆA | DRINKS	1
Kava — 2 € | Coffee — €2	1
Kava s mlijekom — 2,50 € | Coffee with milk — €2.50	1
Čaj s limunom — 2 € | Tea with lemon — €2	1
Čaj s medom — 2,50 € | Tea with honey — €2.50	1
Sok — 3 € | Juice — €3	1
JELA | FOOD	1
Palačinke s džemom — 4 € | Pancakes with jam — €4	1
Palačinke s čokoladom — 5 € | Pancakes with chocolate — €5	1
Sendvič sa sirom — 4 € | Cheese sandwich — €4	1
Sendvič sa šunkom — 5 € | Ham sandwich — €5	1
Pizza s gljivama — 8 € | Pizza with mushrooms — €8	1
Sladoled s jagodama — 4 € | Ice cream with strawberries — €4	1
Plaćanje: karticom ili gotovinom. | Payment: by card or in cash.	1
U petak navečer: glazba uživo! | On Friday evening: live music!	1
What will you order?	1
Reading the menu for what you need. The answer to each question is on one line, but some need a second step: a vegetarian leaves out *šunka*, and the price in the question tells you which of the two teas is meant.	1
One line per answer. A vegetarian skips *šunka*; the price picks the tea.	1
Answer from the menu.	1
2,50 €	1
2 €	1
3 €	1
Text 5: Four friends, four rides	1
A puzzle rather than a story. Four friends go to one party, each a different way, and nobody says who takes what. Every clue rules something out, so work by elimination, starting with the tram: three of the four cannot take it.	1
Every clue rules something out. Start with the tram.	1
Four friends, four ways to travel, no labels. Read it twice before you answer.	1
Passive words: *isto* (the same way), *na zabavu* (to the party).	1
Subota je navečer i Ana, Marko, Petra i Ivan idu na zabavu. | It's Saturday evening and Ana, Marko, Petra and Ivan are going to a party.	1
Idu biciklom, tramvajem, taksijem i pješice. | They go by bike, by tram, by taxi and on foot.	1
Nitko ne ide isto. | Nobody goes the same way.	1
Marko i Ivan ne idu tramvajem. | Marko and Ivan don't go by tram.	1
Ana ne ide ni taksijem ni tramvajem. | Ana goes neither by taxi nor by tram.	1
Ivan nema bicikl. | Ivan doesn't have a bike.	1
Ivan nikad ne ide taksijem, jer je taksi skup. | Ivan never goes by taxi, because a taxi is expensive.	1
Marko uvijek kasni. | Marko is always late.	1
Tko ide kako? | Who goes how?	1
Deduction from the clues. Only Petra is left for the tram, because Marko, Ivan and Ana are all ruled out. Ivan has no bike and takes no taxi, so he walks; Ana cannot take the taxi, so she rides the bike, and the taxi goes to Marko.	1
The tram first: only Petra is left for it. Then Ivan, then the rest.	1
Nobody says who goes how. Work it out from the text.	1
One tap per sentence, and almost every sentence comes from the five texts. In the singular most words take **-om** and a soft ending takes **-em** (*tramvajem, s mužem*); in the plural the ending is **-ima**, or **-ama** for words in **-a** (*s gljivama*). The English shows one or many.	1
First I'm going to the cinema with Marko.	1
We go by tram.	1
Ana drinks coffee with milk.	1
Petra is going with her sister and with Marko.	1
I'm going with my brother and a friend.	1
Ice cream with strawberries, please.	1
Ana sits with a book and a coffee.	1
On the train there is a lady with her husband.	1
With friends everything is better!	1
A young man with a guitar plays quietly.	1
Marko goes by taxi.	1
Grandma and Grandpa are waiting for Ana at the station.	1
A ham sandwich, please.	1
Ana goes to the party by bike.	1
Now YOU go out	1
Your turn: Petra calls with a plan for the evening. You say who is coming (*s tobom, s nama*), how you get there and what you order, and Petra reacts to what you pick. Every option is correct Croatian, and nothing in your lines depends on your gender.	1
*sa mnom, s tobom, s nama*; the way you go; what you order. Petra reacts.	1
Saturday evening, a phone call and a plan. Choose your replies. Passive words: *Ovdje Petra* (It's Petra, on the phone), *Vidimo se* (See you), *najbolje* (the best), *večeras* (tonight), *u osam* (at eight), *u sedam i pol* (at half past seven).	1
English in, Croatian out, built from tiles taken from the five texts. *S* or *sa* stands directly in front of the person or thing that comes along, a vehicle has no tile in front of it, and *je* takes the second place, also after *jer*.	1
*s / sa* before the company; nothing before a vehicle; *je* second, also after *jer*.	1
en: It's Friday evening and I'm going out with friends.	1
en: First I'm going to the cinema with Marko.	1
en: We go by tram, because the cinema is in the centre.	1
en: Ana drinks coffee with milk, and I drink tea with lemon.	1
en: At midnight we go home on foot.	1
en: With friends everything is better!	1
en: Who are you going with?	1
en: With my sister and with Marko.	1
en: We're going by train. Are you coming with us?	1
en: On Saturday Ana travels to Split by train.	1
en: Ana sits with a book and a coffee.	1
en: Ana talks with her about the weather.	1
en: A young man with a guitar plays quietly.	1
en: At the station Grandma and Grandpa are waiting for Ana.	1
en: A cheese sandwich and tea with honey, please.	1
en: Ana goes neither by taxi nor by tram.	1
A timed picture-to-word tap over the ways to travel and the things you take along. Everything is in its naming form; say it with *Idem…* or *s…* in your head as you tap: *Idem vlakom. Kava s mlijekom.* A vehicle takes no *s*.	1
Naming forms. Think *Idem vlakom*, *kava s mlijekom*. No *s* before a vehicle.	1
The last train is leaving. A picture appears — tap the balloon with its word before it floats away.	1
ferry	9
metro	3
balloon	5
Reading: Grandma's House & the Road to the Sea	1
Text 1: My grandma's house	1
A read-along description, and nearly every line has a genitive. Read it twice: once for the house, once to spot the three jobs — the owner after the thing (*vrata kuće, miris kolača*), the little words (*pokraj kuće, od rajčice do jabuke*) and *nema*.	1
The three jobs: *vrata kuće*; *pokraj kuće, od… do…*; *nema interneta*.	1
An old house, a garden where everything grows, and no internet. Tap **EN** next to any sentence to see its translation.	1
Passive words: *sto godina* (a hundred years), *drvena* (wooden), *sve* (everything), *boljeg* (better, after *nema*).	1
Kuća moje bake je stara sto godina. | My grandma's house is a hundred years old.	1
Vrata kuće su drvena i teška. | The door of the house is wooden and heavy.	1
Pokraj kuće je vrt. | Next to the house there is a garden.	1
U vrtu moje bake raste sve: od rajčice do jabuke. | In my grandma's garden everything grows: from tomatoes to apples.	1
Ispred kuće raste cvijeće, a iza kuće je stara ograda. | In front of the house there are flowers, and behind the house there's an old fence.	1
Miris kolača je uvijek u kuhinji. | The smell of cake is always in the kitchen.	1
Na zidu kuhinje visi slika djeda i bake. | On the kitchen wall hangs a picture of Grandpa and Grandma.	1
Kod bake nema interneta i nema žurbe. | At Grandma's there's no internet and no hurry.	1
Nema boljeg mjesta na svijetu! | There's no better place in the world!	1
Comprehension on the house. Each question uses a genitive or asks for one: *Što je pokraj kuće?* looks for a place word, and *Čega nema kod bake?* is answered by two genitives. The answer is stated outright in one line.	1
*Što je pokraj kuće?* → a place. *Čega nema?* → genitives.	1
Copy each genitive back into its line. The bracket gives the naming form: a masculine or neuter word adds **-a** (*kolača, interneta*), and a feminine word in **-a** turns it into **-e** (*kuće, bake, rajčice*).	1
Masculine and neuter **+a** (*kolača*); feminine **-a → -e** (*kuće, bake*).	1
Fill in the genitive from the text.	1
Text 2: No sugar	1
A café order in which almost every line has a genitive: *bez šećera, bez mlijeka, čaj od mente, komad torte*. Watch the waiter's *nema mente* — there is no mint today — because it changes Marko's order.	1
*bez šećera, čaj od mente, komad torte*. *Nema mente* changes the order.	1
Ana and Marko order at a café. Tap **EN** to see any line in English.	1
Passive words: *dakle* (so, then), *crna kava* (black coffee), *šipak* (rosehip), *Zato smo i tu!* (That's why we're here!).	1
Ana i Marko sjede u kafiću. Dolazi konobar. | Ana and Marko are sitting in a café. The waiter comes.	1
— Dobar dan! Izvolite? | — Good afternoon! What can I get you?	1
— Jednu kavu za mene i jedan čaj za Marka, molim. | — One coffee for me and one tea for Marko, please.	1
— Kava sa šećerom ili bez šećera? | — The coffee with sugar or without sugar?	1
— Bez šećera. I bez mlijeka, molim. | — Without sugar. And without milk, please.	1
— Crna kava, dakle. A čaj? | — Black coffee, then. And the tea?	1
— Čaj od mente, molim. | — Mint tea, please.	1
— Nažalost, danas nema mente. Imamo čaj od kamilice i od šipka. | — Unfortunately, there's no mint today. We have chamomile and rosehip tea.	1
— Onda od kamilice. I komad torte od čokolade! | — Then chamomile. And a piece of chocolate cake!	1
— Naravno. Torta od čokolade je specijalitet kuće! | — Of course. Chocolate cake is the house speciality!	1
— Zato smo i tu! | — That's why we're here!	1
Check each statement against the café order. Keep Ana and Marko apart: Ana orders the coffee *bez šećera i bez mlijeka*, Marko the tea. *Nema mente* means Marko's first wish cannot be met, so he drinks something else.	1
Ana: coffee *bez šećera*. Marko: tea — but *nema mente*.	1
Rebuild the order line by line. The waiter asks and the guests answer: the question about sugar comes before *Bez šećera*, and *nema mente* has to come before Marko chooses chamomile. The cake is ordered last.	1
Question, then answer. *nema mente* before *Onda od kamilice*.	1
Rebuild the café order.	1
Text 3: From Zagreb to the sea	1
A car journey told as a string of little words: *iz, do, ispred, pokraj, preko, kod, blizu*. Each is followed by the genitive, so the text is also a list of genitives. *Kroz* (through) is the one exception here: it takes the target form, *kroz tunel*.	1
*iz, do, ispred, pokraj, preko, kod, blizu* + genitive. *kroz tunel* is different.	1
A family, a car and the road to the sea. Tap **EN** to see any line in English.	1
Passive words: *u sedam* (at seven), *kroz tunel* (through a tunnel), *na pola puta* (halfway), *vožnje* (of driving), *valova* (of the waves).	1
Putujemo iz Zagreba do mora. | We are travelling from Zagreb to the sea.	1
Krećemo ispred naše kuće u sedam. | We set off in front of our house at seven.	1
Vozimo pokraj rijeke, kroz tunel i preko mosta. | We drive along the river, through a tunnel and over a bridge.	1
Na pola puta pijemo kavu kod tete Vesne. | Halfway there we have coffee at Aunt Vesna's.	1
Teta živi blizu autoceste. | Our aunt lives near the motorway.	1
Poslije dva sata vožnje vidimo more! | After two hours of driving we see the sea!	1
Miris mora, zvuk valova, boja neba — to je početak ljeta. | The smell of the sea, the sound of the waves, the colour of the sky — that is the beginning of summer.	1
Put the journey in order	1
Sequence the journey from Text 3. The car leaves home first and the sea comes last; in between, the road follows the river before the tunnel and the bridge, and the coffee at Aunt Vesna's comes halfway.	1
Home first, sea last. River, tunnel, bridge, then the aunt.	1
Put the journey in order.	1
Copy each genitive back into the journey. The little word is given: *iz, do, ispred, pokraj, preko, kod, blizu* all take the genitive. *More* and *Zagreb* take **-a**; *teta, rijeka, autocesta* take **-e**.	1
*iz Zagreba, do mora*; *kod tete, pokraj rijeke, blizu autoceste*.	1
Fill in the genitive.	1
Vozimo preko ___ . (most)	1
Text 4: A house by the sea	1
A real holiday-rental advert, with the genitive in almost every line: distances (*blizu mora*), dates (*od subote do subote*) and what is missing (*nema interneta*). Numbers come with it too — *tri sobe, dvije kupaonice* — the genitive singular after 2, 3 and 4.	1
A real advert: *blizu mora, od subote do subote, nema interneta*, *tri sobe, dvije kupaonice*.	1
Grandma's neighbour rents out a house on the island. Tap **EN** to see any line in English.	1
Passive words: *za odmor* (for a holiday), *iznajmljujem* (I rent out), *slobodno* (available), *pušenje* (smoking), *metara* (metres), *parking* (parking), *velika* (big).	1
KUĆA ZA ODMOR — OTOK BRAČ | HOLIDAY HOUSE — ISLAND OF BRAČ	1
Iznajmljujem kuću blizu mora, 50 metara od plaže. | I rent out a house near the sea, 50 metres from the beach.	1
Tri sobe, dvije kupaonice i velika kuhinja. | Three bedrooms, two bathrooms and a big kitchen.	1
Pokraj kuće je vrt, a ispred kuće parking za dva auta. | Next to the house there's a garden, and in front of it parking for two cars.	1
Nema interneta, ali je tiho. | There's no internet, but it's quiet.	1
Slobodno: od subote do subote. | Available: Saturday to Saturday.	1
Cijena: 90 eura za noć. | Price: 90 euros a night.	1
Pušenje: samo izvan kuće. | Smoking: only outside the house.	1
Kontakt: Marija, 091 234 5678 | Contact: Marija, 091 234 5678	1
Did you read the ad?	1
Reading the advert for what you need. Most answers are on one line, but the numbers ask you to read carefully: *tri sobe* and *dvije kupaonice* are different rooms, and *za dva auta* is the parking, not the garden.	1
Read the numbers carefully: *tri sobe, dvije kupaonice, dva auta*.	1
Answer from the advert.	1
parking	1
Text 5: Where is everything?	1
A puzzle rather than a story. Grandma has put four things in four places, and every clue says where something is **not**. Work by elimination, starting with the table: three of the four things are ruled out there, so the fourth one must be under it.	1
Every clue is negative. Start with the table.	1
Four things, four places, and Grandma is not telling. Read it twice before you answer.	1
Passive words: *stvari* (things), *skriva* (hides), *nešto drugo* (something else).	1
Baka uvijek skriva stvari, a djed ih uvijek traži. | Grandma always hides things, and Grandpa always looks for them.	1
Danas traži četiri stvari: ključ, pismo, čokoladu i novac. | Today he's looking for four things: the key, a letter, the chocolate and the money.	1
Stvari su ispod kreveta, iza vrata, pokraj prozora i ispod stola. | The things are under the bed, behind the door, next to the window and under the table.	1
Na svakom mjestu je nešto drugo. | In each place there's something different.	1
Ispod stola nije ni ključ, ni pismo, ni čokolada. | Under the table there's neither the key, nor the letter, nor the chocolate.	1
Ključ nije ispod kreveta. | The key isn't under the bed.	1
Čokolada nije ni iza vrata ni pokraj prozora. | The chocolate is neither behind the door nor next to the window.	1
Pismo nije pokraj prozora. | The letter isn't next to the window.	1
Gdje je što? | What is where?	1
Deduction from the clues. Only the money is left for the table. The chocolate is not behind the door or by the window, so it is under the bed; the letter is not by the window, so it is behind the door, and the key is next to the window.	1
The table first: only the money is left. Then the chocolate, then the letter.	1
Nobody says where each thing is. Work it out from the text.	1
One tap per sentence, and almost every sentence comes from the five texts. Masculine and neuter words take **-a** (*šećera, mora, kreveta*), feminine words in **-a** take **-e** (*kuće, mente*), and a feminine word on a consonant takes **-i**: *za noć* is the target, but *do ponoći* the genitive.	1
m./n. **-a**, f. **-e**, f. on a consonant **-i**.	2
Almost every sentence came out of the five texts. One tap finishes the genitive.	1
The door of the house is wooden.	1
The smell of cake is in the kitchen.	1
Coffee without sugar, please.	2
There's no mint today.	1
We're travelling from Zagreb to the sea.	1
We have coffee at Aunt Vesna's.	1
Next to the house there's a garden, and parking in front of it.	1
The chocolate is under the bed.	1
The key is next to the window.	1
Available from Saturday to Saturday.	1
After lunch Grandma sleeps.	2
Chamomile tea, please.	2
Soup without salt isn't good.	1
Sorting sentences from the texts by the job of the genitive. The owner after a thing is **belonging**; a genitive after *bez, iz, kod, pokraj…* follows **a little word**; after *nema* something is **missing**; and after 2, 3 or 4 it follows **a number**.	1
Owner → belonging; after *bez, iz…*; after *nema*; after 2–4.	2
LITTLE WORD	10
NEMA	10
NUMBER	10
Now YOU visit Grandma	1
Your turn: you arrive at Grandma's house after the drive from Zagreb. She asks where you come from and what you want, and every answer uses a genitive — *iz Zagreba, bez šećera, dva komada*. Grandma reacts to what you pick, and nothing in your lines depends on your gender.	1
*iz Zagreba, bez šećera, komad torte, dva komada*. Grandma reacts.	1
The door opens and the smell of cake comes out. Choose your replies. Passive words: *Napokon!* (At last!), *dušo* (dear), *Uđi!* (Come in!), *Sjedni* (Sit down), *peče* (bakes), *Mislim da…* (I think that…), *kao uvijek* (as always).	1
English in, Croatian out, built from tiles taken from the five texts. The genitive comes right after the thing it belongs to (*vrata kuće*), after the little word (*bez šećera, pokraj prozora*), after *nema* and after 2, 3 or 4 (*dvije kupaonice*).	1
Genitive after the thing, the little word, *nema*, or 2–4.	1
en: My grandma's house is old.	3
en: The door of the house is wooden and heavy.	1
en: The smell of cake is always in the kitchen.	1
en: At Grandma's there's no internet and no hurry.	1
en: Without sugar and without milk, please.	1
en: Unfortunately, there's no mint today.	1
en: Then chamomile.	1
en: We are travelling from Zagreb to the sea.	1
en: Halfway there we have coffee at Aunt Vesna's.	1
en: Our aunt lives near the motorway.	1
en: Three bedrooms, two bathrooms and a big kitchen.	1
en: There's no internet, but it's quiet.	1
en: Under the table there's neither the key, nor the letter, nor the chocolate.	1
en: The chocolate is under the bed.	1
en: The key is next to the window.	1
A timed picture-to-word tap over Grandma's house. Everything is in its naming form; say it with *pokraj* or *ispod* in your head as you tap, and add the genitive ending: *pokraj kuće, ispod stola, iza vrata*.	1
Naming forms. Think *pokraj kuće, ispod stola*.	1
Grandma is calling you for lunch. A picture appears — tap the balloon with its word before it floats away.	1
clock	2
Reading: Recipes, Directions & Coach Zvone	1
Text 1: Pancakes (a recipe)	1
A real recipe, and every step is an order for one person. Read it twice: once for the pancakes, once for the endings — **-aj** (*dodaj, miješaj*), **-i** (*uzmi, stavi, okreni*), **-j** (*zagrij*) — and *peci*, the one learned whole.	1
One order per step: *dodaj, miješaj* · *uzmi, stavi, okreni* · *zagrij* · *peci*.	1
A recipe for pancakes, step by step. Tap **EN** next to any sentence to see its translation.	1
Passive words: *recept* (recipe), *smotaj* (roll it up), *posluži* (serve), *najvažnije* (most importantly).	1
Recept za palačinke. | A recipe for pancakes.	1
Uzmi tri jaja, brašno i mlijeko. | Take three eggs, flour and milk.	1
Dodaj malo soli. | Add a little salt.	1
Miješaj dvije minute. | Mix for two minutes.	1
Zagrij tavu i stavi malo ulja. | Heat the pan and put in a little oil.	1
Peci palačinku jednu minutu, a onda je okreni! | Fry the pancake for one minute, and then flip it!	1
Stavi marmeladu ili čokoladu. | Put on jam or chocolate.	1
Smotaj, posluži i — najvažnije — podijeli sa sestrom! | Roll it up, serve and — most importantly — share with your sister!	1
Dobar tek! | Enjoy your meal!	1
Put the recipe in order	1
Sequence the recipe from Text 1. The ingredients come first and the sharing last. Between them, the salt goes into the mixture before it is mixed, the pan is heated before anything is fried, and a pancake is flipped only after its first minute.	1
Ingredients, salt, mixing, the pan, frying, flipping, jam, sharing.	1
Put the recipe steps in order.	1
Type the command	1
Copy each order back into the recipe. The bracket gives the infinitive; think of the *ti* form first: *dodaš → dodaj, uzmeš → uzmi, zagriješ → zagrij*. *Peći* gives *peci*, the form learned whole.	1
Via the *ti* form: *dodaj, uzmi, zagrij*. *peći → peci*.	1
Fill in the command from the recipe.	1
Text 2: Directions	1
A tourist asks the way, so every order is for *vi* and ends in **-te**: *idite, skrenite, prijeđite, hodajte, požurite*. The last line is a *don't* with *ne*: *Ne trčite preko ceste!*	1
Polite *vi* orders: *idite, skrenite, prijeđite, hodajte*. *Ne trčite!*	1
A tourist, a map and ten minutes to the train. Tap **EN** to see any line in English.	1
Passive words: *Oprostite* (Excuse me), *pogledajte* (look), *odmah tu* (right there), *za deset minuta* (in ten minutes), *Sretan put* (Have a good trip).	1
— Oprostite, gdje je kolodvor? | — Excuse me, where is the station?	1
— Idite ravno do semafora. Na semaforu skrenite lijevo. | — Go straight to the traffic lights. At the lights turn left.	1
— Lijevo. Dobro. | — Left. Okay.	1
— Zatim prijeđite most i hodajte pokraj parka. | — Then cross the bridge and walk past the park.	1
— A onda? | — And then?	1
— Pogledajte desno — kolodvor je odmah tu. Ali požurite, vlak kreće za deset minuta! | — Look right — the station is right there. But hurry, the train leaves in ten minutes!	1
— Hvala vam puno! | — Thank you very much!	1
— Sretan put! I ne trčite preko ceste! | — Have a good trip! And don't run across the road!	1
Put the route in order	1
Trace the route from Text 2. Straight on to the lights comes first, the turn happens at the lights, the bridge comes before the park, and the station appears when you look right at the end.	1
Lights, turn, bridge, park, look right, station.	1
Trace the route — put the directions in order.	1
Check each statement against the directions. The turn at the lights is to the left, the station comes after the park, and the train leaves in ten minutes — so *požurite* is good advice, but *ne trčite preko ceste*.	1
Left at the lights, the station after the park, ten minutes to the train.	1
Text 3: The coach	1
Coach Zvone speaks in short orders. To the whole team they end in **-te** (*trčite, skočite, dodajte*); to one player they have no **-te** (*pij, ne gledaj*). The team's own sentences are in the present: *trčimo, skačemo, dodajemo*.	1
Team: **-te** (*trčite, dodajte*). One player: *pij, ne gledaj*. The team: *trčimo* (present).	1
A coach, a team and a lot of running. Tap **EN** to see any line in English.	1
Passive words: *legenda* (legend), *njegove riječi* (his words), *kaže* (says), *na kraju treninga* (at the end of training), *isto* (the same), *bez njega* (without him).	1
Trener Zvone je legenda. | Coach Zvone is a legend.	1
"Njegove riječi su kratke: ""Trčite! Skočite! Dodajte loptu! Ne spavajte!"" | His words are short: ""Run! Jump! Pass the ball! Don't sleep!"""	1
Mi trčimo, skačemo i dodajemo. | We run, jump and pass.	1
"""Pij vodu!"" kaže Ivanu. | ""Drink water!"" he says to Ivan."	1
"""Ne gledaj telefon!"" kaže Maji. | ""Don't look at your phone!"" he says to Maja."	1
"""Nemoj kasniti!"" kaže Marku. | ""Don't be late!"" he says to Marko."	1
"Na kraju treninga uvijek kaže isto: ""Jedite dobro, spavajte i dođite sutra."" | At the end of training he always says the same: ""Eat well, sleep and come tomorrow."""	1
Strog je, ali bez njega nismo tim. | He is strict, but without him we are not a team.	1
Who gets which order?	1
Each receiver from Text 3 beside the order Zvone gives. The receivers are in the dative (*Ivanu, Maji, Marku*), and the orders show who they are for: no **-te** for one player, **-te** for the whole team.	1
Receiver in the dative; no **-te** for one player, **-te** for the team.	1
Who does Zvone tell what? Match from the text.	1
"""Pij vodu!"""	1
"""Ne gledaj telefon!"""	1
"""Nemoj kasniti!"""	1
"""Trčite! Skočite!"""	1
"""Jedite dobro i dođite sutra."""	1
One person or a group?	2
Sorting orders from the texts by who they are for. Without **-te** the order is for one person you call *ti*: *pij, uzmi, ne gledaj*. With **-te** it is for a group or a polite *vi*: *trčite, skrenite, požurite*. *Nemoj* and *nemojte* follow the same split.	1
No **-te** → one person (*ti*). **-te** → a group or polite *vi*.	2
ONE PERSON (ti)	17
A GROUP (vi)	17
Singular or plural command? Sort the orders from the texts.	1
Text 4: A note on the fridge	1
A real note left on the fridge, and every line is an order for one person: *zagrij, jedi, nemoj, zaključaj, čekaj*. Read it as a to-do list — the questions ask what Marko has to do, and what he must not do.	1
A real note, all orders for one person: *zagrij, jedi, nemoj, zaključaj*.	1
Mum has gone to work, and Marko finds a note. Tap **EN** to see any line in English.	1
Passive words: *Dragi* (Dear), *do* (until), *posebno* (especially), *Vraćam se* (I'll be back), *van* (out), *tepih* (mat, rug).	1
idem na posao. Vraćam se u šest. | I'm going to work. I'll be back at six.	1
Ručak je u hladnjaku. | Lunch is in the fridge.	1
Zagrij juhu pet minuta. | Heat up the soup for five minutes.	1
Jedi i kruh, ne samo kolače! | Eat some bread too, not only cakes!	1
Nemoj gledati telefon do ponoći. | Don't look at your phone until midnight.	1
Uči za test — posebno matematiku! | Study for the test — especially maths!	1
Kad ideš van, zaključaj vrata. | When you go out, lock the door.	1
Ključ stavi ispod tepiha. | Put the key under the mat.	1
Čekaj me za večeru. | Wait for me for dinner.	1
Mama | Mum	1
What does Mum want?	1
Reading the note for what Marko has to do. Each question has its answer on one line; the orders say what to do, and *nemoj* says what not to do. Watch the details: the soup, not the lunch, gets five minutes.	1
Orders say what to do; *nemoj* what not to do. One line per answer.	1
Answer from the note.	1
Text 5: Who said what?	1
A puzzle rather than a story. Four people make pancakes and each one gives a single order, but nobody says who gave which. Every clue rules something out; start with Marko, because one extra clue decides his order, and the rest follows.	1
Every clue rules something out. Start with Marko.	3
Four cooks, four orders, no names. Read it twice before you answer.	1
Passive words: *svatko* (each one), *jednu naredbu* (one order), *ne voli miješati* (doesn't like mixing).	1
U nedjelju mama, tata, baka i Marko peku palačinke. | On Sunday Mum, Dad, Grandma and Marko are making pancakes.	1
"Svatko kaže jednu naredbu: ""Miješaj!"", ""Zagrij tavu!"", ""Dodaj sol!"" i ""Okreni palačinku!"" | Each one gives one order: ""Mix!"", ""Heat up the pan!"", ""Add salt!"" and ""Flip the pancake!"""	1
"Baka ne kaže ni ""Miješaj!"" ni ""Dodaj sol!"". | Grandma says neither ""Mix!"" nor ""Add salt!""."	1
"Marko ne kaže ni ""Dodaj sol!"" ni ""Zagrij tavu!"". | Marko says neither ""Add salt!"" nor ""Heat up the pan!""."	1
"Mama ne kaže ni ""Okreni palačinku!"" ni ""Zagrij tavu!"". | Mum says neither ""Flip the pancake!"" nor ""Heat up the pan!""."	1
"Tata ne kaže ni ""Miješaj!"" ni ""Okreni palačinku!"". | Dad says neither ""Mix!"" nor ""Flip the pancake!""."	1
Tko kaže što? | Who says what?	1
Deduction from the clues. Marko cannot say the salt or the pan, and he does not like mixing, so his order is *Okreni palačinku!* Grandma is then left with the pan, Dad with the salt, and Mum with *Miješaj!*	1
Marko first: *Okreni palačinku!* Then Grandma, Dad and Mum.	1
Nobody says who gave which order. Work it out from the text.	1
One tap per order, and almost every order comes from the five texts. The English says whether it is for one person or for a group. Verbs in *-aš* take **-aj** or **-ajte**; verbs in *-eš* and *-iš* take **-i** or **-ite**.	1
Almost every order came out of the five texts. One tap finishes it.	1
(one person) Take three eggs!	1
(one person) Add a little salt!	1
(one person) Mix for two minutes!	1
(one person) Put on the jam!	1
(one person) Flip the pancake!	1
(a tourist, polite) Turn left!	1
(a tourist, polite) Cross the bridge!	1
(a tourist, polite) Walk past the park!	1
(a tourist, polite) Hurry!	1
(the team) Run!	1
(the team) Pass the ball!	1
(the team) Don't sleep!	1
(one player) Don't look at your phone!	1
(Marko) Lock the door!	1
(Marko) Wait for me for dinner!	1
(one person) Share with your sister!	1
Now YOU cook	1
Your turn: a friend wants to make pancakes and asks you what to do. You answer with orders for one person — *uzmi, dodaj, miješaj, zagrij, okreni* — and your friend reacts to each step. Every option is correct Croatian, and nothing depends on your gender.	1
Orders for one friend: *uzmi, dodaj, miješaj, zagrij, okreni*. Your friend reacts.	1
Your friend is hungry and the kitchen is ready. Choose your replies. Passive words: *Što prvo?* (What first?), *gotovo* (done), *vruća* (hot), *Hop!* (Hup!), *Uspjelo je!* (It worked!), *Dobar tek* (Enjoy your meal).	1
English in, Croatian out, built from tiles taken from the five texts. The order usually takes the first tile, *ne* stands directly in front of it, *nemoj* is followed by an infinitive, and a short word such as *je* comes after the first part: *a onda je okreni*.	1
The order first; *ne* right before it; *nemoj* + infinitive; *je* after the first part.	1
en: Take three eggs, flour and milk.	1
en: Add a little salt.	1
en: Heat the pan and put in a little oil.	1
en: Fry the pancake for one minute, and then flip it!	1
en: Share with your sister!	1
en: At the traffic lights turn left.	1
en: Then cross the bridge and walk past the park.	1
en: Run, jump and pass the ball!	1
en: Don't look at your phone!	1
en: Don't be late!	2
en: Eat well, sleep and come tomorrow.	1
en: Heat up the soup for five minutes.	1
en: When you go out, lock the door.	1
en: Wait for me for dinner.	1
"en: Grandma says neither ""Mix!"" nor ""Add salt!""."	1
A timed picture-to-word tap over the kitchen. Everything is in its naming form; say an order with it in your head as you tap — *Uzmi jaje! Dodaj šećer! Zagrij tavu!* — and remember that a feminine word takes **-u**: *tavu, juhu*.	1
Naming forms. Think *Uzmi jaje! Zagrij tavu!*	1
The pancakes are burning! A picture appears — tap the balloon with its word before it floats away.	1
fridge	7
Reading: A Million Euros & the Perfect Day	1
Text 1: A million euros	1
A read-along daydream by Marko, and nearly every line is a conditional. Read it twice: once for the story, once for the pattern — the participle with *bih* for Marko (*kupio bih*), *bi* for the others (*mama bi dobila*), and *Bih li…?* for a question.	1
Marko: *kupio bih*. Others: *mama bi dobila*. Question: *Bih li radio?*	1
Marko imagines a million euros. Tap **EN** next to any sentence to see its translation.	1
Passive words: *zamislite* (imagine), *veliki* (big), *sve dao* (gave it all away).	1
Zamislite: milijun eura! Što bih kupio? | Imagine: a million euros! What would I buy?	1
Prvo bih kupio kuću pokraj mora. | First I would buy a house by the sea.	1
Onda bih kupio brod. | Then I would buy a boat.	1
Mama bi dobila novi auto, a tata bi dobio mir — i veliki televizor. | Mum would get a new car, and Dad would get peace — and a big television.	1
Putovao bih cijelu godinu. | I would travel the whole year.	1
Bih li radio? Možda... ali samo ponedjeljkom! | Would I work? Maybe... but only on Mondays!	1
A možda bih sve dao i ostao isti. | And maybe I would give it all away and stay the same.	1
Jer sreća ne košta milijun eura. | Because happiness doesn't cost a million euros.	1
Comprehension on Marko's daydream. Each question uses the conditional too, so the answer is on the line with the same verb: *Što bi prvo kupio?* matches *Prvo bih kupio…*, and *Što bi mama dobila?* matches *Mama bi dobila…*	1
Find the same verb: *Što bi kupio?* → *Prvo bih kupio…*	1
Type the conditional	1
Copy each helper back into its line. Marko speaks about himself, so he uses *bih*; Mum, Dad and happiness are third persons and take *bi*. The helper is never first — it follows the first word or the participle.	1
Marko: *bih*. Mum, Dad: *bi*. The helper is second.	1
Fill in the conditional from the text.	1
Text 2: Where would you live?	1
A phone call between Petra and Ivan about the city and the sea. Petra's forms end in **-la** (*plivala bih, čitala*), Ivan's in **-o** (*ostao bih, dolazio*), so the participle tells you who is speaking even without names. *Ne bih mogao* uses the participle of *moći*.	1
Petra: **-la** (*plivala bih*). Ivan: **-o** (*ostao bih*). *ne bih mogao*.	1
Petra and Ivan can't agree: city or sea? Tap **EN** to see any line in English.	1
Passive words: *Ovdje Ivan* (It's Ivan, on the phone), *k meni* (to my place), *ljeti* (in summer), *i grad i more* (both the city and the sea).	1
— Bok, Petra, ovdje Ivan! Gdje bi živjela: u gradu ili pokraj mora? | — Hi, Petra, it's Ivan! Where would you live: in the city or by the sea?	1
— Pokraj mora, naravno! Svaki dan bih plivala. | — By the sea, of course! I would swim every day.	1
— A što bi radila zimi? | — And what would you do in winter?	1
— Zimi bih čitala, kuhala i gledala valove. A ti? | — In winter I would read, cook and watch the waves. And you?	1
— Ja bih ostao u gradu. Ne bih mogao bez kina i kafića. | — I would stay in the city. I couldn't live without the cinema and cafés.	1
— A bi li dolazio k meni ljeti? | — And would you come to my place in summer?	1
— Dolazio bih svaki vikend! | — I would come every weekend!	1
— Onda dogovoreno: ja bih imala more, a ti bi imao i grad i more! | — Then it's a deal: I would have the sea, and you would have both the city and the sea!	1
Check each statement against the call. Keep the two speakers apart: Petra would live by the sea and read in winter, Ivan would stay in the city and visit every weekend. The endings help — *-la* is Petra, *-o* is Ivan.	1
Petra: sea, reading in winter. Ivan: city, every weekend.	1
Rebuild the call line by line. Each answer follows its question: *Gdje bi živjela?* is answered by *Pokraj mora*, *Što bi radila zimi?* by the winter plans, and *Bi li dolazio k meni ljeti?* by *Dolazio bih svaki vikend*. The deal comes last.	1
Each answer follows its question; the deal comes last.	1
Rebuild the debate.	1
Text 3: The perfect day	1
Ana describes her perfect day, from morning to night. Her own forms end in **-la** (*ustala bih, pila bih*); when her friends join, the helper becomes *bismo* and the participle *-li* (*jeli bismo, išli bismo*). *Sunce bi sjalo* is a third person.	1
Ana: *ustala bih*. With friends: *jeli bismo*. *Sunce bi sjalo*.	1
Ana's perfect day, hour by hour. Tap **EN** to see any line in English.	1
Passive words: *izgledao* (would look), *ovako* (like this), *bez alarma* (without an alarm), *sjalo* (would shine), *još duže* (even longer), *ništa posebno* (nothing special), *baš zato* (exactly for that reason).	1
Moj savršen dan bi izgledao ovako: ustala bih kasno, bez alarma. | My perfect day would look like this: I would get up late, without an alarm.	1
Pila bih kavu na balkonu. | I would drink coffee on the balcony.	1
Sunce bi sjalo, a ja ne bih žurila. | The sun would shine, and I wouldn't hurry.	1
Prijatelji bi došli na ručak. | Friends would come for lunch.	1
Jeli bismo dugo, a pričali bismo još duže. | We would eat for a long time, and talk even longer.	1
Poslijepodne bismo išli na rijeku. | In the afternoon we would go to the river.	1
Navečer bih gledala zvijezde. | In the evening I would watch the stars.	1
Ništa posebno — i baš zato savršeno. | Nothing special — and exactly for that reason, perfect.	1
Put the perfect day in order	1
Sequence Ana's day from Text 3. The day runs from a late morning to the stars: coffee comes before the friends arrive, the long lunch before the afternoon at the river, and the stars at the very end.	1
Late morning, coffee, lunch, the river, the stars.	1
Put the perfect day in order.	1
Comprehension on Ana's day. The questions ask *when, where* and *what*, and each answer is on one line. Watch the times of day: coffee is in the morning on the balcony, the river in the afternoon, the stars in the evening.	1
Morning: balcony. Afternoon: river. Evening: stars.	1
Text 4: Street survey	1
A real newspaper street survey: one question, four people, four answers. Each person answers for themselves, so the participle shows who is speaking — *putovao* (Luka), *kupila* (Vesna, Maja), *kupio* (Zoran). The question itself uses *biste*, the polite *vi*.	1
A real survey. *Što biste radili…?* Answers: *putovao bih, kupila bih, ne bih kupio*.	1
A newspaper asks people in the street one question. Tap **EN** to see any line in English.	1
Passive words: *pitali smo* (we asked), *oko svijeta* (around the world), *više ne* (no longer), *za unuke* (for the grandchildren), *pola* (half), *dala* (would give), *bolnici* (to the hospital).	1
PITALI SMO VAS: Što biste radili s milijun eura? | WE ASKED YOU: What would you do with a million euros?	1
"Luka (19), student: ""Putovao bih oko svijeta. Prvo u Japan!"" | Luka (19), student: ""I would travel around the world. Japan first!"""	1
"Vesna (45), učiteljica: ""Kupila bih kuću na otoku. I više ne bih radila!"" | Vesna (45), teacher: ""I would buy a house on an island. And I wouldn't work any more!"""	1
"Zoran (70), djed: ""Ništa ne bih kupio. Štedio bih za unuke."" | Zoran (70), grandfather: ""I wouldn't buy anything. I would save for my grandchildren."""	1
"Maja (28), doktorica: ""Pola bih dala bolnici, a za pola bih kupila stan u Zagrebu."" | Maja (28), doctor: ""I would give half to the hospital, and with the other half I would buy a flat in Zagreb."""	1
Who said it?	1
Reading the survey for who said what. Each person has one line, and the participle confirms the answer: *Putovao bih* is a man, *Kupila bih* a woman. Two people are women, so read the whole answer, not only the ending.	1
One line per person. *-o* a man, *-la* a woman — then read the rest.	1
Answer from the survey.	1
Text 5: Four dreams	1
A puzzle rather than a story. Four friends would each do something different with the lottery money, and every clue rules something out. Start with Marko: after two clues only one thing is left for him, and the rest follows.	1
Four friends, a lottery ticket and four different dreams. Read it twice before you answer.	1
Passive words: *svatko* (each one), *nešto drugo* (something different), *se boji mora* (is afraid of the sea).	1
Ana, Marko, Petra i Ivan imaju kartu za lutriju. | Ana, Marko, Petra and Ivan have a lottery ticket.	1
Svatko bi s novcem radio nešto drugo: jedan bi kupio vilu, jedan brod, jedan auto, a jedan bi štedio. | Each would do something different with the money: one would buy a villa, one a boat, one a car, and one would save.	1
Ana se boji mora. Ne bi kupila brod. | Ana is afraid of the sea. She wouldn't buy a boat.	1
Marko ne bi kupio ni auto ni vilu. | Marko would buy neither a car nor a villa.	1
Petra ne bi štedjela. | Petra wouldn't save.	1
Ivan ne vozi i ne bi kupio auto. | Ivan doesn't drive and wouldn't buy a car.	1
Ni Marko ni Ivan ne bi kupili brod. | Neither Marko nor Ivan would buy a boat.	1
Tko bi što radio? | Who would do what?	1
Deduction from the clues. Marko would buy neither the car, the villa nor the boat, so he would save. Ivan cannot take the car or the boat, and saving is Marko's, so he would buy the villa. Ana is left with the car, and Petra with the boat.	1
Marko first: he would save. Then Ivan, Ana and Petra.	1
Nobody says who would do what. Work it out from the text.	1
One tap finishes the participle, and almost every sentence comes from the five texts. **-o** is a man (Marko, Ivan, Luka), **-la** a woman (Ana, Petra, Vesna), **-li** a group, **-le** a group of women.	1
**-o** man, **-la** woman, **-li** group, **-le** only women.	1
Almost every sentence came out of the five texts. One tap finishes the participle.	1
First I would buy a house. (Marko)	1
I would swim every day. (Petra)	1
I would stay in the city. (Ivan)	1
Friends would come for lunch.	1
I would drink coffee on the balcony. (Ana)	1
We would eat for a long time and talk even longer.	1
I would travel around the world. (Luka)	1
I wouldn't work any more! (Vesna)	1
I would save for my grandchildren. (Zoran)	1
Ana and Petra would buy a boat.	1
In the evening I would watch the stars. (Ana)	1
Dad would get peace.	1
Neither Marko nor Ivan would buy a boat.	1
Petra wouldn't save.	1
Vesna and Maja would buy a house.	1
A man or a woman?	1
Sorting sentences by who is speaking. In the past tense and in the conditional, the participle shows the speaker's gender: **-o** for a man (*kupio bih*), **-la** for a woman (*kupila bih*). *Bih* itself is the same for both.	1
*kupio bih* → a man; *kupila bih* → a woman. *bih* is the same.	1
MUŠKARAC	8
ŽENA	8
Is the speaker a man or a woman? Look at the participle.	1
Now YOU dream	1
Your turn: a friend asks what you would do with a million euros. Every answer is a conditional, and where your gender shows you pick your own form (*kupio / kupila bih*). The friend asks without assuming your gender and reacts to your choice.	1
Pick your form: *kupio / kupila bih*. Your friend reacts.	1
A lottery ticket, a friend and a big question. Choose your replies. Passive words: *Da imaš* (if you had), *Stvarno?* (Really?), *s tobom* (with you).	1
English in, Croatian out, built from tiles taken from the five texts. The helper *bih, bi, bismo* takes the second place — after the first word or after the participle — and the participle shows who is speaking.	1
The helper second; the participle shows who speaks.	1
en: First I would buy a house by the sea.	1
en: Mum would get a new car.	1
en: I would travel the whole year.	1
en: Happiness doesn't cost a million euros.	1
en: Where would you live? (to a woman)	1
en: I would swim every day. (a woman)	1
en: I couldn't live without the cinema and cafés. (a man)	1
en: Would you come to my place in summer? (to a man)	1
en: I would drink coffee on the balcony. (a woman)	1
en: Friends would come for lunch.	1
en: In the afternoon we would go to the river.	1
en: I would buy a house on an island. (a woman)	1
en: I wouldn't buy anything. (a man)	1
en: Ana is afraid of the sea.	1
en: Neither Marko nor Ivan would buy a boat.	1
A timed picture-to-word tap over the things a million euros could buy — and the ones it cannot. Everything is in its naming form; say *Kupio bih…* or *Kupila bih…* in your head as you tap, with **-u** on a feminine word: *Kupila bih vilu.*	1
Naming forms. Think *Kupio / Kupila bih…*; *vilu, kuću*.	1
The lottery numbers are coming! A picture appears — tap the balloon with its word before it floats away.	1
yacht	4
plane	1
money	10
Reading: The Letter & the Homework Interrogation	1
Text 1: The letter	1
A read-along story that uses both twins side by side. The imperfective shows what went on for a while — *pisao je cijelo poslijepodne, kupovao je* — and the perfective what got finished: *napisao je, kupio je, poslao je, pročitala je*.	1
Going on: *pisao, kupovao, čitala*. Finished: *napisao, kupio, poslao, pročitala*.	1
A letter that took all afternoon, a stamp that took three shops, and a happy grandmother. Tap **EN** next to any sentence to see its translation.	1
Passive words: *brisao* (erased), *usput* (along the way), *plakala od sreće* (cried with joy).	1
Marko je pisao pismo cijelo poslijepodne. | Marko was writing a letter all afternoon.	1
Pisao je, brisao i opet pisao. | He wrote, erased and wrote again.	1
Napokon je napisao pismo! | Finally he finished writing the letter!	1
Usput je popio tri kave i pojeo je cijelu čokoladu. | Along the way he drank three coffees and ate a whole chocolate bar.	1
Zatim je kupovao marku — tri trgovine! — i napokon je kupio jednu. | Then he was shopping for a stamp — three shops! — and finally he bought one.	1
Poslao je pismo u podne. Komu? Baki, naravno. | He sent the letter at noon. To whom? To Grandma, of course.	1
Baka je čitala pismo polako. | Grandma read the letter slowly.	1
Pročitala je pismo dva puta i plakala je od sreće. | She read the letter through twice and cried with joy.	1
Comprehension on the letter. Some questions ask how long something went on — the answer is next to an imperfective (*pisao je cijelo poslijepodne*) — and some ask what got done: *popio je, poslao je, pročitala je*.	1
How long → next to *pisao*. What got done → *popio, poslao, pročitala*.	1
jedan put	1
Sorting the verbs from the text by their twin. The imperfective describes something that went on (*pisao je, kupovao je, čitala je*); the perfective one finished action (*napisao je, kupio je, poslao je*).	1
Going on → PROCESS. Finished → DONE.	1
DONE	8
Process or done? Sort the verbs from the text.	1
Text 2: Two verbs, one day	1
A short text built on pairs: in every sentence one person takes their time and another finishes. The narrator is a woman (*jela sam, čitala sam*), and the endings of *učila, naučila, pila, popio* show who did what.	1
Every sentence: one twin takes its time, the other finishes.	1
A family, a table and two kinds of verbs. Tap **EN** to see any line in English.	1
Passive words: *dolaze u parovima* (come in pairs), *razlika* (difference), *važna* (important), *traje* (lasts), *završava posao* (finishes the job).	1
Hrvatski glagoli dolaze u parovima. | Croatian verbs come in pairs.	1
Ana je učila cijelu večer — i naučila je sve! | Ana was studying all evening — and she learned everything!	1
Ja sam jela juhu pola sata, a brat je pojeo juhu za dvije minute. | I was eating soup for half an hour, while my brother finished his soup in two minutes.	1
Mama je pila kavu polako, a tata je popio kavu odmah. | Mum drank her coffee slowly, while Dad drank his up right away.	1
Ja sam čitala knjigu cijeli tjedan, a sestra je pročitala knjigu za jedan dan. | I was reading a book all week, while my sister read her book through in one day.	1
Razlika je mala, ali važna: jedan glagol traje, a drugi završava posao! | The difference is small, but important: one verb lasts, and the other finishes the job!	1
Who did it how?	1
Each person from Text 2 beside what they did. Some took their time (*pila kavu polako, jela juhu pola sata*) and some finished quickly (*pojeo juhu za dvije minute, popio kavu odmah*). The ending of the participle matches the person.	1
Taking time: *pila polako*. Finished fast: *pojeo za dvije minute*.	1
Who did it how? Match from the text.	1
učila i naučila sve	1
pojeo juhu za dvije minute	1
popio kavu odmah	1
pročitala knjigu za jedan dan	1
pila kavu polako	1
čitala knjigu cijeli tjedan	1
Type the right twin	1
Copy the right twin back into its line. The bracket gives the infinitive of the twin you need; the time words in the sentence confirm it — *cijelu večer, polako, cijeli tjedan* for the imperfective, *odmah, za dvije minute, za jedan dan* for the perfective.	1
*cijelu večer, polako* → imperfective; *odmah, za dvije minute* → perfective.	1
Fill in the right twin from the text.	1
Text 3: Did you finish your homework?	1
A mother questions Marko about his homework, and every answer depends on the twin. *Pisao sam* means he was at it; *napisao sam pola* means half is done. The last line is a perfective in the present for something he always does to the end: *pogledaš do kraja*.	1
*Pisao sam* — at it. *Napisao sam pola* — half done. *Pogledaš do kraja* — always to the end.	1
A mother, a son and a very long evening. Tap **EN** to see any line in English.	1
Passive words: *završio* (finished), *Koliko?* (How much?), *do kraja* (to the end).	1
— Marko, jesi li napisao zadaću? | — Marko, have you finished your homework?	1
— Pisao sam zadaću cijelu večer... | — I was writing my homework all evening...	1
— Ali jesi li završio? | — But did you finish?	1
— Skoro! Napisao sam pola. | — Almost! I've written half.	1
— A lektira? Jesi li pročitao knjigu? | — And the assigned reading? Did you read the book?	1
— Čitao sam... | — I was reading...	1
— Koliko? | — How much?	1
— Jednu stranicu. | — One page.	1
— Marko! A film za školu? Jesi li pogledao film? | — Marko! And the film for school? Did you watch the film?	1
— Film sam pogledao! Dva puta! | — The film I watched! Twice!	1
— Naravno... Filmove uvijek pogledaš do kraja! | — Of course... Films you always watch to the end!	1
Check each statement against the interrogation. The twins carry the facts: *pisao sam* and *čitao sam* mean the work is not finished, *napisao sam pola* means half is done, and *pogledao sam* means the film was watched to the end — twice.	1
*pisao, čitao* → not finished. *napisao pola* → half. *pogledao* → the whole film.	1
What does it really mean?	1
What each answer really says. The imperfective (*pisao sam, čitao sam*) describes the activity and says nothing about finishing it. The perfective (*napisao sam pola, pogledao sam*) states a finished result — here, half of the homework and the whole film.	1
*pisao, čitao* → the activity, not finished. *napisao pola, pogledao* → a finished result.	1
The aspect tells the story — what does each answer really mean?	1
Text 4: Saturday's list	1
A real to-do list on the fridge, and Mum's note at the bottom. Each task is a perfective infinitive — the job has to be finished: *oprati auto, skuhati ručak, poslati e-mail*. A tick means done, a cross means not done yet.	1
A real list: *oprati, skuhati, poslati*. ✓ = done, ✗ = not done.	1
Marko's list for Saturday, with ticks. Tap **EN** to see any line in English.	1
Passive words: *popis* (list), *zalijevao* (watered), *nije još* (not yet), *Bravo, ali…* (Well done, but…).	1
✓ oprati auto | ✓ wash the car	1
✓ skuhati ručak | ✓ cook lunch	1
✗ poslati e-mail baki | ✗ send Grandma an e-mail	1
✓ kupiti kruh i mlijeko | ✓ buy bread and milk	1
✗ napisati zadaću | ✗ write the homework	1
✓ pročitati deset stranica lektire | ✓ read ten pages of the book	1
"Mama: ""Bravo, auto si oprao i ručak si skuhao. Ali zadaću nisi napisao, a baka još čeka e-mail!"" | Mum: ""Well done, you washed the car and cooked lunch. But you haven't written your homework, and Grandma is still waiting for the e-mail!"""	1
What did Marko do?	1
Reading the list for what is finished. A tick means the perfective happened — *oprao je auto* — and a cross means it did not: *nije napisao zadaću*. Mum's note at the bottom confirms the two tasks that are still open.	1
✓ → *oprao je*. ✗ → *nije napisao*. Mum's note confirms it.	1
Answer from the list.	1
e-mail mami	1
Text 5: Who finished what?	1
A puzzle rather than a story. Four friends each finished one job on Saturday, and every clue rules something out. Petra's clues decide her job first; after that, one more clue about Ana is enough.	1
Every clue rules something out. Start with Petra.	1
Four friends, four finished jobs, no labels. Read it twice before you answer.	1
Passive words: *svatko* (each one), *jedan posao* (one job), *ne zna kuhati* (can't cook).	1
U subotu su Ana, Marko, Petra i Ivan radili doma. | On Saturday Ana, Marko, Petra and Ivan were working at home.	1
Svatko je završio jedan posao: netko je napisao pismo, netko je pročitao knjigu, netko je skuhao juhu, a netko je oprao auto. | Each finished one job: someone wrote a letter, someone read a book, someone cooked soup and someone washed the car.	1
Ana nije ni kuhala ni prala. | Ana neither cooked nor washed.	1
Marko je cijeli dan čitao, ali knjigu nije pročitao. | Marko was reading all day, but he didn't finish the book.	1
Ivan nije napisao pismo i nije oprao auto. | Ivan didn't write the letter and didn't wash the car.	1
Petra ne zna kuhati i nije ni pisala ni čitala. | Petra can't cook, and she neither wrote nor read.	1
Ana nije pročitala knjigu. | Ana didn't finish the book.	1
Tko je što napravio? | Who did what?	1
Deduction from the clues. Petra did not cook, write or read, so she washed the car. Ana did not cook or finish the book, so she wrote the letter. Marko did not finish the book, so he cooked the soup, and Ivan read the book.	1
Petra first (the car), then Ana (the letter), Marko (the soup), Ivan (the book).	1
Tap the prefix from the texts	1
One tap in front of the verb decides the twin, and almost every sentence comes from the five texts. Add *na-, po-* or *pro-* for one finished action (*napokon, odmah, za jedan dan, dva puta*); leave it out, with the dash, for an action that went on (*cijelo poslijepodne, polako, cijeli tjedan*).	1
finished once → *na- / po- / pro-*; going on → dash.	1
Almost every sentence came out of the five texts. One tap adds a prefix — or none.	1
Marko was writing a letter all afternoon.	1
Finally he finished writing the letter!	1
Along the way he drank three coffees.	1
Grandma read the letter slowly.	1
She read the letter through twice.	1
Ana learned everything!	1
Mum drank her coffee slowly.	1
Dad drank up his coffee right away.	1
My brother ate up his soup in two minutes.	1
My sister read the book in one day.	1
I was reading a book all week.	1
Almost! I've written half.	1
I watched the film! Twice!	1
I was writing my homework all evening, but I didn't finish it.	1
Marko was reading all day.	1
Ivan finished reading the book.	1
Now YOU explain	1
Your turn: the teacher asks about your homework and the book, and your answers depend on the twin — finished (*napisao / napisala sam*) or still going (*pisao / pisala sam*). The teacher reacts to what you say and does not assume your gender.	1
Finished: *napisao / napisala sam*. Still going: *pisao / pisala sam*. The teacher reacts.	1
Monday morning, and the teacher is checking. Choose your replies. Passive words: *do srijede* (by Wednesday), *vidjet ćemo* (we'll see), *u redu* (all right), *pokaži mi* (show me), *O čemu je…?* (What is … about?).	1
English in, Croatian out, built from tiles taken from the five texts. The imperfective goes with *cijelo poslijepodne, polako, cijeli tjedan*; the perfective with *napokon, odmah, za dvije minute, dva puta*. *Je, sam* take the second place.	1
imperfective with *cijelo…, polako*; perfective with *napokon, odmah, za…*.	1
en: Marko was writing a letter all afternoon.	1
en: Finally he finished writing the letter!	1
en: Along the way he drank three coffees.	1
en: Grandma read the letter through twice.	1
en: Ana was studying all evening and she learned everything.	1
en: Mum drank her coffee slowly, and Dad drank his up right away.	1
en: My brother ate up his soup in two minutes.	1
en: I was writing my homework all evening. (a boy)	1
en: Almost! I've written half.	1
en: I watched the film twice!	1
en: You washed the car and cooked lunch.	1
en: You haven't written your homework.	1
en: Petra washed the car.	1
en: Marko was reading all day.	1
en: Ivan read the book.	1
A timed picture-to-word tap over the things from the five texts. Everything is in its naming form; say a finished action with it in your head as you tap — *napisao pismo, popio kavu, pojeo čokoladu, oprao auto*.	1
Naming forms. Think *napisao pismo, popio kavu*.	1
The post office is closing! A picture appears — tap the balloon with its word before it floats away.	1
stamp	6
Reading: The Summer I Remember	1
Text 1: The summer I remember	1
A memory told by Ana, and every sentence joins two thoughts. Read it twice: once for the story, once for the connectors — *kad* for the time, *dok* for two things at once, *jer* and *zato što* for the reason, *ako* for the plan, and *koji / koje* for a description.	1
*kad, dok, jer, zato što, ako* + *koji / koje*. Ana speaks: *imala sam, plivala sam*.	1
Ana remembers her first summer on an island. Tap **EN** next to any sentence to see its translation.	1
Passive words: *postoji* (there is), *zaboraviti* (to forget), *plovio* (was sailing), *izgledao* (looked), *postao* (became), *dok sunce nije zašlo* (until the sun set), *neka mjesta* (some places).	1
Postoji ljeto koje nikad neću zaboraviti. | There is a summer I will never forget.	1
Imala sam deset godina kad smo prvi put putovali na otok. | I was ten years old when we travelled to the island for the first time.	1
Dok je trajekt plovio, ja sam stajala i gledala galebove. | While the ferry was sailing, I stood and watched the seagulls.	1
Otok, koji je izgledao malen, postao je cijeli moj svijet. | The island, which looked small, became my whole world.	1
Plivala sam dok sunce nije zašlo, jer je more bilo toplo kao juha. | I swam until the sun set, because the sea was as warm as soup.	1
Ako jednog dana imam djecu, vodit ću i njih na isti otok. | If one day I have children, I will take them to the same island too.	1
Zato što neka mjesta nisu samo mjesta. Ona su uspomene. | Because some places are not just places. They are memories.	1
Comprehension on Ana's memory. The connectors lead to the answers: *kad* tells you how old she was, *dok* what she did on the ferry, *jer* why she swam so long, and the last line what some places really are.	1
*kad* → her age; *dok* → on the ferry; *jer* → why she swam.	1
Copy each connector back into its line. *Koje* describes the summer (a neuter noun), *kad* gives the time, *dok* two things at once, *jer* the reason and *ako* the plan. Read the whole line before you choose.	1
*koje* (the summer), *kad* time, *dok* at once, *jer* reason, *ako* plan.	1
Fill in the connector from the text.	1
Text 2: If it's sunny	1
Ana and Marko plan tomorrow, and nearly every line is a condition with *ako*: *ako je sunčano… ako pada kiša…* The other connectors come too — *koji* for the film, *iako* for the contrast and *dok* for two things at the same time.	1
*ako je sunčano, ako pada kiša*; *film koji…, iako je dug, dok ti biraš*.	1
Ana and Marko plan the weekend. Tap **EN** to see any line in English.	1
Passive words: *htio* (wanted), *onaj* (that one), *baš taj* (exactly that one), *kažu da* (they say that), *mislim* (I do the thinking).	1
— Marko, što radimo sutra ako je sunčano? | — Marko, what are we doing tomorrow if it's sunny?	1
— Ako je sunčano, idemo na rijeku! | — If it's sunny, we're going to the river!	1
— A ako pada kiša? | — And if it rains?	1
— Ako pada kiša, ostat ćemo doma i gledat ćemo film koji si htjela. | — If it rains, we'll stay home and watch the film you wanted.	1
— Onaj koji traje tri sata? | — The one that lasts three hours?	1
— Da, baš taj! Iako je dug, kažu da je odličan. | — Yes, exactly that one! Although it's long, they say it's excellent.	1
— Dobro. A ja kuham ručak dok ti biraš film. | — Fine. And I'll cook lunch while you choose the film.	1
— Dogovoreno! Vidiš zašto smo dobar tim: ti kuhaš, a ja mislim! | — Deal! See why we're a good team: you cook, and I do the thinking!	1
Match condition & plan	1
Each condition or time from Text 2 beside the plan that goes with it. *Ako* gives the condition, *dok* two things at once, and *iako* something true in spite of the other half.	1
*ako* → the plan; *dok* → at the same time; *iako* → in spite of.	1
Match the condition with the plan.	1
idemo na rijeku	1
ostat ćemo doma i gledat ćemo film	1
Ana kuha ručak	1
kažu da je odličan	1
tri sata	1
Rebuild the plan line by line. The sunny plan comes before the rainy one, the film comes up only in the rainy plan, and the lunch is decided after the film. The deal is the last line.	1
Sun, then rain, then the film, then lunch, then the deal.	1
Rebuild the weekend negotiation.	1
Text 3: Why I'm learning Croatian (an essay)	1
Ben's essay about learning Croatian, and the longest text of the course. Nearly every sentence uses a connector — *jer, kad, dok, ako* — or *koji* in several forms (*koji zvuči, koje je plavo, koji su stariji*). *Da* after *mislio sam* and *otkrio sam* means *that*.	1
*jer, kad, dok, ako*; *koji / koje / koji*; *mislio sam da* = I thought that.	1
Ben, who comes from Canada, writes about his Croatian. Tap **EN** to see any line in English.	1
Passive words: *pretežak* (too difficult), *otkrio* (discovered), *otkrivam* (I'm discovering), *stariji od mnogih država* (older than many countries), *stajao* (stood), *učenja* (of learning), *imao smisla* (made sense).	1
Zovem se Ben i dolazim iz Kanade. | My name is Ben and I come from Canada.	1
Učim hrvatski jer volim jezik koji zvuči kao glazba. | I'm learning Croatian because I love a language that sounds like music.	1
Kad sam prvi put čuo hrvatski, mislio sam da je pretežak. | When I first heard Croatian, I thought it was too difficult.	1
Ali otkrio sam da već znam mnogo riječi: banana, hotel, film, čokolada... | But I discovered that I already know many words: banana, hotel, film, chocolate...	1
Dok učim jezik, otkrivam i zemlju: more koje je plavo kao na slikama, gradove koji su stariji od mnogih država i ljude koji uvijek imaju vremena za kavu. | While I learn the language, I'm also discovering the country: a sea that is as blue as in the pictures, towns that are older than many countries, and people who always have time for coffee.	1
Ako jednog dana na rivi naručim kavu bez greške, znat ću da je svaki sat učenja imao smisla. | If one day I order a coffee on the waterfront without a mistake, I'll know that every hour of learning made sense.	1
A vi? Zašto vi učite hrvatski? | And you? Why are you learning Croatian?	1
Check each statement against Ben's essay. *Mislio sam da je pretežak* is what he thought at the start, *otkrio sam da već znam mnogo riječi* is what he found out, and the *koji* parts describe the country.	1
At the start: *pretežak*. Then: *već znam mnogo riječi*. *koji* describes the country.	1
The essay's key sentence	1
Copy the connectors back into Ben's key sentences. *Jer* gives his reason, *koji / koje* describe the language, the sea and the towns, *kad* and *dok* give the time, and *da* follows *mislio sam* and *znat ću*.	1
*jer* reason; *koji / koje* description; *kad, dok* time; *da* after *mislio sam*.	1
Fill in the connectors.	1
Text 4: A postcard from the island	1
A real postcard, the kind you still send from a Croatian island. It has a greeting, a few long sentences with *koju, iako, kad* and *da*, a signature and an address. Read it as a postcard: who writes, to whom, from where.	1
A real postcard: greeting, *koju, iako, kad, da*, signature, address.	1
Petra writes to Grandma from Brač. Tap **EN** to see any line in English.	1
Passive words: *Pozdrav s otoka* (Greetings from the island), *prekrasno* (wonderful), *vraćamo se* (we're coming back), *jedva čekam* (I can't wait), *puno pozdrava* (lots of love).	1
POZDRAV S OTOKA BRAČA! | GREETINGS FROM THE ISLAND OF BRAČ!	1
Draga bako, | Dear Grandma,	1
ovdje je prekrasno! More je toplo kao juha, a plaža koju vidiš na slici je blizu naše kuće. | it's wonderful here! The sea is as warm as soup, and the beach you see in the picture is close to our house.	1
Svaki dan plivam, iako je voda ujutro hladna. | I swim every day, although the water is cold in the morning.	1
Kad pada kiša, čitamo knjige i pijemo čaj. | When it rains, we read books and drink tea.	1
Mama kaže da se vraćamo u subotu. Jedva čekam tvoje palačinke! | Mum says we're coming back on Saturday. I can't wait for your pancakes!	1
Puno pozdrava, tvoja Petra | Lots of love, your Petra	1
Did you read the postcard?	1
Reading the postcard for the facts. Each answer is in one sentence: *koju* tells you which beach, *iako* what is true in spite of the swimming, *kad* what happens on rainy days, and *da* what Mum says.	1
*koju* → the beach; *iako* → the cold water; *kad* → rainy days; *da* → Mum's plan.	1
Answer from the postcard.	1
Text 5: Four summers	1
A puzzle rather than a story. Four friends spent the summer in four different places, and every clue joins two thoughts with *jer, iako* or *ali*. Start with Marko: two clues are enough to place him.	1
Four friends, four summers, no labels. Read it twice before you answer.	1
Passive words: *svatko* (each one), *negdje drugdje* (somewhere else), *ove godine* (this year), *tamo* (there).	1
Ana, Marko, Petra i Ivan su ljeto proveli na četiri mjesta: na otoku, na planini, u Splitu i u Zagrebu. | Ana, Marko, Petra and Ivan spent the summer in four places: on an island, in the mountains, in Split and in Zagreb.	1
Svatko je bio negdje drugdje. | Each one was somewhere else.	1
Ana nije bila na moru, jer ne voli more. | Ana wasn't at the seaside, because she doesn't like the sea.	1
Marko je plivao svaki dan. | Marko swam every day.	1
Iako Marko voli Split, ove godine nije bio tamo. | Although Marko likes Split, this year he wasn't there.	1
Petra nije bila ni u Zagrebu ni na otoku. | Petra was neither in Zagreb nor on the island.	1
Petra cijelo ljeto nije plivala. | Petra didn't swim all summer.	1
Ivan je bio u gradu, ali ne u Zagrebu. | Ivan was in a city, but not in Zagreb.	1
Tko je bio gdje? | Who was where?	1
Deduction from the clues. Marko swam every day but was not in Split, so he was on the island. Ivan was in a city but not in Zagreb, so he was in Split. Petra did not swim and was not in Zagreb, so she was in the mountains, and Ana was in Zagreb.	1
Marko first (the island), then Ivan (Split), Petra (the mountains), Ana (Zagreb).	1
Nobody says who was where. Work it out from the text.	1
One tap finishes *koj___*, and almost every sentence comes from the five texts. A masculine noun and a group of people take **-i**, a feminine noun **-a**, a neuter noun and a feminine plural **-e**, and a feminine noun that is the target in its own sentence **-u**.	1
Almost every sentence came out of the five texts. One tap finishes *koji*.	1
There is a summer I will never forget.	1
The island, which looked small, became my world.	1
We'll watch the film you wanted.	1
The one that lasts three hours?	1
I love a language that sounds like music.	2
A sea that is as blue as in the pictures.	1
People who always have time for coffee.	1
The beach you see in the picture is close to the house.	1
Towns that are older than many countries.	1
That's the postcard Petra sent.	1
Petra has a dog that loves swimming.	1
The water that is cold in the morning.	1
The books we read when it rains.	1
The pancakes Grandma makes are excellent.	1
A memory I will never forget.	2
Why, when, if or although?	2
Sorting sentences from the texts by the meaning of their connector. *Jer* and *zato što* give a reason; *kad* and *dok* give the time; *ako* gives a condition; *iako* gives a contrast — something that is true in spite of the other half.	1
Why, when, if or although? Sort the sentences from the texts.	1
Now YOU remember	1
Your turn: a friend asks about the summer you will never forget. Your answers use *kad, jer, koji* and *iako*, and where your gender shows (*bio / bila*), both forms are offered. The friend reacts to the place you choose.	1
*kad, jer, koji, iako*; *bio / bila* in both forms. Your friend reacts.	1
A café, a friend and old memories. Choose your replies. Passive words: *zaboraviti* (to forget), *sjećam se* (I remember), *još uvijek* (still), *Idemo zajedno!* (Let's go together!).	1
English in, Croatian out, built from tiles taken from the five texts — your graduation sentences. The connector opens its own half, short words take the second place right after it, and *koji* stands right after its noun.	1
Connector opens its half; short words right after it; *koji* after its noun.	1
Read the English sentence, then build its Croatian translation — your graduation sentences!	1
en: I'm learning Croatian because I love a language that sounds like music.	2
en: If it rains, we'll stay home.	1
en: Some places are not just places.	1
en: There is a summer I will never forget.	1
en: I was ten years old when we first travelled to the island.	1
en: While the ferry was sailing, I watched the seagulls.	1
en: If it's sunny, we're going to the river!	1
en: Although the film is long, they say it's excellent.	1
en: I'm cooking lunch while you choose the film.	1
en: When I first heard Croatian, I thought it was too difficult.	1
en: The beach you see in the picture is close to our house.	1
en: I swim every day, although the water is cold.	1
en: Mum says we're coming back on Saturday.	1
en: Ana wasn't at the seaside, because she doesn't like the sea.	1
en: And you? Why are you learning Croatian?	1
A last timed picture-to-word tap over a Croatian summer. Everything is in its naming form; make a sentence with it in your head as you tap — *Ljeto koje nikad neću zaboraviti… Trajekt koji plovi na otok…*	1
Naming forms. Think *trajekt koji plovi, more koje je plavo*.	1
The last ferry of the summer is leaving! A picture appears — tap the balloon with its word before it floats away.	1
sand	7
Final challenge	1
The last page of the course's reading. Say your own answer to the essay's question out loud, in one sentence with *jer* or *koji* — there is no wrong answer here, only your own Croatian.	1
Your own answer, out loud: one sentence with *jer* or *koji*.	1
And now — say YOUR answer out loud: **Zašto vi učite hrvatski?**	1
One sentence with *jer* or *koji*. There's no wrong answer — only your own first real Croatian thought.	1
Sort the adjectives — Lesson 1	1
Each noun likes adjectives that sound like it. Tap a word, then the column it belongs to!	1
velika | KUĆA	1
veliko | MORE	1
nova | KUĆA	1
novo | MORE	1
stara | KUĆA	1
staro | MORE	1
dobro | MORE	1
Build the sentence — Lesson 1	1
Arrange the tiles in the right order to build the sentence.	1
More je plavo i toplo.	1
Test 5: Shopping & the Feminine Accusative	1
peach	8
strawberry	6
carrot	9
beans	6
potato	5
vegetables	7
fruit	6
bottle	7
price	9
box	8
to look for	7
to choose	7
to take	11
to sell	5
fresh	5
expensive	11
cheap	10
biscuit	1
sir	1
butcher	1
to bring	7
to count	7
tasty	2
MIJENJA SE (-a → -u)	22
The heart of this level. Ends in -a → it changes in the accusative. Anything else → it stays exactly as it is.	1
Read each sentence and decide what job the feminine word is doing in it.	1
Sort each place by the word it takes when you are going there. Can you shut a door behind you? Then u. Open sky or an occasion? Then na.	1
The English is above. One tap: naming takes **-a**, target takes **-u**.	1
The noun already has its ending — the adjective has to match it. Same letter, twice in a row.	1
The yellow pear is good.	1
I'm eating a yellow pear.	1
Type the accusative form of the word.	1
Where are you going?	1
Idem ___ . (more)	1
Not about level 5 — everything here comes from the levels before it.	1
en: I'm drinking coffee.	1
en: I'm eating an apple.	1
en: I need water.	1
en: I love chocolate.	1
en: Ana is buying fish.	1
en: Ana is paying for the cake.	1
en: I'm carrying the bag.	1
en: I'm choosing a pear.	1
en: I'm looking for the market.	1
en: Ana is reading a book.	1
en: I'm buying fish and salad.	1
en: I'm drinking black coffee.	1
en: I'm buying fresh fish.	1
en: I'm cooking warm soup.	1
en: I need a small bag.	1
en: I love sweet chocolate.	1
en: I'm going to the shop.	1
en: I'm going to the market.	1
en: Let's go for a coffee.	1
en: I'm going to the market because I need fresh fish.	1
en: I drink black coffee and eat sweet pie.	1
en: I'm going to the shop, and you are going to the market.	1
en: I love Saturday because I don't go to school.	1
Ana is reading a book.	1
I'm drinking black coffee.	1
I'm going to the shop.	1
I'm going to the market.	1
I'm going to school.	1
I'm going to the beach.	1
I'm going to work.	1
I'm buying fish and salad.	1
Test 6: The City & the Full Accusative	1
gasoline	6
fuel	5
park	4
kiosk	3
gallery	6
cathedral	5
tunnel	5
floor	5
man	2
customer	5
pigeon	4
to enter	5
to cross	10
to hurry	10
motorbike	3
bookshop	1
statue	1
passenger	2
mechanic	1
seller	1
crow	1
to ask	9
to shout	1
to exit	1
"Does it change after ""vidim""?"	2
The complete accusative map. Feminine -a and living masculines change; things and neuters don't.	1
The fleeting *a*. Anything ending in **-ac** almost certainly loses a letter when the ending arrives.	1
*ga* stands in for masculine and neuter, *je* for feminine. The gender decides — not whether it is alive.	1
Masculine words only. A being takes **-a**, a thing takes nothing.	1
I see the bridge.	1
Three buttons, three outcomes. Feminine takes **-u**, a masculine being takes **-a**, a masculine thing takes nothing.	1
I'm looking at the pigeon.	1
I'm buying a ticket.	2
I'm looking for the stop.	2
I'm waiting for the driver.	1
Say the same sentence again, with a pronoun instead of the noun.	1
Answer *Da*, but don't say the noun again — swap it for its pronoun.	1
Not about level 6 — everything here comes from the levels before it.	1
en: I'm waiting for the tram.	1
en: I'm waiting for a friend.	1
en: Marko is calling the waiter.	1
en: I see the police officer.	1
en: I'm buying a ticket.	1
en: I'm looking for the stop.	1
en: I see him.	1
en: I'm reading it. (the book)	1
en: Ana is waiting for me.	1
en: I love you.	1
en: The waiter sees us.	1
en: I'm calling them.	1
en: It's him I see, not you.	1
en: I'm waiting for a friend because he drives a car.	1
I see a man and a dog.	1
Marko is calling the waiter.	1
The police officer is watching the traffic.	1
The man is walking the dog.	1
I see the police officer.	1
I'm driving a car.	1
The street is full.	1
The tram is full.	1
Test 7: The Plural System	1
pen	7
lesson	8
answer	11
word	6
question	8
experience	5
report	6
document	6
year	7
mathematics	3
geography	5
biology	4
physics	3
chemistry	5
history	5
to play a game	3
to play an instrument	3
to practice	5
to repeat	5
to answer	8
loudly	7
quietly	5
quickly	5
interesting	5
boring	6
class	2
classmate	1
woman	1
notebook	7
ruler	1
desk	1
reading	1
sentence	6
knowledge	6
mouth	4
choir	2
violin	1
keyboard	1
game	1
field	1
story	6
to play	4
to play music	1
to learn	1
difficult	1
Regular, -ovi or rebel?	1
Most words follow the trio, one-syllable masculines pad with **-ovi**, and four do their own thing entirely.	1
Only the *oni* form. The *ja* form is in brackets — let the family decide: **-am → -aju**, **-im → -e**, **-em → -u**.	1
The exams are hard.	1
I see the cities.	1
The parents are listening.	1
I'm calling the parents.	1
test →	1
Not about level 7 — everything here comes from the levels before it.	1
en: The children are eating apples.	1
en: The cities are old, but they are beautiful.	1
en: The pupils are singing new songs.	1
en: I see the old cities.	1
en: I see the pupils and I call them.	1
en: We are waiting for our friends.	1
en: You all answer quickly.	1
The girls are singing songs.	1
The children are eating apples.	1
I'm reading new books.	1
I'm waiting for my friends.	1
We are waiting for our friends.	1
The parents listen.	1
Nobody likes physics.	1
They are brothers.	1
Test 8: Summer Plans & the Future	1
village	5
campsite	5
way	2
journey	4
day trip	4
holiday	8
adventure	3
destination	3
reservation	5
plan	3
luggage	5
dress	7
month	5
spring	5
autumn	6
to plan	3
to rest	7
to arrive	7
to set off	10
to fly	7
shore road	1
peninsula	1
hill	1
camp bed	1
put	1
map	5
traveller	1
tour	3
rest home	1
direction	5
port	1
platform	1
receipt	2
reception	1
blanket	1
mattress	1
jumper	1
skirt	1
glove	1
to sail	5
to eat breakfast	1
to wake someone	1
to prepare	1
to pack	1
to catch	1
to move house	1
to fall	5
Present or future? Sort the sentences.	1
In front of *ću* the verb drops its final **-i**. Anywhere else it keeps it.	1
I will train in the evening.	2
Type the future stem	1
You get the infinitive — type the form that stands in front of *ću*.	1
bit	1
Not about level 8 — everything here comes from the levels before it.	1
en: I will swim every day.	2
en: I won't wear a coat.	1
en: I won't train today.	1
en: She won't work on Sunday.	1
en: He wants to, but I won't.	1
en: We won't get up early because it's a holiday.	1
No tiles, no options. Read the English and write the whole Croatian sentence. Both word orders count, and so does the pronoun.	1
In the evening we will take walks.	1
It will be perfect!	1
I won't study.	1
I won't wear a coat.	1
She won't work on Sunday.	1
We won't go to the cinema.	1
Dad will drive.	1
Marko will fly.	1
Luka will stay at home.	1
I will carry the suitcase to the station.	1
We will watch the match.	1
I will go to the sea.	1
They won't sleep.	1
Test 9: Possessives	1
player	4
stadium	5
photography	3
face	4
neck	5
skin	6
blood	4
bone	5
strict	5
fair	3
free	5
different	4
favorite	4
my	2
your	2
his	5
your (one person)	2
our	6
their	5
her	4
your (plural or polite)	2
one's own	2
somebody else's	1
nobody's	1
to cheer	3
to paint	1
to take pictures	1
elbow	1
chest	1
same	1
Which form of *moj* does each noun take? The last letter of the noun decides. One word ends in a consonant and is still feminine — *momčad*.	1
JEDNINA	9
MNOŽINA	11
Is the possessive standing in front of one thing or several? The ending on both words tells you.	1
The English is above. One tap completes the possessive — read the Croatian noun, not the English.	1
Your stadium is big.	1
My arm is strong.	1
Our club is winning.	1
His face is sad.	1
Svaki igrač nosi ___ loptu. (his own)	1
It is grandma's house.	1
___ hobiji su različiti. (my)	1
___ stadion je velik. (your, plural)	1
___ lopta je crvena. (your, one person)	1
A word in **-a** takes **-in**, any other takes **-ov**. Then the noun finishes the word.	1
Read: the Kovač family	1
Read the text, then answer. Every word you need is in the text itself.	4
tatin	1
mamin	1
Lukin	1
mamina	1
tatina	1
Not about possessives — everything here comes from levels 5 to 8.	1
en: My sister plays the guitar.	1
en: His jersey is blue, and mine is red.	1
en: My knee hurts.	1
en: Marko loves his own club.	1
en: Ana brings her own ball to training.	1
en: Your team plays well.	1
en: Her songs are beautiful.	1
en: Grandma's house is old.	1
No tiles, no options. Read the English and write the whole Croatian sentence.	11
His jersey is blue.	1
Our hobbies are different.	1
That is Marko's jersey.	1
That is Ana's camera.	1
Grandma's house is old.	1
Marko loves his own club.	1
Ana brings her own ball.	1
Her songs are beautiful.	1
Everyone loves their own club.	1
Test 10: Yesterday & the Past Tense	1
drama	3
action film	5
TV program	4
exhibition	4
work	2
last night	6
the day before yesterday	5
this morning	6
before	7
then	5
recently	5
usually	5
again	12
soon	6
briefly	5
was	2
watched	1
slept	1
drank	1
ate	1
read	1
played	1
studied	1
sang	1
cooked	1
swam	1
worked	1
went	2
came	2
saw	2
got up	1
knew	1
had	1
tonight	1
the day after tomorrow	1
last week	3
at noon	1
after	5
during	6
long ago	1
suddenly	6
later	1
will be	1
goes	1
will go	1
comes	1
will come	1
sees	1
will see	1
Who could say this, or what is it said about? Read only the ending.	1
Is it happening now, or did it happen yesterday? The helper is the giveaway.	1
The English is above. One tap completes the participle — find the subject first.	1
The participle is written and the helper is missing. It comes from the person.	1
gledati (he) →	1
čitati (she) →	1
Rewrite in the past. Where the subject is *I* or *you*, either gender is accepted.	1
Read: Marko's Saturday	1
Not about the past tense — everything here comes from levels 5 to 9.	1
en: There was no sun, but it was nice.	1
en: Everything was perfect.	1
I didn't have time.	2
Test 11: Questions & Numbers	1
whom	4
isn't it	2
fifty	4
present	4
birthday	4
candle	6
surprise	5
idea	4
why not	1
ninety	3
a thousand	4
heavy	2
How big is the number?	1
1–10	8
11–20	8
VIŠE OD 20	5
Sort each number by its size.	1
The English is above. One tap makes the question word match its noun.	1
Choose the correctly built question.	1
Turn the statement into a *li* question.	1
Read: the quiz show	1
Not about questions — everything here comes from levels 6 to 10.	1
Jučer sam ___ film. (gledati, m.)	2
Nisam ___ jer je bila subota. (raditi, m.)	1
The English is above — tap the tiles to build the Croatian question.	1
en: How old are you?	1
en: Why are you studying Croatian?	1
en: What is the coffee like?	1
en: Which film are we watching tonight?	1
en: Whose ticket is this?	1
en: Whom are you waiting for at the station?	1
en: Did you watch the match?	1
en: Do you have a sister?	1
No tiles, no options. Read the English and write the whole Croatian question.	1
Test 12: Negation & Food	1
nobody (target)	1
not a single one	3
but rather	2
at all	4
chicken	2
beef	3
peas	4
butter	4
taste	1
spicy	4
bland	6
greasy	2
raw	4
tip	4
nekad	1
not even	1
maybe	4
also	1
only	2
neither	1
pepper	1
walnuts	1
bljutav	1
juicy	3
portion	2
dessert	4
to cut	2
to fry	1
The English is above. One tap in front of the word — or none, if the sentence is positive.	1
Negate each sentence.	1
Answer each question with one negative word.	1
Read: the empty fridge	1
Read the text, then answer. Passive words: *otvara* (opens), *hladnjak* (fridge), *nema mlijeka, sira, jaja* (there is no milk, cheese, eggs), *za jelo* (to eat), *odgovara* (answers).	1
Not about negation — everything here comes from levels 7 to 11.	1
Build the sentences	9
The English is above — tap the tiles to build the Croatian sentence.	9
en: I'm not hungry.	1
en: We don't have fish today.	1
en: I won't order pizza.	1
en: I never drink milk.	1
en: Nobody likes bitter coffee.	1
en: I'm not waiting for anybody.	1
en: I don't drink coffee, I drink tea.	1
en: The coffee isn't strong, but it's warm.	1
en: I no longer eat meat.	1
en: I haven't paid the bill yet.	1
en: This soup isn't tasty.	1
en: Unfortunately, I don't want anything.	1
Somebody is eating my pizza.	1
Test 13: Where Are You? The Locative	1
university (faculty)	4
clinic	3
kindergarten	5
swimming pool	4
factory	5
parking lot	4
harbor	5
center (of town)	3
bedroom	4
living room	3
basement	6
attic	6
stairs	6
elevator	5
yard	4
shelf	5
sofa	3
armchair	5
rug	5
mirror	5
shower	3
to reside	2
to tidy up	3
to visit	6
to park	4
to open	4
to close	4
to meet	5
to build	5
open	3
closed	4
upstairs	2
downstairs	3
where to	2
about	2
peace, quiet	3
noon	5
afternoon	2
quiet	1
Where to, where, or about?	1
Going there, being there, or talking about it? Read the verb and the preposition.	1
The ending is already there. Which preposition goes in front of each place?	1
The English is above. One tap finishes the locative — watch the feminine words in *-ka* and *-ga*.	1
Grandma is at the pharmacy.	1
The milk is in the fridge.	2
The letter is in the book.	1
Ana works at the clinic.	1
The children are at the kindergarten.	1
The books are on the shelf.	1
The dog is sleeping on the sofa.	1
The car is in the garage.	1
Marko has a key in his hand.	1
The students are at the university.	1
The mirror is in the bathroom.	1
The car is in the parking lot.	1
Going there or already there? Read the verb, then choose the form.	1
About me, about you	1
After *o* only the locative is correct. Choose the form.	1
One place or many?	1
The bracket says one place or several. Pick the right form.	1
Mama je u ___ . (bank, one)	1
Type the place in the locative. The preposition is already there.	1
Now they are there	1
They went — now they are there. Type the preposition and the place.	1
Read: the lost key	1
Not about the locative — everything here comes from levels 8 to 12.	1
Čija je ovo lopta? — ___ . (mine)	1
Ana ___ pjevala. (not)	2
en: I'm in town.	1
en: Ana is at the gym, and Marko is at the cinema.	2
en: Mum is at the bank, and Dad is at the office.	1
en: The milk is in the fridge.	1
en: Grandma lives in the center.	1
en: I'm going to the pharmacy because Mum is at the pharmacy.	1
en: The car is in the garage, and the cat is on the roof.	1
en: We're talking about Grandma and Grandpa.	1
en: They're talking about you.	1
en: What are you talking about?	1
en: The tourists are on the islands.	1
en: The key is in the wardrobe, in the hallway.	1
en: I live in Croatia.	1
en: In the morning I'm at the bakery, and in the evening at the theater.	1
en: Marko is at the university, and Petra is at the library.	1
We live in the center.	1
Grandma is at the bank.	1
Marko is at the university.	1
I'm going to the post office.	1
They're talking about you.	1
We were at the seaside.	1
Test 14: Dative & Locative	1
postcard	5
toy	3
necklace	4
ring	4
wallet	5
soap	3
vase	3
tie	3
souvenir	3
neighbour (f.)	3
nephew	5
niece	5
cousin (f.)	3
godfather	1
colleague (f.)	4
boss (f.)	3
December	4
news	5
advice	5
smile	4
help	3
love	4
agreement	3
permission	3
message	6
address	4
signature	5
special	5
useful	4
for free	5
everyone	3
to whom	2
to show	5
to explain	10
to believe	4
to thank	6
to lend	5
to give back	5
to receive	5
granddaughter	2
November	1
January	1
New Year	1
practical	2
Which ending does each word take as the receiver? Look at the last letter.	1
The English is above. One tap finishes the receiver — one person or several?	1
I'll lend my nephew an umbrella.	2
I'm sending Grandma chocolate.	1
I'm giving the dog nothing.	2
I'll thank my niece.	1
Choose the receiver's form. The bracket gives the naming form where you need it.	1
Same ending, different job. Which question does the form in **-i**, **-u** or **-ima** answer?	1
Replace the receiver in CAPITALS — the short form can never open the sentence.	1
Read: the parcel without an address	1
Read the text, then answer. Passive words: *u prosincu* (in December), *piše* (it says), *Sretan Božić* (Merry Christmas), *naravno* (of course), *dobre vijesti* (good news), *stigao* (arrived).	1
Not about the dative — everything here comes from levels 9 to 13.	1
en: Who are you writing a greeting card to?	1
en: I'm helping Dad in the garden.	1
en: I'm giving the dog nothing!	1
en: I'm writing my friends an e-mail.	1
en: Grandma is sending me a package.	1
en: I'm giving him a ball because it's his birthday today.	1
en: I'll buy her a scarf for Christmas.	1
en: I'm sending it to her tomorrow.	1
en: He's sending the package to me, not to you!	1
en: I'll lend my nephew an umbrella.	1
en: I trust you.	1
en: The postman brings the neighbour the newspaper.	1
Test 15: Module C — Four Cases	1
The words of Level 15: going out, getting there and the weather. Nouns are in their naming form and verbs in the infinitive. Watch the look-alike pair *polazak* and *dolazak*, and *vrijeme*, which is both the weather and the time.	1
Level 15 words: going out, transport, weather. *polazak / dolazak*.	1
party	6
young man	4
couple, pair	3
crowd	5
meeting	5
midnight	4
(at/to) home	2
better	3
less	2
scooter	4
van	3
truck	5
pedestrian	4
departure	6
arrival	6
slow	4
to meet, to get to know	3
to arrange	7
to be late	5
to celebrate	4
to invite	7
to take (someone), to lead	3
to enter, to go in	3
weather, time	1
cloud	5
fog	4
storm	5
thunder	3
downpour	4
rainbow	5
forecast	3
season	4
sunny	3
cloudy	5
windy	3
heat	4
Recognition of the Level 15 words, with three meanings to choose from. The wrong options come from the same group of words — weather, transport, going out — so read the whole list before you tap.	1
Level 15 words; the wrong options come from the same group.	1
a dinner	1
a meeting	1
couple	1
by bike	1
delay	1
late	4
to lead	2
temperature	2
Sorting instrumentals by their job. With *s* or *sa* in front the form means company — a person, or something that comes along. Alone it is the way you travel or the tool you use. The little word in front decides it.	1
*s / sa* → company. Alone → vehicle or tool.	1
Company or means? Sort each sentence.	1
Which question?	1
The four cases of Module C side by side. The question word shows the case: *kamo?* takes the accusative after *u / na*, *gdje?* the locative, *komu?* the dative, and *s kim?* or *čime?* the instrumental. Ask each sentence its question before you sort it.	1
*Kamo?* accusative, *Gdje?* locative, *Komu?* dative, *S kim? Čime?* instrumental.	2
KOMU?	5
S KIM? ČIME?	5
Which question does the last word answer? Sort each sentence.	1
One tap for the instrumental. In the singular most words take **-om** and a soft ending takes **-em**; in the plural the ending is **-ima**, or **-ama** for words in **-a**. The English shows whether it is one or many.	1
Singular **-om / -em**, plural **-ima / -ama**. The English shows one or many.	1
The English is above. One tap puts the word in the instrumental.	1
I'm going to the party with Ivan.	1
We're travelling to the island by ferry.	1
Ana is dancing with a young man.	1
I drink tea with honey.	1
Pancakes with strawberries, please.	1
Ivan goes to work by scooter.	1
Mum is going to the cinema with her colleagues.	1
Coffee with milk, please.	1
Marko is travelling by van.	1
Grandma is travelling with her sisters.	1
The child is running with a balloon.	1
Choosing the correct instrumental. The wrong options keep the naming form after *s*, use the ending of another case, or give a soft word the hard ending *-om*. The word in brackets gives you the naming form.	1
No naming form after *s*; soft words take **-em**; plural **-ima / -ama**.	1
Which question word?	1
Choosing the question that fits the answer. *S kim?* asks for a person with *s*, *čime?* for a vehicle or a tool, *komu?* for a receiver and *gdje?* for a place. *Kamo?* asks about a direction, and *o kome?* about the person you talk about.	1
*S kim?* person; *Čime?* vehicle, tool; *Komu?* receiver; *Gdje?* place; *Kamo?* direction.	1
Read the answer, then choose the question word.	1
With me, with you	1
The company forms of the pronouns from Grammar 15. *Ja* gives *sa mnom*; every other pronoun takes plain *s*: *s tobom, s njim, s njom, s nama, s vama, s njima*. The wrong options put the naming form or the dative after *s*.	1
Choose the company form of the pronoun.	1
Ideš li ___ u kino? (with me)	1
Idem ___ . (with you, a friend)	1
Idete li ___ ? (with us)	1
Putujem ___ . (with you, polite)	1
S kim plešeš? — ___ . (with him)	1
Tko putuje ___ ? (with me)	1
One word, four cases	1
The same noun in four jobs, the core of Module C. After *u / na* a direction takes the accusative and a place the locative; a receiver takes the dative; company and means take the instrumental. The question in your head decides the ending.	1
The naming form is in brackets. Choose the form that fits the sentence.	1
You type the instrumental and decide what goes in front. People and things that come along take *s*, or *sa* before s, š, z, ž; a vehicle or a tool takes nothing. A pronoun takes its company form, and a group takes **-ima** or **-ama**.	1
Company *s / sa* + instrumental; vehicle or tool alone; *sa mnom*; plural **-ima / -ama**.	1
Short answers across the four cases of Module C. The question word decides the form: *s kim?* and *čime?* the instrumental, *komu?* the dative, *gdje?* and *o kome?* the locative, *kamo?* the accusative. The word in brackets is your answer.	1
*S kim? Čime?* instrumental; *Komu?* dative; *Gdje? O kome?* locative; *Kamo?* accusative.	1
Read: Grandma's birthday trip	1
A short story with all four cases of Module C. Before you answer, find the key word in the question — *s kim, kako, komu, gdje* — and look for the same kind of form in the text.	1
Find the question word, then the matching form in the text.	1
Read the text, then answer. Passive words: *ih* (them), *najljepši* (most beautiful).	1
The rest of Module C and a little from before it: question words, negation, the locative, the dative and the perfect. Each item comes from a lesson you have finished, so read the brackets and the English carefully.	1
Module C review: questions, negation, locative, dative, plus the perfect.	1
Not only the instrumental — everything here comes from levels 8 to 14.	1
Danas ___ ne ide u kino. (nobody)	1
Mi ___ auto. (we don't have)	1
Whole sentences from Module C, built from tiles. *S* or *sa* stands directly before the company, a vehicle has nothing in front of it, a receiver often takes the first tile, and short words such as *je* and *li* take the second place.	1
*s / sa* before the company; nothing before a vehicle; *je, li* second.	1
en: Who are you going to the concert with?	1
en: On Friday evening I'm going out with friends.	1
en: We're travelling to the island by ferry.	1
en: Ana drinks coffee with milk, and Marko tea with lemon.	1
en: Are you coming to the cinema with me?	1
en: I'm not going by car, but by train.	1
en: I'm travelling by train with Marko.	2
en: We're going by taxi, because it's raining.	1
en: I'm having dinner with her in a restaurant.	1
en: A pizza with mushrooms and a juice, please.	1
en: I'm waiting for you at the station.	1
Free production from English, the hardest step. Company takes *s* or *sa* with the instrumental, a vehicle takes the instrumental alone, a receiver the dative and a place the locative. Where the speaker's gender shows, both forms are accepted.	1
Company *s / sa*; vehicle alone; receiver dative; place locative. Both genders accepted.	1
Tea with lemon, please.	1
Are you coming with me?	1
She goes to work by bus.	1
I'm dancing with him.	1
Ana is in the café.	1
I was late.	1
It's raining.	1
Nobody goes by taxi.	1
Test 16: The Genitive	1
The words of Level 16: the house, the garden, the little words that take the genitive, and ten verbs. Nouns are in their naming form, verbs in the infinitive. Watch the pairs that look alike: *iznad* and *ispod*, *ispred* and *iza*.	1
Level 16 words. Watch *iznad / ispod*, *ispred / iza*.	1
curtain	4
furniture	3
washing machine	3
sink	5
pot	6
bowl	4
teapot	3
doorbell	3
lock	4
plant	3
stone	4
from, out of	3
from, of	2
to, until	2
at someone's place	2
in front of	5
behind	8
above	6
under	7
between	6
over, across	3
except	5
instead of	6
outside (of)	3
From where?	3
to lock	5
to change	5
to turn on	3
wooden	3
century	5
sound	5
beginning	5
end	6
highway	4
mint	3
chamomile	3
Recognition of the Level 16 words, with three meanings to choose from. The wrong options come from the same group — little words, kitchen things, verbs — so the pairs that look alike are the real test.	1
Level 16 words; the wrong options come from the same group.	1
until	2
outside	3
over	1
inside	1
Where to?	1
Where?	1
Sorting nouns by their genitive ending. Masculine and neuter nouns take **-a** — also those in **-o** and **-e**. Feminine nouns in **-a** take **-e**, and feminine nouns that end in a consonant take **-i**.	1
m./n. **-a**; f. in **-a** **-e**; f. on a consonant **-i**.	1
Which ending does each noun take in the genitive?	1
Sorting sentences by the job of the genitive. The owner after a thing is belonging; a genitive after *bez, iz, kod, ispod…* follows a little word; after *nema* something is missing; and after 2, 3 or 4 it follows a number.	1
One tap for the genitive. Masculine and neuter nouns take **-a**, feminine nouns in **-a** take **-e**, and feminine nouns that end in a consonant take **-i**. A word that has lost its *a* only needs the ending: *lonc___, ručk___*.	1
The English is above. One tap puts the word in the genitive.	1
Coffee without milk, please.	1
The picture hangs above the sink.	1
The key is under the bowl.	1
A piece of stone is on the table.	1
Behind the fence grass grows.	1
The house is two centuries old.	1
The present is from the family.	1
The smell of soup is in the kitchen.	1
I drink juice instead of coffee.	1
The colour of the pot is red.	1
The garden is next to the house.	1
Choosing the correct genitive. The wrong options put the naming form or a form from another case after the little word — the target form, the place form or the company form. Only the genitive fits after *bez, iz, kod, ispod* and *nema*.	1
After *bez, iz, kod, ispod…* and *nema*: only the genitive.	1
sole	1
Pick the little word	1
Choosing the little word from its English meaning. All of them take the genitive, so the ending does not help: the meaning in brackets decides. Keep *iznad* and *ispod*, *ispred* and *iza*, *osim* and *umjesto* apart.	1
The meaning decides. *iznad / ispod*, *ispred / iza*, *osim / umjesto*.	1
Slika visi ___ stola. (above)	1
Vrt je ___ kuće. (behind)	1
___ noći pada snijeg. (during)	1
Kuća je ___ grada. (outside)	1
After the number	1
Choosing the form after a number. After 2, 3 and 4 the noun takes the genitive singular (*dvije kave, tri soka*), and from 5 up the genitive plural (*pet kava, deset sokova*). *Dva* goes with masculine and neuter words, *dvije* with feminine ones.	1
2–4: genitive singular; 5+: genitive plural. *dva* m./n., *dvije* f.	1
___ sestre (two)	1
___ brata (two)	1
Telling the genitive apart from the other cases. The same ending can belong to two cases — *brata* is the target in *Čekam brata* and the genitive in *kod brata* — so ask the question the sentence answers: *čega?*, *koga?*, *komu?*, *gdje?* or *s kim?*	1
Ask the question: *čega? / koga?* genitive; *komu?* dative; *gdje?* locative; *s kim?* instrumental.	1
You type the genitive after the little word, *nema* or the owned thing. Masculine and neuter nouns take **-a**, feminine nouns in **-a** take **-e**, and feminine nouns on a consonant take **-i**. Watch the words that lose an *a*: *lonac → lonca*.	1
**-a / -e / -i**. *lonac → lonca, ručak → ručka*.	1
Type the genitive of the word in brackets.	1
With me, without you	1
The pronoun after a little word takes its long form, the same as the long target form: *mene, tebe, njega, nas, vas, njih*. Only *ona* has its own genitive, *nje*. The last two items ask for the question words *koga* and *čega*.	1
Read: the key to the cellar	1
A short story with the genitive in almost every sentence: places after little words, a number, *nema* and a thing that belongs to something. Find the little word from the question in the text before you answer.	1
Find the little word from the question in the text.	1
Read the text, then answer. Passive words: *rastu* (grow), *ključ od podruma* (the cellar key), *ga* (it), *na kraju* (in the end), *nađe* (finds).	1
A review of Module C and the perfect: the instrumental, the dative, the locative, questions and negation. Each item comes from a level you have finished, so read the brackets carefully.	1
Review: instrumental, dative, locative, questions, negation, the perfect.	1
Not about the genitive — everything here comes from levels 8 to 15.	1
Whole sentences with the genitive in all its jobs, built from tiles. The genitive follows the thing it belongs to, the little word, *nema* or the number, and a comma comes before *a* and *ali*.	1
Genitive after the thing, the little word, *nema* or 2–4. Comma before *a, ali*.	1
en: I drink coffee without sugar and without milk.	1
en: We're travelling from Zagreb to the sea.	1
en: Next to the house there's a garden, and behind the house a fence.	1
en: Where are you from? — From Split.	1
en: At Grandma's there's no internet, but there's no hurry either.	1
en: The cat sleeps under the bed.	1
en: The picture hangs above the sink.	1
en: After lunch I drink mint tea.	1
en: The key is with me.	1
en: Two coffees and three juices, please.	1
en: I have two brothers and two sisters.	1
en: How many coffees do you drink a day?	1
en: Instead of coffee I drink tea.	1
en: The house is two centuries old.	1
Free production from English. The genitive follows little words, *nema* and numbers, and the owner comes after the thing. A pronoun after a little word takes its long form. Where Croatian allows more than one word order, the usual ones are accepted.	1
I come from Split.	1
The cat is under the table.	1
The garden is behind the house.	1
I'm not going without you.	1
Three coffees, please.	1
Five juices, please.	1
Test 17: The Imperative	1
The words of Level 17: the kitchen, directions, the verbs that give orders and the three modal verbs. Nouns are in their naming form, verbs in the infinitive. Watch the direction pairs: *lijevo / desno*, *naprijed / natrag*, *sjever / jug*, *istok / zapad*.	1
Level 17 words. Watch *lijevo / desno*, *naprijed / natrag*, *sjever / jug*.	1
pepper (spice)	3
oven	7
stove	5
yeast	3
ingredient	4
teaspoon	5
food	3
roundabout	4
corner	4
sign	5
to add	5
to mix	5
to heat up	4
to flip, to turn over	4
to put	6
to turn (left or right)	5
can, to be able to	4
must, to have to	4
don't	1
side	3
north	5
south	4
east	5
west	4
kilometre	1
then, after that	3
instruction	2
exactly	5
about, approximately	5
enough	4
Recognition of the Level 17 words, with three meanings to choose from. The wrong options come from the same group — kitchen, directions or verbs — so the pairs that belong together are the real test.	1
Level 17 words; the wrong options come from the same group.	1
vinegar	2
recipe	2
to flip	1
to go back	1
Sorting orders by who they are for. Without **-te** the order is for one person you call *ti*; with **-te** it is for a group or for someone you call *vi*. *Nemoj* and *nemojte* follow the same split.	1
Is the order for one friend, or for a group (or someone you call *vi*)?	1
Sorting orders and polite requests. An order uses the imperative; a polite request is a question with *možeš li* or *možete li* and an infinitive. *Molim vas* makes an order softer, but it is still an order.	1
Which one is a polite request?	1
One tap turns the verb into an order for one friend. Verbs whose *ti* form ends in **-aš** take **-aj**, verbs in **-eš** or **-iš** take **-i**, and when a *j* comes before *-eš* the order ends in that **j**.	1
Put the pan on the stove! (staviš)	1
Look at the sign! (gledaš)	1
Choosing the correct imperative. The wrong options take the wrong ending — **-aj** on a verb in *-eš*, **-i** on a verb in *-aš*, or an extra *-j*. The bracket tells you who gets the order.	1
Choose the correct command.	1
(grupi) ___ most!	1
Choosing the correct *don't* with *nemoj*. The verb after *nemoj* or *nemojte* stays in the infinitive, and *nemoj* is for one friend, *nemojte* for a group or *vi*. The wrong options put a personal ending or an order after it.	1
*nemoj / nemojte* + infinitive: *Nemoj kasniti!*	1
Choosing the second verb after *mogu, moram* and *hoću*. Whatever the person, the second verb stays in the infinitive: *Moram ići, Možemo doći, Hoće plivati.* The wrong options give it a personal ending or turn it into an order.	1
After a modal: infinitive only — *Moram ići*, not *Moram idem*.	1
Make the command	1
You make the order from the infinitive. Think of the *ti* form: **-aš** gives **-aj**, **-eš** and **-iš** give **-i**, *-ješ* gives **-j**. For a group add **-te**. *Idi, dođi, budi* and *peci* are learned whole.	1
*ti* form → **-aj / -i / -j**; group **+te**. Whole: *idi, dođi, budi, peci*.	1
You turn each order into a polite question: a *ti* order becomes *Možeš li…?*, a *vi* order *Možete li…?*, and the order itself goes back to the infinitive: *dodaj → dodati, skrenite → skrenuti*.	1
You type the modal verb in the form that matches the person. *Can* is *moći* (*mogu, možeš, može…*), *must* is *morati* (*moram, moraš…*), and *want* is *htjeti* (*hoću, hoćeš…*). *Mogu* is both *I can* and *they can*.	1
*mogu, možeš…* / *moram, moraš…* / *hoću, hoćeš…*	1
Type the modal in the right person.	1
Ja ___ ići. (must)	1
Ti ___ doći. (can)	1
Mi ___ kupiti brašno. (must)	1
Ona ___ limunadu. (want)	1
Vi ___ skrenuti ovdje. (can)	1
Oni ___ požuriti. (must)	1
___ li dodati sol? (can, ti)	1
Marko ___ učiti. (must)	1
Read: the way to the beach	1
A short story with directions in it. The woman speaks to two people, so her orders end in **-te** (*idite, skrenite, uzmite*), and one of them is a *don't* with *nemojte*. Find the order in the text that answers each question.	1
Orders to two people: **-te**. One *nemojte*. Find the order that answers the question.	1
Read the text, then answer. Passive words: *jednu gospođu* (a lady), *nema parkinga* (there's no parking), *vruće* (hot), *nam* (to us).	1
A review of Levels 12 to 16: the genitive, the instrumental, the dative, the locative and negation, plus the perfect with both genders. Each item comes from a level you have finished, so read the brackets carefully.	1
Review: genitive, instrumental, dative, locative, negation, the perfect.	1
Not about the imperative — everything here comes from levels 10 to 16.	1
Jučer sam ___ juhu. (kuhati, a woman speaking)	1
Whole sentences with orders, requests and modals, built from tiles. The order usually opens the sentence, *ne* stands right in front of it, *nemoj* and the modals are followed by an infinitive, and *molim vas* takes a comma.	1
The order first; *ne* right before it; *nemoj* and modals + infinitive; *Molim vas, …*	1
en: Take three eggs and add the flour.	1
en: At the crossroads turn right.	1
en: Can you turn left?	1
en: Please pass the pepper.	1
en: Heat up the oven and put in the dough.	1
en: Go straight to the traffic lights.	1
en: I can't come because I have to work.	1
en: Do you want lemonade? — Sure!	1
en: Let's sing together!	1
en: Don't go by car!	1
en: We have to buy oil and flour.	1
en: The station is about two kilometres away.	1
en: Go back to the corner.	1
Free production from English. An order uses the imperative, with **-te** for a group or *vi*; *don't* is *ne* + order or *nemoj* + infinitive; a polite request is *Možeš li…?* or *Možete li…?*; and a modal is followed by an infinitive.	1
Imperative (**+te**); *ne / nemoj*; *Možeš li / Možete li*; modal + infinitive.	1
Take the flour! (to a friend)	1
Add the oil! (to a group)	1
Go straight ahead! (to a friend)	1
Don't be late! (to a friend)	1
Don't run! (to a group)	1
Can you wait? (polite)	1
I must go.	1
We can't come.	1
Heat up the oven! (to a friend)	1
Cross the road! (polite)	1
Please wait! (polite)	1
Do you want lemonade? (to a friend)	1
Test 18: The Conditional	1
The words of Level 18: dreams, feelings and the verbs that go with them. Nouns are in their naming form and verbs in the infinitive. Several verbs have *se*: *nadati se, bojati se, brinuti se, ljutiti se, smijati se*.	1
Level 18 words: dreams and feelings. Verbs with *se*: *nadati se, bojati se…*	1
castle	3
palm tree	3
ocean	3
aim, goal	4
success	7
poor	3
to hope	6
to be afraid	6
to worry	6
to be angry	6
to laugh	7
to feel	5
the same	5
like this	5
Deal!	3
happiness, luck	4
hope	5
fear	8
worry	4
joy	4
sadness	7
feeling	2
anger	5
laughter	4
tear (from your eye)	5
proud	7
satisfied, pleased	4
nervous	4
scared	3
surprised	5
disappointed	5
excited	4
jealous	6
Recognition of the Level 18 words, with three meanings to choose from. The wrong options come from the same group — feelings, dreams or verbs with *se* — so words that are close in meaning are the real test.	1
Level 18 words; the wrong options come from the same group.	1
luck	1
to spend	1
Sorting sentences by tense. The past has *sam, je, smo* with the participle, the future has *ću, ćeš, ćemo*, and the conditional has *bih, bi, bismo, biste* with the participle. Look at the helper — the participle alone does not decide.	1
*sam / je* → past; *ću / ćemo* → future; *bih / bi / bismo* → conditional.	1
Sorting conditions by whether they can happen. *Ako* with a present or future in the other half is a real possibility; *da* or *kad bih* with a conditional in the other half is a dream.	1
*ako* … future / present → possible. *da / kad bih* … conditional → a dream.	1
One tap finishes the participle. It shows gender and number as in the past tense: **-o** for a man, **-la** for a woman (and for neuter plural like *djeca*), **-li** for a group with a man in it, **-le** for a group of women.	1
I would buy a yacht. (a man)	1
We would save. (Marko and I)	1
We would dream of the sea. (Ana and I, two women)	1
Petra would get a present.	1
Ivan would imagine a castle.	1
You would stay at home. (a group)	1
Ana and Maja would travel.	1
I wouldn't be afraid. (a woman)	1
They would laugh.	1
The sisters would hope.	1
You would live on the coast. (a friend, a man)	1
Grandma would worry.	1
Mum and Dad would come.	1
Choosing the helper that matches the person. *Ja* takes *bih*, *mi* takes *bismo*, *vi* takes *biste*, and every other person takes *bi*. In writing, *bi* is never used for *ja, mi* or *vi*.	1
Choosing the sentence with the right word order. The helper takes the second place, *ne bih* stays together, *li* follows *bi*, and in a verb with *se* the helper comes first: *bojao bih se*.	1
I would buy a villa.	2
I wouldn't worry.	1
Would you come?	1
I would be afraid of the sea.	1
We would travel.	1
She would laugh.	1
Tomorrow I would save.	1
Would he come?	1
Choosing the *if* from the other half of the sentence. A future, a present or an order in the other half means a real condition and *ako*; a conditional (*bih, bi, bismo*) means a dream and *da*.	1
future / present / order → *ako*; conditional → *da*.	1
You turn a present-tense sentence into a conditional. Make the participle from the verb, add the helper for the person, and keep the rest. Where the speaker is *ja* or *mi*, both genders are accepted.	1
participle + helper. *ja*: both *-o* and *-la* accepted.	1
Rewrite the sentence in the conditional.	1
You make a request more polite with the conditional. *Možete li…?* becomes *Biste li mogli…?*, *Možeš li…?* becomes *Bi li mogao…?* or *Bi li mogla…?*, and *Želim* becomes *Htio / Htjela bih*.	1
Read: the lottery ticket	1
A short story in which three people dream out loud. Their participles show who is speaking — *-o* for Grandpa, *-la* for Grandma and Petra — and one of them is a real plan with *ako*, not a dream. Find the speaker before you answer.	1
The participle shows the speaker. One line is a real plan with *ako*.	1
Read the text, then answer. Passive words: *plovio* (would sail), *po obali* (along the coast), *brojeve* (numbers), *nema veze* (never mind), *besplatno* (free).	1
A review of Levels 13 to 17: the imperative, the genitive, the instrumental, the dative and the locative, plus the perfect with both genders. Each item comes from a level you have finished, so read the brackets carefully.	1
Review: imperative, genitive, instrumental, dative, locative, the perfect.	1
Not about the conditional — everything here comes from levels 10 to 17.	1
Kupit ću ___ cvijeće. (to her)	1
Jučer sam ___ film. (gledati, a woman speaking)	1
Whole sentences with the conditional, built from tiles. The helper takes the second place, *se* comes right after it, a comma separates the condition from the other half, and the participle shows the speaker's gender.	1
en: We would travel the whole year.	1
en: If I had a million euros, I would buy a yacht.	1
en: If it's sunny, we'll go to the beach.	1
en: If I had time, I would travel.	1
en: I wouldn't be afraid of the sea.	1
en: Could you come at eight?	1
en: The children would swim all day.	1
en: Grandma would save for her grandchildren.	1
en: Would you come to my place in summer?	1
en: If it were summer, we would swim.	1
en: Grandma and Grandpa are laughing.	1
en: I couldn't live without the cinema.	1
Free production from English. The conditional is the participle plus *bih, bi, bismo, biste*, always in the second place; a real *if* is *ako*, a dream is *da* or *kad bih*. Where the speaker's gender shows, both forms are accepted.	1
We would save.	1
If I had a million euros, I would travel.	1
The children would laugh.	1
I hope so.	1
I would live by the sea.	1
Test 19: Verbal Aspect	1
The words of Level 19: verb twins, time signals, school words and race words. Verbs are in the infinitive; for the twins, the imperfective and the perfective are matched separately, so read the English carefully.	1
Level 19 words: twins, time signals, school and race words.	1
to finish writing	2
to read through	2
to drink up	2
to eat up	2
to learn (master)	1
to take a look	2
to send off	1
to get it cooked	1
to finish drawing	1
to get it washed	1
to clean up	1
to give an answer	2
to finish	3
to continue	3
to cry	5
to erase	5
to decide	6
to remember	6
to tell (a story)	4
to make, to do	2
to describe	6
to sign	6
to note down	6
to copy out	6
along the way	4
just, right now	4
moment	4
task	4
difference	5
important	5
marathon	2
result	6
victory	5
medal	4
Recognition of the Level 19 words, with three meanings to choose from. The wrong options come from the same group, and several are close: *opisati, potpisati, zapisati, prepisati* all come from *pisati*.	1
Level 19 words. Watch the *-pisati* family.	1
to forget	7
Sorting sentences by aspect. An action that lasts or repeats — with *cijeli dan, dugo, svaki dan, polako* — takes the imperfective. One finished action — with *napokon, odmah, već, za dvije minute* — takes the perfective.	1
Lasting, repeated → PROCESS. One finished action → DONE!	1
Sorting prefixed verbs by what the prefix does. If only *finished* is added and the English stays the same, the verb is a twin. If the English changes — *potpisati* (sign), *opisati* (describe) — it is a new verb.	1
One tap in front of the verb decides the twin. Add *na-, po-* or *pro-* for one finished action (*napokon, odmah, za jedan dan*); leave it out, with the dash, for an action that lasts or repeats (*cijeli dan, dugo, svaki dan*).	1
Finally he finished writing the letter.	1
She was writing the letter for a long time.	1
He drank up the juice in a minute.	1
I read the newspaper all day.	1
I read the book in one day.	1
The children ate up the cakes straight away.	1
Ana has already learned the song.	1
We watch TV all afternoon.	1
Petra finished drawing the house.	1
Marko sent off the letter at noon.	1
I study all day.	1
He ate up the sandwich in two minutes.	1
Dad read the letter through twice.	1
We were writing the homework for a long time.	1
Choosing the twin that fits the sentence. Time words decide it: *cijelu večer, dugo, polako, svaki dan* take the imperfective; *napokon, za dvije minute, odmah, već* take the perfective. The participle ending must match the person too.	1
*cijelu večer, dugo, polako* → imperfective; *napokon, za…, odmah* → perfective.	1
Choosing the verb from its meaning. All five come from *pisati*, and the prefix carries the difference: *potpisati* signs, *zapisati* notes down, *opisati* describes, *prepisati* copies, and *napisati* finishes writing.	1
*potpisati, zapisati, opisati, prepisati, napisati*.	1
to sign the document	1
to finish writing the letter	1
to copy out the homework	1
to sign a postcard	1
to note down an address	1
Choosing the order that asks for the right thing. An imperfective order asks for an activity or a habit (*Pij vodu svaki dan!*); a perfective order asks for one finished action, now (*Popij vodu!*). After *nemoj* the verb is an imperfective infinitive.	1
habit → *Pij!*; one finished action now → *Popij!*; *Nemoj pisati!*	1
Drink up your juice, now!	1
Drink water every day.	1
You type the participle of the right twin. The bracket gives both infinitives and the speaker; the time words decide the twin, and the speaker decides the ending: **-o** for a man, **-la** for a woman, **-li** for a group.	1
Time words → twin; speaker → **-o / -la / -li**.	1
Jesi li ___ zadaću? (pisati / napisati, to a girl)	1
You type the perfective twin of each verb. Most take a prefix — *na-, po-, pro-, s-, o-* — and keep the rest; the ending pairs shorten the verb: *kupovati → kupiti, završavati → završiti*. *Raditi* pairs with *napraviti*.	1
prefix pairs and ending pairs; *raditi → napraviti*.	1
Read: the marathon	1
A short story about a race, with both twins. The imperfective tells what went on for a long time (*trčao je, trenirao je*); the perfective tells what got finished (*završio je, dobio je, napisao je*). Look for the time words before you answer.	1
Going on: *trčao, trenirao*. Finished: *završio, dobio, napisao*.	1
Read the text, then answer. Passive words: *prvih dvadeset kilometara* (the first twenty kilometres), *lako* (easy), *nije stao* (didn't stop), *za četiri sata* (in four hours).	1
A review of Levels 14 to 18: the conditional, the imperative, the genitive, the instrumental and the dative, plus the perfect with both genders. Each item comes from a level you have finished.	1
Review: conditional, imperative, genitive, instrumental, dative, the perfect.	1
Not about aspect — everything here comes from levels 10 to 18.	1
Jučer sam ___ kolač. (jesti, a woman speaking)	1
Whole sentences with both twins, built from tiles. The imperfective goes with *cijelo poslijepodne, dugo, svaki dan, polako*; the perfective with *napokon, odmah, za jedan dan*. *Je, sam, ga* take the second place, and a comma comes before *a*.	1
imperfective with *dugo, svaki dan*; perfective with *napokon, odmah*. *je, sam, ga* second.	1
en: She was writing a letter all afternoon.	1
en: Finally she finished writing the letter!	1
en: She drank her coffee slowly, and he drank his up at once.	1
en: I read the book in one day.	1
en: I read the newspaper every day.	1
en: He was shopping for a present all day and finally bought it.	1
en: Grandma has already cooked lunch.	1
en: Please sign here.	1
en: Note down my number!	1
en: Describe your house.	1
en: Drink up your juice!	1
en: The film started at eight.	1
en: The children cried all night.	1
en: Have you finished your homework? (to a girl)	1
en: Suddenly it started to rain.	1
Grandma has cooked lunch.	1
Suddenly it started to rain.	1
I have already learned the words.	1
Have you finished your homework? (to a boy)	1
The children cried all night.	1
Test 20: The Final Test	1
The words of Level 20: connectors, memories, the sea and the words for learning a language. Nouns are in their naming form and verbs in the infinitive. Several connectors look alike — *kad, ako, dok, iako* — so read the English carefully.	1
Level 20 words: connectors, memories, the sea, learning.	1
while, until	4
that	2
even	6
still, after all	4
so, therefore	4
many, a lot	2
some	3
one day	2
past	6
cove	6
lighthouse	6
sailboat	5
fisherman	4
seashell	5
state	4
nature	4
diary	4
melody	2
to remember (keep in mind)	5
to discover	5
to sound	5
to look like, to seem	3
to become	5
to say, to tell	3
to come back	4
to promise	4
to last	4
to exist	3
sense, meaning	3
learning	3
rule	5
dictionary	3
easy, light	3
long	4
similar	4
Recognition of the Level 20 words, with three meanings to choose from. The wrong options come from the same group — connectors, the sea or learning — so the words that are close in meaning are the real test.	1
Level 20 words; the wrong options come from the same group.	1
still	2
so	1
many	1
meaning	1
to seem	1
Choosing the connector that fits both halves. After *znam, mislim, nadam se, rekao je* the answer is *da*; a reason takes *jer*, a condition *ako*, a contrast *iako*, a time *kad* or *dok*. *Kao* cannot introduce a sentence.	1
*da* after *znam, mislim*; reason *jer*; condition *ako*; contrast *iako*; time *kad / dok*.	1
One tap finishes *koj___* in the case its own sentence needs. Subject: **-i** (masculine, people), **-a** (feminine), **-e** (neuter, feminine plural). Target: **-u** for a feminine noun, **-eg** for a person. Place after *u*: **-em**. Means: **-im**.	1
subject **-i / -a / -e**; target **-u / -eg**; place **-em**; means **-im**.	1
A sea that is blue.	1
A song that is beautiful.	1
People who live by the sea.	1
The beach you see in the picture.	1
The books that are on the table.	1
The village we were in.	1
The bus I take to work.	1
Choosing the case of *koji* from its own sentence. Ask the question inside that sentence: *tko? / što?* gives *koji, koja, koje*; the target gives *koju* or *kojeg*; *gdje?* after *u* gives *kojem* or *kojoj*; *čime?* gives *kojim*.	1
subject *koji / koja / koje*; target *koju / kojeg*; place *u kojem / u kojoj*; means *kojim*.	1
Choosing the sentence with the short words in the right place. After a connector — *jer, kad, ako, da, iako, koji* — the short words *je, sam, ću, ga, se* come immediately after it, because the connector counts as the first word.	1
because it is late	1
although it is cold	1
she said she was tired	1
The cases, one last time	1
A review of all six cases from the course. The question behind the word decides the ending: *kamo?* accusative after *u / na*, *gdje?* locative, *komu?* dative, *s kim? / čime?* instrumental, *čiji? / bez čega? / nema* genitive, and the target of the verb accusative.	1
accusative, locative, dative, instrumental, genitive — the question decides.	1
The naming form is in brackets. Choose the form that fits.	1
The verbs, one last time	1
A review of every verb form from the course: the present, the perfect with both genders, the future, the imperative, the conditional and the two aspects. Read the bracket for the person and the time before you choose.	1
present, perfect (both genders), future, imperative, conditional, aspect.	1
Jučer sam ___ u kinu. (biti, a woman speaking)	1
Read: the last letter	1
A letter that uses almost everything from the course: the past, the future, the conditional, the cases and the connectors. Find the sentence that answers each question — the connector in it (*jer, kad, iako, ako*) usually points the way.	1
Everything from the course. The connector in the sentence points to the answer.	1
Read the letter, then answer. Passive words: *mjesec dana* (a month), *stigla* (arrived), *svako jutro* (every morning), *mi se sviđa* (I like), *u kolovozu* (in August).	1
The beginning of the course, one last time: gender and adjectives, *biti*, the present, the family and connectors, the first accusatives, the plural, the future, possessives and the perfect. Each item comes from Levels 1 to 10.	1
Levels 1 to 10: gender, *biti*, present, accusative, plural, future, possessives, perfect.	1
Everything here comes from levels 1 to 10.	1
Njegov dres je plav, a ___ je crven. (mine)	1
Jučer sam ___ film. (gledati, a man speaking)	1
The key sentences of the whole course, one per level group, built from tiles. Short words take the second place in each half, the connector opens its own half, and each noun takes the case its job needs.	1
The course's key sentences. Short words second; connector opens its half.	1
en: The flat is small, but the home is warm.	1
en: Mum is cooking fresh fish, and I'm eating a sweet pie.	1
en: Ana was singing, and Marko was playing the guitar.	1
en: She was drinking her coffee slowly, and he drank his up at once.	1
en: I think this was a good beginning.	1
en: The town I live in is old.	1
Free production from English, the last task of the course. Each sentence uses a different part of Croatian grammar: cases, tenses, the imperative, the conditional, aspect and joined sentences. Where the speaker's gender shows, both forms are accepted.	1
The whole course in sixteen sentences. Both genders accepted.	1
I'm drinking coffee without sugar.	1
I'm going to the cinema with my sister.	1
I'm writing a letter to Grandma.	1
Yesterday I watched a film.	1
Tomorrow I'll swim.	1
Although it's cold, I'm swimming.	1
Nobody knows.	1
Type the word — Lesson 1	1
Type the missing word (the whole word).	1
Shopping & Food	1
Feminine food — the ones that change	1
Flashcards learned as pairs. The left form names the thing, the right form is what you say after a verb that acts on it: *jagoda → jedem jagod**u***. Only the last letter differs, so store the pair as one item. The same goes for the shop words at the end: *Idem u trgovin**u***, *Trebam vrećic**u***.	1
Learn in pairs: name and target. *jagoda → jedem jagodu*, *trgovina → idem u trgovinu*.	1
Every word here ends in **-a**, and every one of them turns that -a into **-u** the moment you drink it, eat it, buy it or go into it. Read the English, say the pair aloud, then flip to check. Tap + to save a word to your dictionary.	1
shop, store	2
The quiet ones — no change at all	1
Flashcards for nouns that end in a consonant or in *-o* or *-e*. They look the same whether they name or are the target: *Šećer je u kutiji* and *Trebam šećer*. There is no ending to add here, only the meaning to learn. *dućan*, *kafić*, *račun* and *novac* belong here too.	1
Consonant or *-o/-e*: same as name or target. *Trebam šećer. Plaćam račun.*	1
These don't end in -a, so nothing happens to them. *Jedem meso. Pijem mlijeko. Plaćam račun.* **dućan** and **trgovina** are both a shop, and Croatians use them interchangeably.	1
bill, receipt	1
Ten verbs with their present-tense forms, then the words you need at the counter. Eight verbs take a target, so a feminine noun after them ends in **-u**: *Kupujem krušk**u***, *Tražim vrećic**u***. Notice *kupovati → kupujem*, where infinitive and ja-form differ. The adjectives come in both shapes (*svjež / svježa*) because they agree with their noun: *svježa riba*, but *svjež kruh*.	1
Feminine target **-u**: *Kupujem krušku*. *kupovati → kupujem*. Adjectives agree: *svjež / svježa*.	1
"Eight of the verbs take a target — *ići* and *koštati* do not. *Izvolite?* is the single most useful word in a Croatian shop: it means both ""How can I help you?"" and ""Here you are."""	1
to carry, to wear	2
How can I help you? / Here you are.	1
one (feminine)	2
Picture-to-word matching, all in the naming form. That is why the feminine ones end in **-a** here; the **-u** appears only once a verb acts on them, as in *Kupujem krušk**u***.	1
Naming forms here; **-u** only after a verb.	1
You write each new word once, from its English meaning, in the naming form: *voda*, not *vodu*. Verbs are wanted as infinitives, ending in **-ti**: *kupovati*, not *kupujem*. The diacritics are full letters: *tržnica* has **ž**, *šećer* has **š** and **ć**, *povrće* has **ć**. This is the only page with new words alone; after it they mix with older words.	1
Type each new word once. Naming forms (*voda*), verbs as infinitives (*kupovati*). Diacritics count: *tržnica, šećer, povrće*.	1
Timed recognition of today's words mixed with words from Lesson 0 and Vocabulary 1–3, half and half. Two pairs to keep apart: *crtati* is to draw and *crtić* a cartoon; *čaj* is tea, while *kafić* is the café where you drink it.	1
New and old words against the clock. *crtati* to draw, *crtić* cartoon; *čaj* tea, *kafić* café.	1
Sorting by ending, with new words and old ones. Ends in **-a** → it becomes **-u** as the target of a verb: *čokolada → čokoladu*, *Hrvatska → u Hrvatsku*. Anything else — a consonant, *-o*, *-e* — keeps the identical form, which is why *šešir* and *drvo* sit in the quiet column.	1
**-a** → **-u** as a target; everything else stays (*šešir, drvo*).	1
The single most useful sort on this level. Ends in **-a** → it changes. Anything else → it stays exactly as it is.	1
The final writing round mixes today's words with older ones, all in the naming form: *naranča*, not *naranču*. Verbs as infinitives again, adjectives in the short form (*jeftin*, *bijel*). The diacritics count: *naranča* and *rajčica* have **č**, *kafić* and *ćevapi* have **ć**, and *često* starts with **č**.	1
Mixed final round. Naming forms, verbs as infinitives. Diacritics count: *naranča, kafić, ćevapi, često*.	1
The City & Traffic	1
People — the ones that change	1
Flashcards of living masculine nouns, each shown with its target form. Because they are alive, every one adds **-a** (*učenik* to *učenika*, *konj* to *konja*); *kupac* drops a vowel first and becomes **kupca**. *osoba* is feminine, so it follows the Lesson 5 rule instead: **osobu**. The verbs below often take a person as their target (*Čekam poštara*, *Vidim dječaka*, *Zovem kupca*), and *Oprostite!* is the polite opener before you ask a stranger anything.	1
Living masculine nouns add **-a**: *učenik → učenika*. *kupac → kupca*. *osoba → osobu* (feminine).	1
Living masculine nouns, each shown with its target form, plus the city verbs that so often point at them. One of them squeezes a letter out on the way: **kupac → kupca**.	1
to chat, to talk	1
to enter, to get on	1
Excuse me!	1
Transport — nothing changes	1
Vehicle flashcards, and the easy half of the rule. A vehicle is a thing, so it looks identical as a target: *Vozim bicikl*, *Vidim tramvaj*. The same goes for *kat*, *ključ* and *broj*. Only *karta* and *glazba* move, and only because they end in **-a** (the Lesson 5 rule): *kartu*, *glazbu*. The adjective *pun* agrees with its noun: *pun autobus*, *puna ulica*.	1
Vehicles and other things, no change: *Vozim bicikl*. **-a** words → **-u**: *kartu, glazbu*. *pun / puna* agrees.	1
Vehicles are things, so they never move an inch as a target. *Vozim bicikl. Vidim tramvaj.* Only **karta** and **glazba** shift, and only because they end in -a. *Sretan put!* sends someone off on a journey.	1
Have a good trip!	1
full	2
near, nearby	1
Places in the city	1
City places to learn. Places are things, so masculine ones never change (*most*, *trg*, *muzej*), but any word ending in **-a** still follows the feminine rule and turns into **-u**: *ulica* to *ulicu*, *banka* to *banku*.	1
Masculine places stay (*most, trg*); **-a** places → **-u** (*ulicu, banku*).	1
Your map of a Croatian town. Watch which ones end in **-a** — those still follow the Lesson 5 rule.	1
Picture-to-word matching for the city set. Everything is in the naming form, so no endings appear here; *konj* and *poštar* are the two cards on the board that would take **-a** the moment they became a target (*konja*, *poštara*).	1
Naming forms. *konj* and *poštar* would take **-a** as a target.	1
You write each new word once, from its English meaning, in the naming form: *ulica*, not *ulicu*. Verbs are wanted as infinitives, ending in **-ti**: *vidjeti*, not *vidim*. The diacritics are full letters: *knjižnica* has **ž**, *ključ* has **č**, *čuti* and *žuriti* start with them. This is the only page with new words alone; after it they mix with older words.	1
Type each new word once. Naming forms (*ulica*), verbs as infinitives (*vidjeti*). Diacritics count: *knjižnica, ključ, čuti*.	1
Timed recognition of today's words mixed with words from Vocabulary 1–3, half and half. Two pairs to keep apart: *pričati* is to chat, while *gledati* is to watch; *brz* means fast, while *pun* means full.	1
New and old words against the clock. *pričati* to chat, *gledati* to watch; *brz* fast, *pun* full.	1
A sort across the whole target form, with today's words and older ones. Exactly two groups change: feminine words in **-a** (*ulica → ulicu*, *baka → baku*) and masculine living beings (*brat → brata*, *Nijemac → Nijemca*). Everything else — things and neuters like *gorivo* and *uho* — stays precisely as it is.	1
Only two groups change: feminine **-a** and masculine living beings.	1
The whole target-form map in one sort. Feminine -a and living masculines change; things and neuters don't.	1
The final writing round mixes today's words with older ones, all in the naming form: *katedrala*, not *katedralu*. Verbs as infinitives again, adjectives in the short form (*ljubazan*). The diacritics count: *žaba* starts with **ž**, *džem* with **dž**, and *cijeli* is written with **ije**, just as it sounds.	1
Mixed final round. Naming forms, verbs as infinitives. Diacritics count: *žaba, džem*.	1
School & Songs	1
Masculine — one becomes many with -i	1
Flashcards with the plural attached. Masculine nouns take **-i**: *jezik* to *jezici* (a final *k* softens to *c*), *odgovor* to *odgovori*. Short one-syllable ones pad it to **-ovi**: *zid* to *zidovi*, *test* to *testovi*. Neuter nouns in *-o* or *-e* take **-a**: *selo* to *sela*, *pitanje* to *pitanja*. Three words simply have to be memorised: *brat* to **braća**, *čovjek* to **ljudi**, and *riječ* to **riječi**.	1
Masculine **-i** (*jezik → jezici*), short ones **-ovi** (*zid → zidovi*), neuter **-a** (*selo → sela*). Memorise *braća, ljudi, riječi*.	1
Masculine nouns take **-i**, short ones grow **-ovi**, neuter nouns take **-a**. Three at the end play by their own rules.	1
word → words	1
brother → brothers	1
person → people	1
Feminine — -a becomes -e	1
The easy group. Feminine nouns in *-a* simply swap it for **-e** in the plural: *škola* to *škole*, *olovka* to *olovke*. No softening and no padding — the *k* in *olovka* stays a *k*. The school subjects at the end are shown in the singular only; almost all are feminine *-a* words too. *povijest* is the odd one: feminine, but it ends in a consonant.	1
Feminine **-a → -e**: *škola → škole, olovka → olovke*. Subjects in the singular.	1
The easiest group: swap the final **-a** for **-e** and you're done. Then the school subjects — nearly all cognates you can read already.	1
Verbs with their plural persons attached. **-mo** and **-te** never vary; only the *they* form follows the family — *pjevaju* for *-am* verbs, *broje* for *brojati*, *plešu* for *plesati*. Below them are words for how things are done. Adverbs like *glasno* and *brzo* never change shape; the adjectives *kratak* and *težak* show their plural form, *kratki* and *teški*.	1
**-mo**, **-te** always; *they* by family: *pjevaju, broje, plešu*. Adverbs never change (*glasno, brzo*).	1
School verbs, each with the three plural forms, then the words for how the day goes. *Dobro došli!* greets a whole class.	1
hard, heavy	1
Welcome!	1
Picture-to-word recognition, all in the singular. Fix each word's final letter in mind as you go — it is the gender clue that decides which plural ending the word will take.	1
Singular forms. The last letter tells the plural ending.	1
You write each new word once, from its English meaning, in the **singular**: *škola*, not *škole*. Verbs are wanted as infinitives, ending in **-ti**: *pjevati*, not *pjevamo*. The diacritics are full letters: *zadaća* has **ć**, *djevojčica* and *riječ* have **č**, and *pitanje* has **nj**. This is the only page with new words alone; after it they mix with older words.	1
Type each new word once, in the singular (*škola*); verbs as infinitives (*pjevati*). Diacritics count: *zadaća, riječ, pitanje*.	1
Timed recognition of today's words mixed with words from Lesson 0 and Vocabulary 1–5, half and half. Two pairs to keep apart: *đak* is a pupil, while *dečko* is a boy; *svirati* is to play an instrument, while *birati* is to choose.	1
New and old words against the clock. *đak* pupil, *dečko* boy; *svirati* to play, *birati* to choose.	1
people	1
Predict the plural from the singular, with today's words and older ones. The clue is the last letter: a consonant means masculine **-i** (*novinar → novinari*), *-a* means feminine **-e** (*boca → boce*), *-o* or *-e* means neuter **-a** (*kino → kina*). Find the gender and the ending follows.	1
Consonant **-i**, *-a* **-e**, *-o/-e* **-a**.	1
Sort by the ending each word takes in the plural. Masculine takes -i, feminine -e, neuter -a.	1
The final writing round mixes today's words with older ones, all in the **singular**: *torba*, not *torbe*. Verbs as infinitives again, adjectives in the short form (*težak*, *hladan*). The diacritics count: *čekati* and *čistiti* start with **č**, *težak* has **ž**, *Njemica* starts with **Nj**, and *povijest* is written with **ije**, just as it sounds.	1
Mixed final round. Singular forms, verbs as infinitives. Diacritics count: *čekati, težak, Njemica*.	1
Plans & Travel	1
Where you're going	1
Places a Croatian summer happens in, and what you take with you. Three words for going somewhere: *put* is the way itself, *putovanje* is the whole journey, and *izlet* is a day trip, there and back again. The last four come in your bag: *kofer*, *prtljaga*, *ručnik*, *jastuk*.	1
*put* way, *putovanje* journey, *izlet* day trip. Then what goes in the bag.	1
Croatia in summer, in one deck: the places, the trip, and what you pack for it.	1
way, journey	1
When	1
The words that put a plan on a calendar, then the clothes each season asks for. *Sutra*, *ujutro* and *navečer* stand on their own with no preposition, while day names need **u** plus the accusative: *u nedjelju*, *u ponedjeljak*. In the clothes, gender is in the ending: *majica*, *košulja* and *haljina* are feminine, *kaput* and *džemper* masculine. *Hlače* exists only in the plural, like English *trousers*.	1
*sutra, ujutro, navečer* alone; days with **u**: *u nedjelju*. *hlače* is plural only.	1
The calendar words first — *sutra* is in almost every plan you'll make — then what you wear from *proljeće* to *zima*.	1
Each verb in three shapes. The middle one is the *ja* form for the present; the last one is the **future stem**, the infinitive minus its final *-i* (*putovati → **putovat***), which is what stands in front of *ću*. Below them, words for timing a plan. The adjective shows both genders (*savršen / savršena*) because it agrees with what it describes.	1
Three shapes: infinitive, *ja* form, future stem (*putovati → putovat*) for *ću*. Then *rano, kasno, ujutro, navečer*.	1
Holiday verbs, each with the *ja* form and, after the second arrow, the **future stem**. Then the words that say when.	1
early	2
perfect	2
Picture-to-word matching, pure recognition. Watch the near neighbours: *planina* is a mountain and *otok* an island; *majica* is a T-shirt and *košulja* a shirt with buttons and a collar.	1
*planina* mountain, *otok* island; *majica* T-shirt, *košulja* shirt.	1
You write each new word once, from its English meaning. Verbs are wanted as infinitives, ending in **-ti**: *plivati*, not *plivam* or *plivat*. The diacritics are full letters: *plaža* has **ž**, *ručnik* has **č**, *košulja* has **lj**, *džemper* starts with **dž**, and *proljeće* has both **lj** and **ć**. This is the only page with new words alone; after it they mix with older words.	1
Type each new word once; verbs as infinitives (*plivati*). Diacritics count: *plaža, ručnik, košulja, džemper*.	1
Timed recognition of today's words mixed with words from Lesson 0 and Vocabulary 1–6, half and half. Two pairs to keep apart: *auto* is a car, while *autobus* is a bus; *stizati* is to arrive, while *putovati* is to travel.	1
New and old words against the clock. *auto* car, *autobus* bus; *stizati* arrive, *putovati* travel.	1
Sort nouns into masculine, feminine and neuter by the last letter, the rule from Grammar 1: a consonant is masculine (*otok*, *krevet*), **-a** is feminine (*plaža*, *jabuka*), **-o** or **-e** is neuter (*putovanje*, *dijete*). It matters the moment a noun becomes an object: *Nosit ću **majicu***, but *Nosit ću **kofer***.	1
Consonant = masculine (*otok*), **-a** = feminine (*plaža*), **-o / -e** = neuter (*putovanje*).	1
The final writing round mixes today's words with older ones. Verbs as infinitives again, adjectives in the short form (*savršen*, *lijep*). The diacritics count: *kuća* ends in **ć**, *ponedjeljak* has **lj**, *hlače* has **č**, and *lijep* is written with **ije**, just as it sounds.	1
Mixed final round. Verbs as infinitives. Diacritics count: *kuća, ponedjeljak, hlače*.	1
Sport & Hobbies	1
Sport & hobbies (cognates)	1
Flashcards for the sport words, and most of them are international: *hobi, klub, trener, kapetan, gol, tenis, joga, šah* are spelled the Croatian way but mean what you expect. Read each one aloud once, because the spelling is the only new information here.	1
Mostly international: *hobi, klub, trener, gol, tenis, šah*. Read them aloud.	1
Sport vocabulary is international — you can guess most of these before you flip the card. Tap a card to reveal its meaning.	1
The parts of the body, with the last letter as the thing to notice. A consonant (*zub, vrat, prst*) is masculine, **-a** (*glava, ruka, noga*) is feminine, **-o** or **-e** (*koljeno, srce, rame, lice*) is neuter. That letter decides which form of *moj* the word takes on the next pages. Two words exist only in the plural, like English *trousers*: *usta* (mouth) and *leđa* (back).	1
Consonant m (*zub*), **-a** f (*ruka*), **-o/-e** n (*koljeno, srce*). *usta* and *leđa* are plural.	1
From head to foot. Watch the last letter of each word — it decides almost everything in Grammar 9.	1
Possessives & describing words	1
The seven possessives, each in three forms, plus the adjectives you need to describe a team. A possessive changes its ending like an adjective: *moj klub*, *moja momčad*, *moje koljeno*. Grammar 9 drills the rule; here only the words are to be learned.	1
Possessives work like adjectives: *moj klub, moja momčad, moje koljeno*.	1
Whose is it, and what is it like? The possessive is shown in its three forms (m. / f. / n.).	1
fair, honest	1
Phrases you will use	1
Five new verbs first, each with its *ja*, *ti* and *on/ona* form. One of them changes a consonant: *skakati → skačem*. *pobijediti* and *izgubiti* keep their **-i-**: *pobijedim*, *izgubim*. Then whole phrases, to be learned as they are. Three use grammar that comes later — *Boli me koljeno* (my knee hurts), *Navijam za Hajduk* (I support Hajduk) and *Naš klub je pobijedio!* (our club won) — so treat them as fixed expressions for now.	1
Learn the *ja* form: *skačem, navijam, pobijedim*. Then fixed phrases: *Boli me koljeno*, *Navijam za Hajduk*.	1
Five verbs for the match and the hobby, then sentences you will say at a match, at training or about your hobby. Take each phrase as a whole.	1
I play football.	1
I play the guitar.	1
I train every day.	1
I support Hajduk.	1
Our club won!	1
Let's go to the match!	1
I have a free day.	1
Picture-to-word recognition, with no English on the page. Every word is in its naming form, so the last letter is visible: use it to say the matching *moj / moja / moje* in your head as you tap.	1
Picture and word. Say *moj / moja / moje* in your head.	1
You write each new word once, from its English meaning. Verbs are wanted as infinitives, ending in **-ti**: *skakati*, not *skačem*. The diacritics are full letters: *momčad* and *igrač* have **č**, *šah* starts with **š**, *leđa* has **đ**, and *koljeno* has **lj**. This is the only page with new words alone; after it they mix with older words.	1
Type each new word once; verbs as infinitives (*skakati*). Diacritics count: *momčad, igrač, šah, leđa*.	1
Timed recognition of today's words mixed with words from Lesson 0 and Vocabulary 1–7, half and half. The cognates cost no time — *hobi, klub, kapetan, biologija* — so spend the seconds on the rest. Two pairs to keep apart: *kosa* is hair and *vrat* the neck; *misliti* is to think, while *brojati* is to count.	1
New and old words against the clock. *kosa* hair, *vrat* neck; *misliti* think, *brojati* count.	1
moj, moja or moje?	1
Sorting nouns by the form of *moj* they take, and the last letter of the noun is your guide. A consonant takes **moj** (*dres*, *lav*), **-a** takes **moja** (*glava*, *banka*), **-o** or **-e** takes **moje** (*koljeno*, *jaje*). One trap: *momčad* ends in a consonant but is feminine, so it takes *moja*. The owner is the same in every case, so the owner does not affect the ending.	1
Consonant **moj**, **-a** **moja**, **-o/-e** **moje**. *momčad* is feminine: *moja*.	1
Which form of *my* does each noun take? The last letter of the noun decides.	1
The final writing round mixes today's words with older ones. Verbs as infinitives again, adjectives in the short form (*strog*, *moderan*). The diacritics count: *koža* has **ž**, and *mali* and *more* are written just as they sound. *brzo* is the adverb (*quickly*); the adjective *brz* is not wanted here.	1
Mixed final round. Verbs as infinitives, adjectives short (*strog*). Diacritics count: *koža*.	1
Yesterday & Free Time	1
Free time & entertainment	1
The words for what you watched and where you went. Most are international — *serija*, *komedija*, *drama*, *akcija*, *dokumentarac* — and each word's ending gives its gender as usual, so *horor* takes *dobar horor*, *serija* takes *dobra serija* and *kazalište* takes *dobro kazalište*. Two to learn by heart: *kazalište* is the theater and *izložba* an exhibition.	1
Free-time words, mostly international. The ending gives the gender: *dobar horor, dobra serija, dobro kazalište*.	1
What you watched, where you went, what you ate. Tap a card to reveal the meaning.	1
When did it happen?	1
Time words, and they are what turns a sentence into a story. *Jučer* is yesterday, *sinoć* last night, *prekjučer* the day before. Several are not about the past at all — *obično*, *uskoro*, *ponovno*, *odmah* — so read the meaning on each card rather than assuming.	1
Time words. *jučer* yesterday, *sinoć* last night, *prekjučer* day before. Not all are past: *uskoro, odmah*.	1
The words that place a story in time. Only *prošli* changes shape (*prošli vikend*, *prošla godina*); the rest never do.	1
then, at that time	1
last weekend	1
last year	2
last, past	1
Phrases for telling a story	1
Two new verbs first, each with its *ja* form and its participle, the form a story about yesterday needs. *biti → bio* and *doći → došao* are both irregular, so learn them as they are. Then whole phrases, to be used as they are. Three of them come in a male and a female version — *Gdje si bio / bila?*, *Što si radio / radila?*, *Jesi li gledao / gledala film?* — so a woman is asked *Gdje si bila?* and answers *Bila sam…*, while *Kako je bilo?* stays as it is.	1
*biti → bio*, *doći → došao*. Fixed phrases, male and female: *Gdje si bio / bila?* *Kako je bilo?* stays.	1
Two verbs, then the questions you will be asked about yesterday and the answers you will give.	1
to be	3
Where were you? (to a man)	1
Where were you? (to a woman)	1
What did you do? (to a man)	1
What did you do? (to a woman)	1
It was great!	1
It wasn't bad.	1
It was a good day.	1
I knew everything!	1
A pairing drill on words from all three card pages, recognition only. The film words give themselves away, so spend your attention on the short time words: *tada* is then, *prije* before, *kratko* briefly and *ponovno* again.	1
New words only. Films are easy; watch *tada, prije, kratko, ponovno*.	1
You write each new word once, from its English meaning. The verb is wanted as an infinitive, ending in **-ći** here: *doći*, not *dođem*. The diacritics are full letters: *jučer* and *prekjučer* have **č**, *sinoć* ends in **ć**, *kazalište* has **š** and *izložba* has **ž**. This is the only page with new words alone; after it they mix with older words.	1
Type each new word once; the verb as an infinitive (*doći*). Diacritics count: *jučer, sinoć, kazalište, izložba*.	1
Timed recognition of today's words mixed with words from Vocabulary 1–8, half and half. Three time words are easy to mix up — *jučer* yesterday, *sinoć* last night, *prekjučer* the day before — and two old ones point the other way: *obično* is usually, *nikad* never.	1
New and old words against the clock. *jučer, sinoć, prekjučer*; *obično* usually, *nikad* never.	1
near	1
dobar, dobra or dobro?	1
Sorting nouns by the form of *dobar* they take, and the last letter of the noun is your guide. A consonant takes **dobar** (*dobar horor*, *dobar aerodrom*), **-a** takes **dobra** (*dobra serija*, *dobra juha*), **-o** or **-e** takes **dobro** (*dobro kazalište*, *dobro pismo*). The same ending goes on *prošli*: *prošli program*, *prošla izložba*.	1
Consonant **dobar**, **-a** **dobra**, **-o/-e** **dobro**: *dobar horor, dobra serija, dobro kazalište*.	1
Which form of *good* does each noun take? The last letter of the noun decides.	1
DOBAR	6
DOBRA	8
DOBRO	5
The final writing round mixes today's words with older ones. Verbs as infinitives, adjectives in the short form (*plav*, *jeftin*), and *prošli* in the form its noun needs: *prošli tjedan*. *Talijanka* starts with a capital letter, like every nationality, and the diacritics count as always.	1
Mixed final round. Verbs as infinitives, adjectives short (*plav*). *prošli tjedan*; *Talijanka* with a capital.	1
Presents & Questions	1
Question words	1
The full set of question words, and the nouns that go with asking. *Tko, što, gdje, kada, zašto, kako* and *koliko* never change shape, but *koji* and *kakav* stand in front of a noun and copy it, so each is shown in three forms — exactly like *čiji* (whose) from Vocabulary 9. *Koga* is the target form of *tko*, the same **-a** as in Lesson 6.	1
*tko, što, gdje, kada, zašto, kako, koliko* don't change; *koji, kakav* agree, like *čiji*. *koga* = whom.	1
Everything you need to ask, and the words for asking. Tap a card to reveal the meaning.	1
the yes-or-no particle	1
conversation	2
quiz	1
interview	1
information	1
mystery	1
date	1
One to twenty. The teens are built from the units plus **-naest**, so *pet* gives *petnaest* and *devet* gives *devetnaest*. Two of them have a female form: *jedan / jedna* and *dva / dvije*, used when the thing counted is feminine.	1
Teens: unit + **-naest** (*petnaest*). *jedan / jedna*, *dva / dvije* for feminine.	1
The numbers you need for ages, prices and phone numbers.	1
Bigger numbers & money	1
The round numbers, the euro, and three questions and answers to take whole. The tens end in **-deset**: *četrdeset*, *pedeset*, *šezdeset*. *Koliko košta?* is the question you will use most in a shop, and the answer is a number followed by *eura* — a form you can take whole for now.	1
Tens end in **-deset**. *Koliko košta?* — *deset eura*.	1
Prices, ages and the round numbers above twenty.	1
twenty-one	1
forty	4
sixty	3
seventy	1
eighty	1
I am twenty years old.	1
Presents & birthdays	1
The words for a birthday, and three small words for choosing a present. *Poklon* and *dar* both mean a present. *Možda*, *zapravo* and *onda* keep the choosing going: *Možda parfem? Zapravo, cvijeće. Onda buket!*	1
Birthday words. *poklon, dar* = present. *možda* maybe, *zapravo* actually, *onda* then.	1
What you buy, for whom, and what you say. Tap a card to reveal the meaning.	1
gift	3
bouquet	3
Happy birthday!	1
Congratulations!	1
Thank you very much!	1
For you!	1
actually	3
A pairing drill on words from all four card pages, recognition only. The pair worth keeping apart is *koji* and *kakav*: *koji* picks one out of a known set, *kakav* asks what something is like. The tens all end in **-deset**, so look at the start, which is the unit: *četrdeset* from *četiri*, *šezdeset* from *šest*, *devedeset* from *devet*.	1
New words only. *koji* = which one, *kakav* = what kind; tens by their start.	1
You write each new word once, from its English meaning. *Koji* and *kakav* are wanted in their basic form, the one that goes with a masculine noun. The diacritics are full letters: *zašto* has **š**, *svijeća* has **ć**, *cvijeće* ends in **ć** + **e**, *rođendan* and *iznenađenje* have **đ**. This is the only page with new words alone; after it they mix with older words.	1
Type each new word once; *koji, kakav* in the basic form. Diacritics count: *svijeća, rođendan, iznenađenje*.	1
Timed recognition of today's words mixed with words from Vocabulary 1–9, half and half. Two pairs are easy to mix up: *možda* is maybe and *ponekad* sometimes; *čiji* asks whose, *koliko* how much.	1
New and old words against the clock. *možda* maybe, *ponekad* sometimes; *čiji* whose.	1
how much, how many	1
Sorting nouns by the form of *koji* they take, and the last letter of the noun is your guide. A consonant takes **koji** (*koji poklon*, *koji brod*), **-a** takes **koja** (*koja svijeća*, *koja destinacija*), **-o** or **-e** takes **koje** (*koje oko*, *koje iznenađenje*). *Kakav* and *čiji* follow the same pattern: *kakav poklon*, *kakva ideja*, *čije cvijeće*.	1
Consonant **koji**, **-a** **koja**, **-o/-e** **koje**: *koji poklon, koja svijeća, koje oko*.	1
Which form of *which* does each noun take? The last letter of the noun decides.	1
KOJI	7
KOJA	8
KOJE	4
The final writing round mixes today's words with older ones. Numbers as words, nouns in their naming form, the verb as an infinitive and the adjective in the short form (*tužan*). The diacritics count as always: *četrnaest*, *čestitka*, *džemper* with **dž**.	1
Mixed final round. Numbers as words, infinitive, short adjective (*tužan*). Diacritics count.	1
Food We (Don't) Like	1
Food	1
New food words, on top of the market words from Vocabulary 5. Two of them are normally used in the plural — *gljive* and *palačinke* — so the verb and the adjective take plural forms too: *Palačinke su slatke.* Feminine words take **-u** as a target: *Ne jedem piletinu.*	1
New food words. *gljive, palačinke* are plural: *Palačinke su slatke.* Target **-u**: *Ne jedem piletinu.*	1
Meat, vegetables, fruit and things you put on bread. Tap a card to reveal the meaning.	1
pepper (vegetable)	1
walnut	2
cherry	2
potato chips	2
French fries	1
Tastes & textures	1
How food tastes, what goes on it, and what you do with it in the kitchen. Adjectives are shown in the masculine and feminine form. Three drop the vowel in the feminine — *gorak → gorka*, *mastan → masna*, *sočan → sočna* — like *sladak → slatka* from Vocabulary 1, and *kiseo* turns its **o** back into **l**: *kisela*. *Ljut* is the *angry* from Vocabulary 2; for food it means *spicy*. *Peći* and *rezati* change their stem — *pečem*, *režem* — and the third form is the food after it: *pečen* (baked), *pržen* (fried).	1
m and f forms: *gorak → gorka, kiseo → kisela*. *ljut* = spicy. *peći → pečem → pečen*.	1
How food tastes, and how it is made. Tap a card to reveal the meaning.	1
taste, flavor	1
seasoned	1
greasy, fatty	1
healthy	1
hot	1
to bake (baked, roasted)	1
to fry (fried)	1
At the table	1
The things on a restaurant table, the verbs around a meal and two phrases. *Dobar tek!* is said before anyone starts eating, and *Račun, molim.* is how the meal ends: you *naručiti* at the start and *platiti* at the end. *Platiti* is the one-time *pay the bill*; *plaćati* from Vocabulary 5 is paying in general.	1
Table words. *Dobar tek!* before eating, *Račun, molim.* at the end. *naručiti* order, *platiti* pay.	1
Everything from the menu to the tip. Tap a card to reveal the meaning.	1
napkin	2
meal	2
starter	1
main course	1
diet	1
Negation & more	1
The words for saying no, and for what you won't eat. The negative words start with **ni-** and always keep *ne* on the verb: *Ništa ne jedem.* Their positive twins start with **ne-** and take no *ne*: *Nešto jedem.* *Nikad* (never) you know from Vocabulary 3; it works the same way. *Nego* is used only after a negative, to correct it: *Ne jedem meso, nego ribu.*	1
**ni-** words keep *ne*: *Ništa ne jedem.* **ne-** words don't: *Nešto jedem.* *nego* after a negative.	1
The complete toolkit for saying no. Tap a card to reveal the meaning.	1
not even · neither… nor…	1
but (rather), after a negative	1
also, too	1
allergic	2
Picture-to-word matching, with no English on the page. Half of these are food and half are things on the table. Every one of them can be refused in one sentence: *Ne jedem kupus.* A feminine word takes **-u**: *Nemam žlicu.*	1
Refuse in one sentence: *Ne jedem kupus.* Feminine **-u**: *Nemam žlicu.*	1
You write each new word once, from its English meaning. Nouns go in their naming form, *gljive* in the plural, the adjectives in the masculine and the verb as an infinitive. The diacritics are full letters: *šunka* has **š**, *češnjak* has **č** and the single letter **nj**, *ništa* has **š**. This is the only page with new words alone; after it they mix with older words.	1
Type each new word once: naming form, masculine, infinitive. Diacritics count: *šunka, češnjak, ništa*.	1
Timed recognition of today's words mixed with words from Vocabulary 1–11, half and half. The tastes come in pairs you can picture — *sladak* and *kiseo*, *ljut* and *bljutav* — and *nigdje* and *nešto* show the two families: **ni-** is the negative, **ne-** the positive.	1
New and old words against the clock. *sladak / kiseo*, *ljut / bljutav*; **ni-** no, **ne-** some.	1
nijedan, nijedna or nijedno?	1
Sorting nouns by the form of *nijedan* they take, and the last letter of the noun is your guide. A consonant takes **nijedan** (*nijedan tanjur*, *nijedan vozač*), **-a** takes **nijedna** (*nijedna žlica*, *nijedna soba*), **-o** or **-e** takes **nijedno** (*nijedno predjelo*, *nijedno sunce*). It is the same pattern as *koji, koja, koje* from Vocabulary 11. In a sentence the verb keeps its *ne*: *Nijedan nož ne reže.*	1
Consonant **nijedan**, **-a** **nijedna**, **-o/-e** **nijedno**: *nijedan tanjur, nijedna žlica, nijedno sunce*.	1
Which form of *not a single one* does each noun take? The last letter of the noun decides.	1
NIJEDAN	7
NIJEDNA	8
NIJEDNO	4
The final writing round mixes today's words with older ones. Nouns go in their naming form (*hlače* is always plural), adjectives in the masculine and verbs as infinitives. The diacritics count as always: *sočan* with **č**, *kći* with **ć**, *uopće* with **ć**, *hlače* with **č**.	1
Mixed final round. Naming form, masculine, infinitive. Diacritics count: *sočan, kći, uopće*.	1
desert	1
Places & Institutions	1
Places (with the locative)	1
"New places in town, each with its ""being there"" form from Lesson 13. Masculine and neuter words take **-u** (*u centru, na parkiralištu*), feminine **-a** turns into **-i** (*u pošti, u crkvi*). Three of them soften **k** to **c** before the **-i**: *rijeka → na rijeci, luka → u luci, klinika → u klinici*. You may hear *apoteka* too; the standard Croatian word is *ljekarna*."	1
Places with the locative: m./n. **-u** (*u centru*), f. **-i** (*u pošti*). *rijeka → na rijeci*.	1
"Your map of the town, with the ""being there"" form on every card. Tap a card to reveal the meaning."	1
studio	1
At home: rooms & furniture	1
The rooms of a flat or a house, and the things in them. The same two endings work indoors: *u kuhinji, u hodniku, na krovu, u ormaru*. **u** is inside something (*u hladnjaku*), **na** is on top of it (*na polici, na kauču*). *stepenice* is always plural, and *spavaća soba* and *dnevni boravak* are learned as two-word names.	1
Rooms and furniture: *u kuhinji, na krovu*. **u** inside, **na** on top: *u ormaru, na polici*.	1
Room by room, from the basement to the roof. Tap a card to reveal the meaning.	1
sofa, couch	1
Ten new verbs & little words	1
Ten verbs for places — where you live, what you open and close, who you meet — with the *ja*-form. Two change their stem: *stajati → stojim*, *stanovati → stanujem*. *Stanovati* is living at an address; *živjeti* from Vocabulary 4 is living in general. The little words point to a place: *gore* (upstairs), *dolje* (downstairs), *tamo* (there). **o** means *about* and takes the same locative: *Pričamo o gradu.*	1
Verbs with the *ja*-form: *stajati → stojim*. *gore / dolje / tamo*. **o** + locative: *o gradu*.	1
Verbs for places and the little words around them. Tap a card to reveal the meaning.	1
where to?	1
afternoon, in the afternoon	1
Picture-to-word matching, with no English on the page. Half are places in town and half are rooms and furniture at home. Each one can tell somebody where you are: *Ja sam u kuhinji.* *Ana je u ljekarni.*	1
Say where you are: *Ja sam u kuhinji. Ana je u ljekarni.*	1
You write each new word once, from its English meaning. Nouns go in their naming form (*pošta*, not *u pošti*) and verbs as an infinitive. The diacritics are full letters: *pošta* has **š**, *kuhinja* has the single letter **nj**, *ljekarna* starts with the single letter **lj**. This is the only page with new words alone; after it they mix with older words.	1
Type each new word once: naming form, infinitive. Diacritics count: *pošta, kuhinja, ljekarna*.	1
Timed recognition of today's words mixed with words from Vocabulary 1–12, half and half. Places from today — *crkva, luka, vrtić, tvornica* — sit next to words you already know, like *sport, kruška, gol*. Watch the two verbs: *posjetiti* is to visit, *graditi* is to build.	1
New and old words against the clock. *posjetiti* visit, *graditi* build.	1
-u or -i?	1
Sorting nouns by the ending they take when you are *in* or *at* them — the locative from Lesson 13. A consonant, **-o** or **-e** takes **-u** (*u hodniku, u dizalu, u cvijeću, na izletu*). **-a** becomes **-i** (*u kuhinji, u pošti, o mami*). Look at the last letter of the naming form and you know the answer.	1
Consonant, **-o**, **-e** → **-u** (*u hodniku, u dizalu*). **-a** → **-i** (*u kuhinji, o mami*).	1
Which locative ending does each noun take? The last letter of the naming form decides.	1
The final writing round mixes today's words with older ones. Nouns go in their naming form (*ćevapi* is always plural), verbs as infinitives, and *cijeli dan* is two words. The diacritics count as always: *kauč* with **č**, *ćevapi* with **ć**.	1
Mixed final round. Naming form, infinitive. Diacritics count: *kauč, ćevapi*.	1
Giving & Receivers	1
Presents & things to give	1
New things you can give somebody, from small to special. You already know some gifts from earlier levels: *poklon, dar, šal, cvijeće, buket, kolač, parfem*. With a giving verb, the thing goes into the target form from Lesson 5: *Mami kupujem ogrlicu.* *novine* is always plural, like *hlače*: *Tata čita novine.*	1
Gifts and small things to give. The gift takes the target form: *Mami kupujem ogrlicu.*	1
Presents big and small, from a candy to a ring. Tap a card to reveal the meaning.	1
poster	2
paper	2
Receivers (with the dative) & verbs	1
The person who gets something is the *receiver*, and Lesson 14 gives the receiver the same endings as the locative: **-a** turns into **-i** (*susjeda → susjedi*), a consonant takes **-u** (*nećak → nećaku*). Ask about the receiver with **Komu?** (to whom?). All the verbs here can take a receiver: *Baki šaljem razglednicu. Nećaku dajem poster. Vjerujem mami.* **primati** is the other side of giving: *Primam paket.* *nositi* (to carry, to bring) is from Vocabulary 5 and works the same way.	1
Receiver: **-a → -i** (*susjedi*), consonant **+u** (*nećaku*). **Komu?** — to whom? *Baki šaljem razglednicu.*	1
The people who get presents, and the verbs for giving. Tap a card to reveal the meaning.	1
godfather, best man	1
to believe, to trust	1
to give back, to return	1
Messages, wishes & December	1
Words for December, for writing to somebody and for the things you give that are not in a box: *savjet, osmijeh, pomoć, ljubav*. *vijest* and *pomoć* end in a consonant but are feminine, like *jesen*: *dobra vijest*. **besplatno** means it costs nothing: *Dajem savjet — besplatno!* **svatko** is everyone, one by one: *Svatko ima jednu želju.*	1
December, messages and gifts without a box. *vijest, pomoć*: feminine. *besplatno* — for free.	1
Wishes, messages and good news for the end of the year. Tap a card to reveal the meaning.	1
agreement, deal	1
Picture-to-word matching, with no English on the page. Most of these can go in a box under the tree, and the last two go on a letter. Say who gets each one: *Nećaku poster. Susjedi sapun.*	1
Say who gets it: *Nećaku poster. Susjedi sapun.*	1
You write each new word once, from its English meaning. Nouns go in their naming form (*nećak*, not *nećaku*) and verbs as an infinitive. The diacritics are full letters: *igračka* has **č**, *kišobran* has **š**, *nećakinja* has **ć** and the single letter **nj**. This is the only page with new words alone; after it they mix with older words.	1
Type each new word once: naming form, infinitive. Diacritics count: *igračka, kišobran, nećakinja*.	1
Timed recognition of today's words mixed with words from Vocabulary 1–13, half and half. December words — *prosinac, blagdan, vijest* — sit next to words you already know, like *hobi, roman, kamp*. Watch the verbs: *posuditi* is to lend, *vratiti* is to give back, *primati* is to receive.	1
New and old words against the clock. *posuditi* lend, *vratiti* give back, *primati* receive.	1
-i or -u for the receiver?	1
Sorting nouns by the ending they take as the receiver — the dative from Lesson 14. In the singular it is the same ending as the locative from Lesson 13: **-a** becomes **-i** (*susjedi, kutiji, čestitki*), a consonant or **-o** takes **-u** (*nećaku, stolu, drvu*). Look at the last letter of the naming form and you know the answer.	1
**-a** → **-i** (*susjedi, kutiji*). Consonant, **-o** → **-u** (*nećaku, drvu*).	1
Which ending does each noun take as the receiver? The last letter of the naming form decides.	1
The final writing round mixes today's words with older ones. Nouns go in their naming form and verbs as infinitives. The diacritics count as always: *osmijeh* has **ij**, *žedan* has **ž**, *doći* has **ć**.	1
Mixed final round. Naming form, infinitive. Diacritics count: *žedan, doći*.	1
Company & Going Out	1
Going out & company	1
Words for a night out and for the people you share it with. **s** / **sa** means *with*, and the person after it takes the instrumental from Lesson 15: *s Markom, sa sestrom*. **sa** comes before s, š, z, ž. Ask about company with **S kim?** (with whom?): *S kim ideš na koncert? — S prijateljem.* **doma** is both *at home* and *(to) home*: *Idem doma. Sjedim doma.* You already know *koncert, kafić, glazba, prijatelj* and *društvo* from earlier levels.	1
Night-out words. **s / sa** + instrumental: *s Markom, sa sestrom*. **S kim?** — with whom?	1
Friends, parties and late nights. Tap a card to reveal the meaning.	1
Transport, verbs & little words	1
New ways to get somewhere. For *how* you travel, the vehicle takes the instrumental with **no preposition**: *Idem skuterom. Putujemo trajektom.* You know *vlak, autobus, auto, tramvaj, bicikl* from Vocabulary 6, and they work the same way: *vlakom, autobusom*. Walking has its own word: **pješice** (on foot). The ten verbs come with their *ja*-form. **padati** is to fall, and it is also how it rains: *Kiša pada.*	1
Means of transport: instrumental, no *s*: *Idem skuterom.* On foot: **pješice**. *Kiša pada* — it's raining.	1
New vehicles, ten new verbs and a few small words. Tap a card to reveal the meaning.	1
Weather & seasons	1
Before you go out, you check the weather: **Kakvo je vrijeme?** *vrijeme* means both *weather* and *time*, and the sentence tells you which. You already know the four seasons (*proljeće, ljeto, jesen, zima*), *sunce* and *snijeg*; together they are **godišnja doba**. Adjectives describe the day: *sunčan dan, kišovit tjedan*. **hladnoća** and **vrućina** are nouns — *the cold, the heat* — next to the adjectives *hladan* and *vruć* you already know.	1
**Kakvo je vrijeme?** — What's the weather like? *vrijeme* = weather or time. *hladnoća, vrućina* are nouns.	1
Rain, wind, sun and everything between. Tap a card to reveal the meaning.	1
Picture-to-word matching, with no English on the page. Half of these belong to a night out, the other half to the sky above it. Say one with *s* for each company word: *s balonom, s pričom.*	1
Night out and weather. Try it with *s*: *s balonom.*	1
Eleven pictures, eleven words. Not sure? Open the dictionary — the floating icon on the right.	1
You write each new word once, from its English meaning. Nouns and adjectives go in their naming form (*skuter*, not *skuterom*) and verbs as an infinitive. The diacritics are full letters: *kiša* has **š**, *mladić* has **ć**, *vrućina* has **ć**, *oblačan* has **č**. This is the only page with new words alone; after it they mix with older words.	1
Type each new word once: naming form, infinitive. Diacritics count: *kiša, mladić, oblačan*.	1
to get to know	1
Timed recognition of today's words mixed with words from Vocabulary 1–14, half and half. Night-out and travel words — *gužva, ponoć, polazak* — sit next to words you already know, like *kaput, meso, gorivo*. Watch the pair *polazak* (departure) and *dolazak* (arrival): only the start is different.	1
New and old words against the clock. *polazak* departure, *dolazak* arrival.	1
-om or -em?	1
Sorting nouns by the ending they take in the instrumental from Lesson 15. Most nouns take **-om**: a consonant adds it (*skuterom, golubom*) and **-a** turns into it (*kišom, tortom*). After a soft sound — **j, lj, nj, č, ć, š, ž** — it becomes **-em**: *mladićem, igračem, izvještajem*. A word on **-i** adds **-j-** first, so it is soft too: *kombijem*, like *taksijem*.	1
Most nouns: **-om** (*skuterom, kišom*). After j, lj, nj, č, ć, š, ž: **-em** (*mladićem*). *kombi → kombijem*.	1
Which ending does each noun take in the instrumental? Look at the last sound of the naming form.	1
-OM	12
The final writing round mixes today's words with older ones. Nouns and adjectives go in their naming form and verbs as infinitives. The diacritics count as always: *pješice* has **š**, *ručak* and *sunčan* have **č**, *džem* starts with the single letter **dž**.	1
Mixed final round. Naming form, infinitive. Diacritics count: *pješice, ručak, džem*.	1
House, Home & Belonging	1
House & home (with the genitive)	1
Grandma's house, room by room and out into the garden. Each noun comes with its genitive from Lesson 16, the form it takes after *bez, iz, kod* or when it belongs to something: *miris kave* (the smell of coffee), *komad torte* (a piece of cake), *boja zida* (the color of the wall). Masculine and neuter nouns end in **-a** (*miris → mirisa, zvono → zvona*), feminine nouns change **-a** to **-e** (*boja → boje*). Watch **lonac → lonca**: the *a* before the last letter drops out, as in *pas → psa*. You already know *kuća, vrt, vrata, kuhinja, zid* and *mjesto* from earlier levels.	1
Home words with the genitive: m./n. **-a** (*miris → mirisa*), f. **-a → -e** (*boja → boje*). *lonac → lonca*.	1
Grandma's world, with the genitive on every card. Tap a card to reveal the meaning.	1
color	2
Prepositions, phrases & cognates	1
All of these prepositions take the **genitive**: *bez šećera, iz Zagreba, kod bake, pokraj kuće, od jutra do večeri*. Most of the place words pair up: **ispred / iza** (in front of / behind), **iznad / ispod** (above / under), and **između** sits in the middle: *između kuće i vrta*. **od** also makes flavors: *čaj od mente, torta od čokolade*. **nakon** means *after* before a noun (*nakon ručka*), while *poslije* from Vocabulary 8 also works on its own (*afterwards*). **Nema** + genitive says something is missing: *Nema problema!*	1
Every preposition here takes the genitive: *bez šećera, iz Zagreba, iza kuće*. **Nema** + genitive: *Nema problema!*	1
"The genitive prepositions and the ""nema"" phrases. Tap a card to reveal the meaning."	1
at (someone's place)	1
There's no internet.	1
Ten new verbs & a few extras	1
Ten verbs for life in and around a house, each with its *ja*-form. **rasti** is irregular: *rastem* (I grow), *U vrtu raste sve.* **naći** is irregular too: *nađem* (I find). **visjeti** is what a picture does on a wall: *Slika visi na zidu.* **dolaziti iz** + genitive says where you are from: *Dolazim iz Zagreba.* The rest are words from grandma's house and the road to the sea: *drvena vrata* (a wooden door), *čaj od mente, čaj od kamilice*, *specijalitet kuće* (the house specialty).	1
Ten verbs with the *ja*-form: *rastem, nađem, visim*. *Dolazim iz Zagreba.* Plus extras from grandma's house.	1
Ten new verbs and a few extra words. Tap a card to reveal the meaning.	1
specialty	2
Picture-to-word matching, with no English on the page. Most of these are things you find in and around grandma's house; one is a verb. Say each noun with *bez* to practise the genitive: *bez lonca, bez slike.*	1
Things from grandma's house. Try each with *bez*: *bez slike.*	1
Nine pictures, nine words. Not sure? Open the dictionary — the floating icon on the right.	2
You write each new word once, from its English meaning. Nouns and adjectives go in their naming form (*miris*, not *mirisa*) and verbs as an infinitive. The diacritics are full letters: *stoljeće* has **ć**, *čuvati* has **č**, *zaključati* has **č**, and *naći* ends in **ć**. This is the only page with new words alone; after it they mix with older words.	1
Type each new word once: naming form, infinitive. Diacritics count: *stoljeće, čuvati, naći*.	1
to look after	1
Timed recognition of today's words mixed with words from Vocabulary 1–15, half and half. The place prepositions — *iznad, ispod, iza, između* — sit next to words you already know, like *vino, kat, centar*. Watch the pair *iznad* (above) and *ispod* (under): only the middle is different.	1
New and old words against the clock. *iznad* above, *ispod* under.	1
-a or -e in the genitive?	1
Sorting nouns by the ending they take in the genitive from Lesson 16. Masculine nouns add **-a** (*miris → mirisa, sir → sira*), and neuter nouns change **-o** to **-a** (*zvono → zvona, jutro → jutra*). Feminine nouns on **-a** change it to **-e** (*boja → boje, čaša → čaše*). So the ending **-a** means two different things: added to a masculine noun, it is the genitive; on a feminine noun, it is the naming form.	1
m. and n.: **-a** (*mirisa, zvona, jutra*). f.: **-a → -e** (*boje, čaše*).	1
Which ending does each noun take in the genitive? Look at the last letter of the naming form.	1
The final writing round mixes today's words with older ones. Nouns and adjectives go in their naming form and verbs as infinitives. The diacritics count as always: *četrdeset* has **č**, *slušati* has **š**, and *mijenjati* has **nj**, one letter written with two signs: *mije-nja-ti*.	1
Mixed final round. Naming form, infinitive. Diacritics count: *četrdeset, slušati, mijenjati*.	1
Recipes & Directions	1
In the kitchen & on the street	1
The words for a recipe and for a walk across town. Most of the kitchen words are in the pancake recipe from Lesson 17: *brašno, tava, marmelada*, and you already know *jaje, mlijeko, sol* and *šećer*. **tijesto** is the dough or batter you mix, and **sastojak** is any one ingredient on the list. In town, the new places are where you turn: *na raskrižju* (at the crossroads), *na kružnom toku* (at the roundabout), *na uglu* (on the corner). You already know *cesta, most, semafor* and *kolodvor*.	1
Recipe words (*brašno, tava, tijesto*) and turning points in town (*raskrižje, kružni tok, ugao*).	1
What you need in the kitchen and where you turn in town. Tap a card to reveal the meaning.	1
Commands (verb → imperative ti / vi)	1
"Twelve verbs for recipes, directions and the football pitch. Each card shows the infinitive, the *ja*-form and the command to one person: *uzeti → uzmem → uzmi*. For a group, or to be polite, add **-te**: *uzmite, skrenite, dođite*. The command comes from the *ti*-form of the present: *dodaš → dodaj*, *uzmeš → uzmi*, *zagriješ → zagrij*. To say ""don't"", use **ne** with the command (*Ne trči!*) or the softer **nemoj / nemojte** with the infinitive (*Nemoj trčati!*). The three modals from Grammar 17 hand the work to an infinitive: *Moram raditi. Možete li skrenuti lijevo?* On its own, **Može!** means ""sure, fine, deal"". Several of these verbs have a partner you already know: *uzimati, dijeliti, prelaziti, žuriti, odmarati*. The ones here are the forms recipes and directions use for one finished step: *Uzmi jaje! Prijeđi cestu!* In recipes you will also meet *izmiješati, ispeći, ispržiti*: mix, bake and fry until it is done."	1
"Infinitive → *ja*-form → command: *uzeti → uzmem → uzmi*. Add **-te** for a group. *nemoj* + infinitive = softer ""don't""."	1
Twelve verbs with their commands, plus the modals. Tap a card to reveal the meaning.	1
Sure! Fine!	1
Which way? Directions & little words	1
"Everything you need to send someone across town. **lijevo, desno, ravno** go with *skrenite* and *idite*: *Skrenite lijevo. Idite ravno.* **naprijed** is forward and **natrag** is back. The four points of the compass, **sjever, jug, istok, zapad**, are all masculine. **zatim** means ""then, after that"" and strings the steps together: *Idite ravno, zatim skrenite desno.* **otprilike** is ""about"": *otprilike dva kilometra*. **uputa** is an instruction, the kind printed on the back of a packet."	1
*lijevo, desno, ravno, naprijed, natrag*. *Idite ravno, zatim skrenite desno.*	1
Directions, distances and a few little words. Tap a card to reveal the meaning.	1
kilometer	2
meter	2
legend	2
Picture-to-word matching, with no English on the page. Seven of these come from the kitchen and the table; two help you find your way. Say each one inside a command: *Uzmi brašno! Zagrij tavu!*	1
Kitchen things and two for the road. Try each in a command: *Uzmi brašno!*	1
You write each new word once, from its English meaning. Nouns go in their naming form and verbs as an infinitive (*miješati*, not *miješaj*). The diacritics are full letters: *miješati* has **š**, *žličica* has **ž** and **č**, and *brašno* has **š**. This is the only page with new words alone; after it they mix with older words.	1
Type each new word once: naming form, infinitive. Diacritics count: *miješati, žličica, brašno*.	1
Timed recognition of today's words mixed with words from Vocabulary 1–16, half and half. Directions sit next to words you already know, like *velik, balon, katedrala*. Watch the pairs *lijevo* (left) and *desno* (right), and *naprijed* (forward) and *natrag* (back): each pair starts with the same letter or two.	1
New and old words against the clock. *lijevo* left, *desno* right.	1
Sort nouns into masculine, feminine and neuter by the last letter, the rule from Grammar 1: a consonant is masculine (*štednjak*, *kiosk*), **-a** is feminine (*tava*, *crkva*), **-o** or **-e** is neuter (*brašno*, *ulje*). The gender matters for today's grammar too: it tells you the ending after a command, as in *Zagrij tavu!* but *Uzmi brašno!*	1
Consonant = masculine (*štednjak*), **-a** = feminine (*tava*), **-o / -e** = neuter (*brašno*).	1
The final writing round mixes today's words with older ones. Nouns and adjectives go in their naming form and verbs as infinitives. The diacritics count as always: *pećnica* has **ć**, *žaba* has **ž**, and *vrhnje* has **nj**, one letter written with two signs: *vrh-nje*.	1
Mixed final round. Naming form, infinitive. Diacritics count: *pećnica, žaba, vrhnje*.	1
Wishes & Dreams	1
Dreams & helpers	1
The words for dreaming out loud. The first card is the heart of the level: the six conditional helpers **bih, bi, bi, bismo, biste, bi** go with the participle you know from Lesson 10: *Kupio bih jahtu.* The polite wish **Htio bih... / Htjela bih...** (a man / a woman speaking) works in every café and shop. The dream itself is **san**, and in the plural **snovi**; **val → valovi** is a wave on the sea. A dream with a million euros in it might hold a **jahta**, a **vila** or a **dvorac** by the **obala**, with **palma** and **pijesak**. The last three cards are about the dreamer: **bogat** (rich), **siromašan** (poor), **slavan** (famous).	1
The helpers *bih, bi, bismo, biste* + the Lesson 10 participle: *Kupio bih jahtu.* Polite wish: *Htio / Htjela bih...*	1
Helpers, dreams and a place by the sea. Tap a card to reveal the meaning.	1
would (the conditional helpers)	1
I would like... (m./f.)	1
dream → dreams	1
wave → waves	1
fantasy	1
alarm	1
Verbs, little words & cognates	1
"Eleven verbs for wishing, worrying and dreaming. Each card shows the infinitive and the *ja*-form: *sanjati → sanjam*. Five of them carry a little **se**: *nadati se, bojati se, brinuti se, ljutiti se, smijati se*. The **se** stays with the verb: *Nadam se. Bojim se. Ne brinem se.* In the conditional the participle does the work: *dobio bih, zamislila bih*. **sjati** is almost always about the sun or the stars: *Sunce sja.* The little words help a dream along: **prvo** (first), **ovako** (like this), **isti** (the same), **baš** (really, just), **ako** (if). **k meni** means ""to my place"": *Bi li dolazio k meni ljeti?* And when a plan is settled: **Dogovoreno!**"	1
Infinitive → *ja*-form: *sanjati → sanjam*. Emotion verbs keep **se**: *Nadam se. Bojim se.* **ako** = if.	1
Eleven verbs, a few little words and two cognates. Tap a card to reveal the meaning.	1
to shine	1
first	1
really, just (for emphasis)	1
to my place	1
Feelings	1
Nouns and adjectives for how a dream feels. **sreća** is both happiness and luck. Several nouns sit next to a verb from the page before: *nada* and *nadati se*, *strah* and *bojati se*, *briga* and *brinuti se*, *ljutnja* and *ljutiti se*, *smijeh* and *smijati se*, *osjećaj* and *osjećati*. **radost** is feminine even though it ends in a consonant, like *budućnost*. The adjectives take the usual endings: *ponosan, ponosna, ponosno*. A woman says *Uzbuđena sam*, a man *Uzbuđen sam*.	1
*nada · nadati se*, *strah · bojati se*, *briga · brinuti se*. *radost* is feminine.	1
Eighteen words for feelings. Tap a card to reveal the meaning.	1
Twelve dream words matched with their English meaning. Most come from Practice 18, the text about a million euros and the perfect day. Say each one inside a dream: *Kupio bih dvorac. Htjela bih vilu.*	1
Dream words and their meanings. Try each in a wish: *Kupio bih dvorac.*	1
Match each dream word with its English meaning.	1
You write each new word once, from its English meaning. Nouns and adjectives go in their naming form and verbs as an infinitive (*sanjati*, not *sanjam*). The verbs with **se** are written with it: *nadati se, bojati se*. The diacritics are full letters: *štedjeti* has **š**. Watch **je** and **ije** too: *uspjeh, štedjeti, smijati se*. This is the only page with new words alone; after it they mix with older words.	1
Type each new word once: naming form, infinitive with **se** where it belongs. Diacritics count: *štedjeti*.	1
"Timed recognition of today's words mixed with words from Vocabulary 1–17, half and half. Feelings sit next to words you already know, like *đak, dar, ekran*. Watch **san** and **spavati**: *san* is the dream (and the sleep you have), *spavati* is the verb ""to sleep""."	1
New and old words against the clock. *san* dream, *spavati* to sleep.	1
Sort nouns into masculine and feminine by the last letter, the rule from Grammar 1: a consonant is masculine (*san*, *ključ*), **-a** is feminine (*zvijezda*, *sestra*). The gender matters in the conditional too: the participle follows the noun, as in *Val bi došao* but *Zvijezda bi sjala*. None of today's nouns is neuter, so there are only two columns. *radost* and *budućnost* are left out on purpose: they end in a consonant but are feminine.	1
Consonant = masculine (*san*), **-a** = feminine (*zvijezda*). *Val bi došao, zvijezda bi sjala.*	1
The final writing round mixes today's words with older ones. Nouns and adjectives go in their naming form and verbs as infinitives. The diacritics count as always: *iznenađen* has **đ**, *razočaran* has **č**, and *ljubomoran* starts with **lj**, one letter written with two signs: *lju-bo-mo-ran*.	1
Mixed final round. Naming form, infinitive. Diacritics count: *iznenađen, razočaran, ljubomoran*.	1
Stories & Events	1
Verb twins (process → done)	1
The heart of this level: almost every verb has a twin. The first verb on each card is one you know; it tells the **process**, the doing (*pisati*, to be writing). The second is its new twin; it tells that the job got **done** (*napisati*, to get it written). Most twins are made with a prefix: **na-** (*napisati, naučiti, nacrtati*), **po-** (*popiti, pojesti, pogledati, poslati*), **pro-** (*pročitati*), **s-** (*skuhati*), **o-** (*oprati, očistiti*). Some pairs change the ending instead: *odgovarati → odgovoriti*, *završavati → završiti*, *nastavljati → nastaviti*, *objašnjavati → objasniti*; and *kupovati → kupiti*, *počinjati → početi* are two different shapes. The *ja*-form of a done twin sounds like a present, but it talks about the finish: *napišem, pročitam, popijem, pojedem, kupim, pošaljem, počnem*.	1
Known verb = process (*pisati*), new twin = done (*napisati*). Prefixes **na-, po-, pro-, s-, o-**; or a new ending: *završavati → završiti*.	1
"Eighteen pairs: the process verb, then its ""done"" twin. Tap a card to reveal the meaning."	1
write → finish writing	1
read → read through	1
drink → drink up	1
eat → eat up	1
study → learn	1
watch → take a look	1
shop for → buy	1
send → send off	1
cook → get it cooked	1
draw → finish drawing	1
wash → get it washed	1
clean → clean up	1
answer → give an answer	1
be finishing → finish	1
be finishing off → finish off	1
be starting → start	1
keep going → continue	1
be explaining → explain	1
Time signals & more	1
Little words tell you which twin to pick. **napokon** (finally), **odjednom** (suddenly), **jednom** (once) and **dva puta** (twice) point to the done twin: *Napokon je napisao pismo!* Known words do the same job: *odmah, za dvije minute*. On the process side stand *polako, dugo, cijeli dan, svaki dan*. **skoro** means almost: *Skoro! Napisao sam pola.* **već** is already, **opet** again, **upravo** just (right now), **usput** along the way. Then the words from Marko's homework and letter: **stranica, lektira** (the book the school tells you to read), **marka** (a stamp for the letter), **rečenica, bilježnica, zadatak**. **gotov** means finished, ready: *Sve je gotovo.*	1
*napokon, odjednom, jednom, dva puta* → done twin. *polako, dugo, cijeli dan* → process twin. *gotov* = finished, ready.	1
Time signals, school words and a few more. Tap a card to reveal the meaning.	1
Ten verbs & race words	1
Ten verbs with their *ja*-form. Four are built on *pisati*, but the prefix changes the meaning, so they are new verbs, not twins: **opisati** (to describe), **potpisati** (to sign), **zapisati** (to note down), **prepisati** (to copy out). *pričati* (to chat) gets a new meaning in **ispričati**: to tell a whole story. **sjetiti se** keeps its **se**: *Sjetim se.* Watch the sounds: *plakati → plačem*, *brisati → brišem*. Last come the words of a race, where process and done meet: the **start**, the **sprint**, the **finiš**, the **rezultat**, and with luck a **pobjeda** and a **medalja**. A **maraton** is the best picture of the process twin.	1
Infinitive → *ja*-form: *plakati → plačem*. *opisati, potpisati, zapisati, prepisati* are new verbs, not twins. Race words: *start, finiš, rezultat, pobjeda*.	1
Ten verbs and eight words from the race track. Tap a card to reveal the meaning.	1
sprint	1
start	1
finish (of a race)	1
process	1
Match the pairs (twins)	1
Twelve pairs from the first page. Find the done twin for each process verb. The prefix is usually the clue: *na-, po-, pro-, s-*. Two pairs change the ending: *nastavljati → nastaviti*, and *počinjati → početi* changes almost the whole word. Say both aloud: *Pisao sam... Napisao sam!*	1
Process verb ↔ done twin. Look for the prefix: *pisati → napisati*.	1
"Pair the twins: process with its ""done"" version."	1
"You write each new word once, from its English meaning. Verbs go in as an infinitive (*napisati*, not *napišem*). When the English says ""finish"" or ""up"", it asks for the done twin: *to drink up* is *popiti*, not *piti*. The diacritics are full letters: *plakati* is plain, but *pročitati* has **č** and *već* has **ć**. This is the only page with new words alone; after it they mix with older words."	1
"Type each new word once, as an infinitive. ""finish"", ""up"", ""through"" = the done twin. Diacritics count: *pročitati, već*."	1
Timed recognition of today's words mixed with words from Vocabulary 1–18, half and half. Time signals sit next to words you already know, like *jučer, sin, gitara*. Watch **šutjeti** and **sjediti**: they look alike, but *šutjeti* is to be silent and *sjediti* is to sit. And **skoro** is almost, while **upravo** is just, right now.	1
New and old words against the clock. *šutjeti* to be silent, *sjediti* to sit.	1
A Croatian word appears. Tap its English meaning before the timer runs out!	2
Sort nouns into masculine and feminine by the last letter, the rule from Grammar 1: a consonant is masculine (*maraton*, *sin*), **-a** is feminine (*stranica*, *lopta*). The gender shows up in the past tense, too: *Rezultat je napokon došao*, but *Pobjeda je napokon došla*. None of today's nouns is neuter, so there are only two columns. *zadatak* and *trenutak* lose their second **a** in other forms (*zadatka*), but the naming form still ends in a consonant.	1
Consonant = masculine (*maraton*), **-a** = feminine (*stranica*). *Rezultat je došao, pobjeda je došla.*	1
The final writing round mixes today's words with older ones. Nouns and adjectives go in their naming form and verbs as infinitives. **dnevni boravak** is two words, with a space. The diacritics count as always: *važan* has **ž**, and *Hrvatica* starts with a capital letter, like every nationality.	1
Mixed final round. Naming form, infinitive. *dnevni boravak* is two words. Diacritics count: *važan*.	1
The final challenge: type each word in Croatian. Remember: Croatian is written exactly as it sounds.	1
dnevni boravak	1
once	1
Memories & Big Sentences	1
Connectors	1
"The last level joins whole thoughts into one big sentence. Five of these connectors you have met before, and here they get their big job: **jer** (because), **kad** (when, the short form of *kada*), **ako** (if), **koji / koja / koje** (which, that, who) and **da** (that), the word you know as ""yes"". The new ones are **zato što**, a longer *because* (*Učim hrvatski zato što volim jezik*), **dok** (while), **iako** (although) and **kao** (like, as): *jezik koji zvuči kao glazba*. **koji** takes the gender of the noun it describes: *film koji*, *knjiga koja*, *more koje*. **da** follows verbs like *znati, misliti, reći*: *Znam da je Zagreb velik.* Then come little words for a story: **čak** (even), **ipak** (still, after all), **dakle** (so), **mnogo** (many, a lot), **neki** (some), **onaj** (that one over there), and two phrases, **prvi put** (the first time) and **jednog dana** (one day)."	1
*jer, kad, ako, koji, da* in their big-sentence job; new: *zato što, dok, iako, kao*. *koji* follows the gender of the noun: *film koji, knjiga koja, more koje*.	1
The words that join thoughts, and little words for a story. Tap a card to reveal the meaning.	1
that (Znam da...)	1
that one (over there)	1
Summer, memories & final cognates	1
The words of a summer you remember. An **uspomena** is a memory you keep, and the **prošlost** is the past. On the island there is the **riva** (the seaside promenade where people walk in the evening), a quiet **uvala** (cove), a **svjetionik** (lighthouse), a **jedrilica** (sailboat), a **ribar** (fisherman), a **galeb** (seagull) and a **školjka** (seashell) on the beach. **zemlja** is a country or the land, and **država** is a state: *gradovi koji su stariji od mnogih država*. **život** is life, **priroda** nature, and a **dnevnik** is the diary where you write it all down. Last come the cognates of the course itself: *melodija, diploma, certifikat, gramatika, vokabular*. Order a coffee on the riva **bez greške**, without a mistake (**greška**)!	1
*uspomena* = memory, *prošlost* = past. Island words: *riva, uvala, svjetionik, galeb*. *zemlja* = country, land; *država* = state.	1
The vocabulary of memories — the last batch of the course! Tap a card to reveal the meaning.	1
diploma	1
certificate	1
grammar	1
vocabulary	1
Verbs & words for learning	1
Ten verbs with their *ja*-form, and two you mostly meet as *it*: **trajati → traje** (it lasts: *Film traje tri sata*) and **postojati → postoji** (there is: *Postoji ljeto koje nikad neću zaboraviti*). **zaboraviti** is to forget and **pamtiti** to keep in memory. **zvučati** gives the course its last sentence: *jezik koji zvuči kao glazba*. **izgledati** is to look like, to seem (*Otok je izgledao malen*), not *gledati*, to watch. Watch the *ja*-forms: *otkriti → otkrijem*, *postati → postanem*, *reći → reknem*; **vratiti se** keeps its **se**. Then words about learning: **smisao** (sense), **učenje**, **znanje**, **pravilo**, **rječnik**, and three adjectives: **lak** (easy, light), **dug** (long), **sličan** (similar).	1
Infinitive → *ja*-form: *otkriti → otkrijem, reći → reknem*. *trajati → traje*, *postojati → postoji*. *izgledati* = to seem, not *gledati*.	1
Twelve verbs and eight words for learning. Tap a card to reveal the meaning.	1
to exist, there is	1
Twelve nouns from the summer page, each with its English meaning. Picture the island: the **galeb** above the **svjetionik**, the **jedrilica** in the **uvala**, the **ribar** on the **riva**. Two pairs are easy to swap: **uspomena** is a memory, but **prošlost** is the past.	1
Summer nouns ↔ English. *uspomena* = memory, *prošlost* = past.	1
Match each word with its English meaning.	1
You write each new word once, from its English meaning. Verbs go in as an infinitive (*zaboraviti*, not *zaboravim*), and **vratiti se** keeps its **se**. Connectors go in as they are: *while* is **dok**, *although* is **iako**. The diacritics are full letters: *greška* has **š**, *život* has **ž**. This is the only page with new words alone; after it they mix with older words.	1
Type each new word once, as an infinitive. *vratiti se* keeps **se**. Diacritics count: *greška, život*.	1
Timed recognition of today's words mixed with words from Vocabulary 1–19, half and half. Watch the three little connectors: **ako** is if, **iako** is although, and **dok** is while. **pamtiti** is to remember, but **zaboraviti** is to forget. And **davati** is to give, while **dijeliti** is to share.	1
New and old words against the clock. *ako* = if, *iako* = although, *dok* = while.	1
Sort by koji / koja / koje	1
The glue word of this level takes the gender of its noun, so the last letter decides again, the rule from Grammar 1. A consonant is masculine: *hotel **koji** je velik*. **-a** is feminine: *minuta **koja** traje dugo*. **-o** and **-e** are neuter: *pravilo **koje** je lako*. *dolazak* loses its second **a** in other forms (*dolaska*), but the naming form ends in a consonant, so it is **koji**. **ime** ends in **-e**: *ime koje pamtim*.	1
Consonant → **koji**, **-a** → **koja**, **-o / -e** → **koje**. *hotel koji, minuta koja, pravilo koje*.	1
koji	7
koja	7
koje	5
"Which form of ""koji"" goes with each noun? Look at the last letter and drop the word into the right column."	1
The last writing round of the course mixes today's words with older ones. Nouns and adjectives go in their naming form and verbs as infinitives. **televizor** is the set in your living room. The diacritics count as always: *trčati* has **č**, *sličan* has **č**, and *zvučati* has **č** too.	1
Mixed final round. Naming form, infinitive. Diacritics count: *trčati, sličan, zvučati*.	1
The final challenge of the course: type each word in Croatian. Remember: Croatian is written exactly as it sounds.	1
