kategorija	datoteka	kljuc_en	de	detalj
nekonzistentno	sucelje-de.tsv	The market	Der Markt	auf den markt | der markt
nekonzistentno	prijevod-de.tsv	the market	auf den Markt	auf den markt | der markt
nekonzistentno	sucelje-de.tsv	I am a student.	Ich bin Studentin.	ich bin student | ich bin studentin
nekonzistentno	prijevod-de.tsv	I am a student.	Ich bin Student.	ich bin student | ich bin studentin
nekonzistentno	prijevod-de.tsv	it will be perfect	es wird perfekt sein	es wird perfekt | es wird perfekt sein
nekonzistentno	prijevod-de.tsv	It will be perfect!	Es wird perfekt!	es wird perfekt | es wird perfekt sein
nekonzistentno	prijevod-de.tsv	It will be perfect.	Es wird perfekt sein.	es wird perfekt | es wird perfekt sein
nekonzistentno	sucelje-de.tsv	place 	Platz 	ort | platz
nekonzistentno	prijevod-de.tsv	PLACE	ORT	ort | platz
nekonzistentno	prijevod-de.tsv	place	Ort	ort | platz
nekonzistentno	sucelje-de.tsv	Everything you met	Alles, was du getroffen hast	alles, was du getroffen hast | alles, was du kennengelernt hast
nekonzistentno	prijevod-de.tsv	Everything you met	Alles, was du kennengelernt hast	alles, was du getroffen hast | alles, was du kennengelernt hast
nekonzistentno	sucelje-de.tsv	Welcome to your first real Croatian lesson!	@blobby	@blobby | willkommen zu deiner ersten richtigen kroatischlektion
nekonzistentno	prijevod-de.tsv	Welcome to your first real Croatian lesson!	Willkommen zu deiner ersten richtigen Kroatischlektion!	@blobby | willkommen zu deiner ersten richtigen kroatischlektion
nekonzistentno	prijevod-de.tsv	Memory	Memory	erinnerung | memory
nekonzistentno	prijevod-de.tsv	memory	Erinnerung	erinnerung | memory
nekonzistentno	prijevod-de.tsv	home	Zuhause	start | zuhause
nekonzistentno	sucelje-de.tsv	Home	Start	start | zuhause
nekonzistentno	sucelje-de.tsv	Spot the pattern:	@blobby	@blobby | erkenne das muster
nekonzistentno	prijevod-de.tsv	Spot the pattern	Erkenne das Muster	@blobby | erkenne das muster
nekonzistentno	prijevod-de.tsv	NUMBER	ZAHL	nummer | zahl
nekonzistentno	prijevod-de.tsv	number	Nummer	nummer | zahl
nekonzistentno	prijevod-de.tsv	Summer is coming!	Der Sommer kommt!	@blobby | der sommer kommt
nekonzistentno	sucelje-de.tsv	Summer is coming	@blobby	@blobby | der sommer kommt
nekonzistentno	sucelje-de.tsv	Let's talk about yesterday.	@blobby	@blobby | reden wir über gestern
nekonzistentno	prijevod-de.tsv	Let's talk about yesterday.	Reden wir über gestern.	@blobby | reden wir über gestern
nekonzistentno	sucelje-de.tsv	How was it?	Wie war es?	wie war es | wie war's
nekonzistentno	prijevod-de.tsv	How was it?	Wie war's?	wie war es | wie war's
nekonzistentno	sucelje-de.tsv	post office	Post	post | post, postamt
nekonzistentno	prijevod-de.tsv	post office	Post, Postamt	post | post, postamt
nekonzistentno	sucelje-de.tsv	Add 	 	 | füg hinzu
nekonzistentno	prijevod-de.tsv	Add!	Füg hinzu!	 | füg hinzu
nekonzistentno	prijevod-de.tsv	PROCESS	ABLAUF	ablauf | prozess, ablauf
nekonzistentno	prijevod-de.tsv	process	Prozess, Ablauf	ablauf | prozess, ablauf
nekonzistentno	prijevod-de.tsv	Drop the pronoun	Lass das Pronomen weg	@blobby | lass das pronomen weg
nekonzistentno	sucelje-de.tsv	Drop the pronoun:	@blobby	@blobby | lass das pronomen weg
nekonzistentno	sucelje-de.tsv	Lesson 	Lektion 	lektion | unterrichtsstunde
nekonzistentno	prijevod-de.tsv	lesson	Unterrichtsstunde	lektion | unterrichtsstunde
nekonzistentno	sucelje-de.tsv	Lesson	Lektion	lektion | unterrichtsstunde
nekonzistentno	prijevod-de.tsv	notebook	Heft	heft | notizbuch
nekonzistentno	sucelje-de.tsv	Notebook	Notizbuch	heft | notizbuch
nekonzistentno	sucelje-de.tsv	Read: 	Gelesen: 	gelesen | lesen
nekonzistentno	sucelje-de.tsv	Read	Lesen	gelesen | lesen
nekonzistentno	prijevod-de.tsv	read	gelesen	gelesen | lesen
nekonzistentno	prijevod-de.tsv	present	Geschenk	geschenk | präsens
nekonzistentno	sucelje-de.tsv	Present	Präsens	geschenk | präsens
nekonzistentno	prijevod-de.tsv	open	offen	offen | öffnen
nekonzistentno	sucelje-de.tsv	Open 	Öffnen: 	offen | öffnen
nekonzistentno	prijevod-de.tsv	Food	Essen	essen | essen, lebensmittel
nekonzistentno	prijevod-de.tsv	food	Essen, Lebensmittel	essen | essen, lebensmittel
nekonzistentno	prijevod-de.tsv	Yesterday I watched a film.	Gestern habe ich einen Film gesehen.	gestern habe ich einen film geschaut | gestern habe ich einen film gesehen
nekonzistentno	sucelje-de.tsv	Yesterday I watched a film.	Gestern habe ich einen Film geschaut.	gestern habe ich einen film geschaut | gestern habe ich einen film gesehen
nekonzistentno	prijevod-de.tsv	It was great!	Es war toll!	es war super | es war toll
nekonzistentno	sucelje-de.tsv	It was great!	Es war super!	es war super | es war toll
nekonzistentno	sucelje-de.tsv	level 	Stufe 	level | stufe
nekonzistentno	sucelje-de.tsv	Level	Level	level | stufe
nekonzistentno	sucelje-de.tsv	Level 	Level 	level | stufe
nekonzistentno	sucelje-de.tsv	 waiting	 warten	warten | wartet
nekonzistentno	sucelje-de.tsv	Waiting	Wartet	warten | wartet
zaostali_en	prijevod-de.tsv	"Croatian questions are beautifully simple — question word + **je**: *Tko je to?* — Who is that? *Što je to?* — What is that? *Gdje je torta?* — Where is the cake? No ""do"", no ""does"", no word-order gymnastics."	Kroatische Fragen sind wunderbar einfach – Fragewort + **je**, genau wie im Deutschen: *Tko je to?* – Wer ist das? *Što je to?* – Was ist das? *Gdje je torta?* – Wo ist die Torte? Keine Extrawörter, keine Akrobatik mit der Wortstellung.	to
Sie/Ihr	prijevod-de.tsv	Open the bag.	Öffnen Sie die Tasche.	Öffnen Sie die Tasche.
Sie/Ihr	prijevod-de.tsv	tab: vi | **ste** | you are	tab: vi | **ste** | ihr seid / Sie sind	tab: vi | **ste** | ihr seid / Sie sind
Sie/Ihr	prijevod-de.tsv	**Nothing new here — the Lesson 1 rule just met people.** The adjective copies whoever it describes.	**Hier ist nichts neu – die Regel aus Lektion 1 trifft nur auf Menschen.** Das Adjektiv ahmt nach, wen es beschreibt. Anders als im Deutschen ändert sich das Adjektiv auch nach „ist“: *Er ist groß – Sie ist groß* heißt *On je visok – Ona je visoka*.	Anders als im Deutschen ändert sich das Adjektiv auch nach „ist“: *Er ist groß –
Sie/Ihr	prijevod-de.tsv	tab: pronoun + biti + adjective | Ona je vesela. | She is cheerful.	tab: Pronomen + biti + Adjektiv | Ona je vesela. | Sie ist fröhlich.	| Sie ist fröhlich.
Sie/Ihr	prijevod-de.tsv	**vi** = several people — or **one** person you're being polite to. Same word, and the verb is always **ste**.	**vi** = mehrere Leute – oder **eine** Person, zu der du höflich bist. Wie *ihr* und *Sie* in einem Wort, und das Verb ist immer **ste**.	Wie *ihr* und *Sie* in einem Wort, und das Verb ist immer **ste**.
Sie/Ihr	prijevod-de.tsv	tab: you (plural) | **vas** | Čekam **vas**.	tab: euch / Sie | **vas** | Čekam **vas**.	tab: euch / Sie | **vas** | Čekam **vas**.
Sie/Ihr	prijevod-de.tsv	**A curiosity about *djeca* and *braća*:** they mean many people and take a plural verb — *Djeca su dobra* — but as a target they change like a single feminine word: *Vidim **djecu***, exactly like *Vidim ženu*.	**Eine Kuriosität bei *djeca* und *braća*:** Sie bedeuten viele Menschen und nehmen ein Verb im Plural – *Djeca su dobra* –, aber als Ziel ändern sie sich wie ein einzelnes feminines Wort: *Vidim **djecu***, genau wie *Vidim ženu*.	**Eine Kuriosität bei *djeca* und *braća*:** Sie bedeuten viele Menschen und neh
englisch	prijevod-de.tsv	"**The helpers:** ja ću · ti ćeš · on/ona/ono će · mi ćemo · vi ćete · oni će. These are short forms of *htjeti* (to want) — historically, ""I will swim"" grew out of ""I want to swim"". English did exactly the same with *will*!"	**Die Hilfswörter:** ja ću · ti ćeš · on/ona/ono će · mi ćemo · vi ćete · oni će. Das sind Kurzformen von *htjeti* (wollen) – historisch ist „ich werde schwimmen“ aus „ich will schwimmen“ entstanden. Das Englische hat mit *will* genau dasselbe gemacht!	
Sie/Ihr	prijevod-de.tsv	tab: your (plural, polite) | vaš | vaša | vaše	tab: euer, Ihr | vaš | vaša | vaše	tab: euer, Ihr | vaš | vaša | vaše
Sie/Ihr	prijevod-de.tsv	**They take cases too.** *Koj**u** knjigu čitaš?* — that's the *-a → -u* rule from Lesson 5, still doing its job inside a question.	**Sie nehmen auch Fälle.** *Koj**u** knjigu čitaš?* – das ist die Regel *-a → -u* aus Lektion 5, die auch in einer Frage ihre Arbeit tut.	**Sie nehmen auch Fälle.** *Koj**u** knjigu čitaš?* – das ist die Regel *-a → -u
zaostali_en	prijevod-de.tsv	***Što* does not split**: it is *što* as the subject and *što* as the target — *Što je to?* and *Što kupuješ?*	***Što* teilt sich nicht**: Es ist *što* als Subjekt und *što* als Ziel – *Što je to?* und *Što kupuješ?* –, genau wie *was*.	to
Sie/Ihr	prijevod-de.tsv	**ni alone — not even, (not) either:** *Ne pijem **ni** vodu.* — I don't even drink water. · *Ana ne jede meso. Ne jede **ni** ribu.* — She doesn't eat fish either.	**ni allein – nicht einmal, auch nicht:** *Ne pijem **ni** vodu.* – Ich trinke nicht einmal Wasser. · *Ana ne jede meso. Ne jede **ni** ribu.* – Sie isst auch keinen Fisch.	Ne jede **ni** ribu.* – Sie isst auch keinen Fisch.
Sie/Ihr	prijevod-de.tsv	tab: **Još** nije platila. | She hasn't paid yet.	tab: **Još** nije platila. | Sie hat noch nicht bezahlt.	| Sie hat noch nicht bezahlt.
Sie/Ihr	prijevod-de.tsv	**Masculine words keep their k and g.** Their ending is **-u**, not **-i**, so nothing changes: *u parku, u hodniku, na otoku, na trgu.*	**Maskulina behalten ihr k und g.** Ihre Endung ist **-u**, nicht **-i**, also ändert sich nichts: *u parku, u hodniku, na otoku, na trgu.*	**Maskulina behalten ihr k und g.** Ihre Endung ist **-u**, nicht **-i**, also ä
Sie/Ihr	prijevod-de.tsv	**Second place, as with sam and ga.** The short form comes after the first word or phrase, also after *da, jer, ako, kad*: *Znam da **mu** šalješ paket.* It never opens a sentence: *Mu dajem loptu* is wrong.	**Zweite Stelle, wie bei sam und ga.** Die kurze Form kommt nach dem ersten Wort oder der ersten Wortgruppe, auch nach *da, jer, ako, kad*: *Znam da **mu** šalješ paket.* Sie eröffnet nie einen Satz: *Mu dajem loptu* ist falsch.	**Zweite Stelle, wie bei sam und ga.** Die kurze Form kommt nach dem ersten Wort
Sie/Ihr	prijevod-de.tsv	Marko izlazi ___ . (with you, polite)	Marko izlazi ___ . (mit Ihnen, höflich)	(mit Ihnen, höflich)
Sie/Ihr	prijevod-de.tsv	Turn left! (polite)	Biegen Sie links ab! (höflich)	Biegen Sie links ab!
Sie/Ihr	prijevod-de.tsv	Can you turn right? (polite)	Können Sie rechts abbiegen? (höflich)	Können Sie rechts abbiegen?
Sie/Ihr	prijevod-de.tsv	**Politeness.** *Želim kavu.* → ***Htio / Htjela bih** kavu.* A request becomes softer again with *moći*: ***Biste li mogli** doći u osam?*	**Höflichkeit.** *Želim kavu.* → ***Htio / Htjela bih** kavu.* Eine Bitte wird mit *moći* noch sanfter: ***Biste li mogli** doći u osam?* – Könnten Sie um acht kommen?	**Höflichkeit.** *Želim kavu.* → ***Htio / Htjela bih** kavu.* Eine Bitte wird m
Sie/Ihr	prijevod-de.tsv	Could you wait? (polite)	Könnten Sie warten? (höflich)	Könnten Sie warten?
Sie/Ihr	prijevod-de.tsv	*Pisati → napisati* only adds *finished*. Many other prefixes do more: **they change the meaning**, and the new verb is a different word, not a twin.	*Pisati → napisati* fügt nur *fertig* hinzu. Viele andere Vorsilben tun mehr: **Sie ändern die Bedeutung**, und das neue Verb ist ein anderes Wort, kein Zwilling – wie im Deutschen *schreiben → unterschreiben, beschreiben*.	Viele andere Vorsilben tun mehr: **Sie ändern die Bedeutung**, und das neue Verb
Sie/Ihr	prijevod-de.tsv	Please sign here.	Bitte unterschreiben Sie hier.	Bitte unterschreiben Sie hier.
Sie/Ihr	prijevod-de.tsv	Sign here, please. (polite)	Unterschreiben Sie bitte hier. (höflich)	Unterschreiben Sie bitte hier.
Sie/Ihr	prijevod-de.tsv	tab: reći | Rekao je **da** nema vremena. / Rekla je **da** nema vremena. | He / She said he / she had no time.	tab: reći | Rekao je **da** nema vremena. / Rekla je **da** nema vremena. | Er / Sie hat gesagt, dass er / sie keine Zeit hat.	| Er / Sie hat gesagt, dass er / sie keine Zeit hat.
zvjezdice	prijevod-de.tsv	**No tense shift.** English turns *He said: I am tired* into *He said he **was** tired*. Croatian keeps the original tense: *Rekao je **da je** umoran.*	**Keine Zeitverschiebung.** Das Deutsche macht aus *Er sagte: Ich bin müde* oft *Er sagte, er sei müde*. Das Kroatische behält einfach die ursprüngliche Zeitform: *Rekao je **da je** umoran.*	
Sie/Ihr	prijevod-de.tsv	Flashcards for the seven pronouns. The one to think about is *vi*: it covers a group **and** a single person you are being polite to, while *ti* is for one friend, child or close relative. *Tko* means *who*, and *ovo* means *this*.	Karteikarten für die sieben Pronomen. Das eine, über das du nachdenken solltest, ist *vi*: Es steht für eine Gruppe **und** für eine einzelne Person, zu der du höflich bist – genau wie *ihr* und *Sie* im Deutschen zusammen. *ti* ist für einen Freund, ein Kind oder einen nahen Verwandten, wie *du*. *Tko* bedeutet *wer*, und *ovo* bedeutet *das*.	Das eine, über das du nachdenken solltest, ist *vi*: Es steht für eine Gruppe **
Sie/Ihr	prijevod-de.tsv	The pronouns. *ti* = one friend; *vi* = a group, or one person you address politely. *tko* = who, *ovo* = this.	Die Pronomen. *ti* = du; *vi* = ihr, oder Sie (höflich). *tko* = wer, *ovo* = das.	*ti* = du; *vi* = ihr, oder Sie (höflich).
Sie/Ihr	prijevod-de.tsv	you (plural or polite)	ihr; Sie (höflich)	ihr; Sie (höflich)
Sie/Ihr	prijevod-de.tsv	tab: vi | ste | you are (more than one)	tab: vi | ste | ihr seid / Sie sind	tab: vi | ste | ihr seid / Sie sind
Sie/Ihr	prijevod-de.tsv	**A word about mi, vi, oni.** They talk about more than one person, so the word after them needs a plural. For now one ending does the job: add **-i** — and a word that drops a vowel keeps dropping it: *student → studenti*, *prijatelj → prijatelji*, *sretan → sretni*, *umoran → umorni*, *veseo → veseli*. One thing to know in advance: with the polite *vi* the adjective goes plural but the noun stays singular — *Vi ste profesor*, *Vi ste ljubazni*. The full plural rules come in Lesson 7.	**Ein Wort zu mi, vi, oni.** Sie sprechen über mehr als eine Person, also braucht das Wort danach einen Plural. Vorerst erledigt das eine Endung: Häng **-i** an – und ein Wort, das einen Vokal verliert, verliert ihn auch hier: *student → studenti*, *prijatelj → prijatelji*, *sretan → sretni*, *umoran → umorni*, *veseo → veseli*. Eins solltest du vorab wissen: Beim höflichen *vi* (Sie) steht das Adjektiv im Plural, das Nomen aber im Singular – *Vi ste profesor*, *Vi ste ljubazni*. Die vollständigen Pluralregeln kommen in Lektion 7.	**Ein Wort zu mi, vi, oni.** Sie sprechen über mehr als eine Person, also brauch
zvjezdice	prijevod-de.tsv	**The ending is the name tag.** **-m** = me, **-š** = you, nothing extra = he or she.	**Die Endung ist das Namensschild.** **-m** = ich, **-š** = du, nichts extra = er oder sie. Das kennst du vom Deutschen: *les**e**, lies**t**, lies**t*** – nur dass im Kroatischen die Endung so deutlich ist, dass man das Pronomen weglässt.	
zvjezdice	prijevod-de.tsv	"**Three connectors, three jobs.** English uses ""and"" for the first two — Croatian is more precise."	**Drei Bindewörter, drei Aufgaben.** Das Deutsche nimmt für die ersten beiden meist „und“ – das Kroatische ist genauer. **a** ist eher wie „und“ mit einem Hauch von „während“.	
englisch	prijevod-de.tsv	"**No word for ""do"" or ""does"".** English needs a helper to ask a question — *what **does** dad do?* Croatian doesn't: the question word plus the ordinary present tense from Lesson 3 is the whole question. *Što radi tata?*"	**Kein Hilfsverb nötig.** Das Englische braucht für Fragen ein *do/does* – das Kroatische, genau wie das Deutsche, nicht: Fragewort plus das gewöhnliche Präsens aus Lektion 3 ist die ganze Frage. *Što radi tata?* – Was macht Papa?	
zvjezdice	prijevod-de.tsv	"**No word for ""do"" or ""does"".** English needs a helper to ask a question — *what **does** dad do?* Croatian doesn't: the question word plus the ordinary present tense from Lesson 3 is the whole question. *Što radi tata?*"	**Kein Hilfsverb nötig.** Das Englische braucht für Fragen ein *do/does* – das Kroatische, genau wie das Deutsche, nicht: Fragewort plus das gewöhnliche Präsens aus Lektion 3 ist die ganze Frage. *Što radi tata?* – Was macht Papa?	
zvjezdice	prijevod-de.tsv	**A *zašto*-question is answered with *jer*** (*because*) — the fourth connector, waiting for you in this level's Grammar. *Zašto baka kuha? — **Jer** je subota.*	**Eine *zašto*-Frage wird mit *jer*** (*weil*) **beantwortet** – das vierte Bindewort, das in der Grammatik dieses Levels auf dich wartet. *Zašto baka kuha? — **Jer** je subota.*	
Sie/Ihr	prijevod-de.tsv	**The recipe: verb first, then *li*, then the rest.** Nothing else changes — no helper word, no new endings.	**Das Rezept: Verb zuerst, dann *li*, dann der Rest.** Sonst ändert sich nichts – kein Hilfswort, keine neuen Endungen. Das kennst du vom Deutschen: *Brauchen Sie …?* – auch dort kommt das Verb nach vorn; das Kroatische hängt nur noch *li* an.	Das kennst du vom Deutschen: *Brauchen Sie …?* – auch dort kommt das Verb nach v
Sie/Ihr	prijevod-de.tsv	tab: Trebate vrećicu. | **Trebate li** vrećicu? — Do you need a bag?	tab: Trebate vrećicu. | **Trebate li** vrećicu? — Brauchen Sie eine Tüte?	— Brauchen Sie eine Tüte?
Sie/Ihr	prijevod-de.tsv	You're waiting at a stop in Zagreb. A friendly local starts a chat — choose your replies. Passive words: *Čekate li?* (Are you waiting?), *pun* (full), *žurim* (I'm in a hurry), *jedan* (one).	Du wartest an einer Haltestelle in Zagreb. Ein freundlicher Einheimischer fängt ein Gespräch an – wähle deine Antworten. Passive Wörter: *Čekate li?* (Warten Sie?), *pun* (voll), *žurim* (ich bin in Eile), *jedan* (ein).	Passive Wörter: *Čekate li?* (Warten Sie?), *pun* (voll), *žurim* (ich bin in Ei
Sie/Ihr	prijevod-de.tsv	**mi and vi: one ending each, for every verb.** **mi** (we) always takes **-mo**, **vi** (you all) always takes **-te**. No exceptions, no families, nothing to decide.	**mi und vi: je eine Endung, bei jedem Verb.** **mi** (wir) nimmt immer **-mo**, **vi** (ihr / Sie) nimmt immer **-te**. Keine Ausnahmen, keine Familien, nichts zu entscheiden.	**mi und vi: je eine Endung, bei jedem Verb.** **mi** (wir) nimmt immer **-mo**,
Sie/Ihr	prijevod-de.tsv	The full set: **moj/moja/moje** (my) · **tvoj/tvoja/tvoje** (your, one person) · **njegov/njegova/njegovo** (his) · **njezin/njezina/njezino** (her) · **naš/naša/naše** (our) · **vaš/vaša/vaše** (your, plural or polite) · **njihov/njihova/njihovo** (their).	Der volle Satz: **moj/moja/moje** (mein) · **tvoj/tvoja/tvoje** (dein) · **njegov/njegova/njegovo** (sein) · **njezin/njezina/njezino** (ihr – von ihr) · **naš/naša/naše** (unser) · **vaš/vaša/vaše** (euer, Ihr) · **njihov/njihova/njihovo** (ihr – von ihnen).	Der volle Satz: **moj/moja/moje** (mein) · **tvoj/tvoja/tvoje** (dein) · **njego
englisch	prijevod-de.tsv	**Croatian needs no helper word.** English builds a question with *do*: *what **do** you buy?* Croatian puts the question word in front of the ordinary present tense and stops there: *Što kupuješ?*	**Das Kroatische braucht kein Hilfswort.** Das Englische baut Fragen mit *do*; das Kroatische stellt – wie das Deutsche – das Fragewort vor das gewöhnliche Präsens, und das war's: *Što kupuješ?* – *Was kaufst du?*	
zvjezdice	prijevod-de.tsv	**Croatian needs no helper word.** English builds a question with *do*: *what **do** you buy?* Croatian puts the question word in front of the ordinary present tense and stops there: *Što kupuješ?*	**Das Kroatische braucht kein Hilfswort.** Das Englische baut Fragen mit *do*; das Kroatische stellt – wie das Deutsche – das Fragewort vor das gewöhnliche Präsens, und das war's: *Što kupuješ?* – *Was kaufst du?*	
englisch	prijevod-de.tsv	"**No word for ""do"".** English needs a helper to ask: *what **do** you buy?* Croatian adds nothing at all — the question word plus the present tense is the whole question."	**Kein Hilfswort.** Das Englische braucht zum Fragen ein *do*; das Kroatische fügt – wie das Deutsche – gar nichts hinzu: Fragewort plus Präsens ist die ganze Frage.	
zvjezdice	prijevod-de.tsv	"**No word for ""do"".** English needs a helper to ask: *what **do** you buy?* Croatian adds nothing at all — the question word plus the present tense is the whole question."	**Kein Hilfswort.** Das Englische braucht zum Fragen ein *do*; das Kroatische fügt – wie das Deutsche – gar nichts hinzu: Fragewort plus Präsens ist die ganze Frage.	
zaostali_en	prijevod-de.tsv	**With *biti*, the long forms come back.** The short *sam, si, je* cannot carry a question, so Croatian uses *jesam, jesi, jesmo, jeste* instead — and for the third person the fixed pair **je li**: *Jesi li umoran? Je li to poklon?*	**Bei *biti* kommen die langen Formen zurück.** Die kurzen *sam, si, je* können keine Frage tragen, also verwendet das Kroatische stattdessen *jesam, jesi, jesmo, jeste* – und für die dritte Person das feste Paar **je li**: *Jesi li umoran? Je li to poklon?*	to
Sie/Ihr	prijevod-de.tsv	**This form is the locative.** It always comes after a preposition; on its own, a place stays in the naming form: *Ovo je škola.*	**Diese Form ist der Lokativ.** Sie kommt immer nach einer Präposition; allein bleibt ein Ort in der Benennungsform: *Ovo je škola.*	**Diese Form ist der Lokativ.** Sie kommt immer nach einer Präposition; allein b
Sie/Ihr	prijevod-de.tsv	**For a group or for vi, add -te.** *Uzmi!* to a friend, ***Uzmite!*** to two friends or to a stranger. You have heard it since the early lessons: *Izvoli**te**!*	**Für eine Gruppe oder für vi hängst du -te an.** *Uzmi!* zu einem Freund, ***Uzmite!*** zu zwei Freunden oder zu einem Fremden – wie *nimm!*, *nehmt!* und *nehmen Sie!*. Du hörst es seit den ersten Lektionen: *Izvoli**te**!*	**Für eine Gruppe oder für vi hängst du -te an.** *Uzmi!* zu einem Freund, ***Uz
Sie/Ihr	prijevod-de.tsv	The second rule: the conditional makes a wish polite. *Htio bih* (a man) and *Htjela bih* (a woman) mean *I would like*, and a polite question starts with *Biste li…?* The participle of *moći* is *mogao / mogla*: *Biste li mogli…?* — could you…?	Die zweite Regel: Der Konditional macht einen Wunsch höflich. *Htio bih* (ein Mann) und *Htjela bih* (eine Frau) heißen *ich möchte*, und eine höfliche Frage beginnt mit *Biste li…?* Das Partizip von *moći* ist *mogao / mogla*: *Biste li mogli…?* – könnten Sie …?	*Htio bih* (ein Mann) und *Htjela bih* (eine Frau) heißen *ich möchte*, und eine
Sie/Ihr	prijevod-de.tsv	*Htio bih / Htjela bih* = I would like. *Biste li mogli…?* = could you…?	*Htio bih / Htjela bih* = ich möchte. *Biste li mogli…?* = könnten Sie …?	*Biste li mogli…?* = könnten Sie …?
Sie/Ihr	prijevod-de.tsv	**Polite questions.** *Biste li…?* asks a stranger, *Bi li…?* a friend. With *moći* (participle *mogao, mogla, mogli*) it means *could you*: ***Biste li mogli** skrenuti lijevo?* It is even softer than *Možete li…?* from Grammar 17.	**Höfliche Fragen.** *Biste li…?* fragt einen Fremden, *Bi li…?* einen Freund. Mit *moći* (Partizip *mogao, mogla, mogli*) heißt es *könnten Sie*: ***Biste li mogli** skrenuti lijevo?* Das ist noch sanfter als *Možete li…?* aus Grammatik 17.	Mit *moći* (Partizip *mogao, mogla, mogli*) heißt es *könnten Sie*: ***Biste li 
Sie/Ihr	prijevod-de.tsv	Ona je doktorica. | She is a doctor.	Ona je doktorica. | Sie ist Ärztin.	| Sie ist Ärztin.
Sie/Ihr	prijevod-de.tsv	Ona je pametna i draga. | She is smart and kind.	Ona je pametna i draga. | Sie ist klug und nett.	| Sie ist klug und nett.
Sie/Ihr	prijevod-de.tsv	— Dobar dan! Kako ste? | — Good day! How are you?	— Dobar dan! Kako ste? | — Guten Tag! Wie geht es Ihnen?	Wie geht es Ihnen?
Sie/Ihr	prijevod-de.tsv	— Dobro sam, hvala. A vi? | — I'm fine, thank you. And you?	— Dobro sam, hvala. A vi? | — Mir geht's gut, danke. Und Ihnen?	Und Ihnen?
Sie/Ihr	prijevod-de.tsv	— I ja sam dobro. Vi ste turisti? | — I'm fine too. Are you tourists?	— I ja sam dobro. Vi ste turisti? | — Mir geht's auch gut. Sind Sie Touristen?	Sind Sie Touristen?
Sie/Ihr	prijevod-de.tsv	Ona je visoka i hrabra. | She is tall and brave.	Ona je visoka i hrabra. | Sie ist groß und mutig.	| Sie ist groß und mutig.
Sie/Ihr	prijevod-de.tsv	Oni su sretni. | They are happy.	Oni su sretni. | Sie sind glücklich.	| Sie sind glücklich.
Sie/Ihr	prijevod-de.tsv	Ona čita udžbenik. | She is reading a textbook.	Ona čita udžbenik. | Sie liest ein Lehrbuch.	| Sie liest ein Lehrbuch.
Sie/Ihr	prijevod-de.tsv	Ona čita pismo. | She is reading a letter.	Ona čita pismo. | Sie liest einen Brief.	| Sie liest einen Brief.
Sie/Ihr	prijevod-de.tsv	Ona spava. | She is sleeping.	Ona spava. | Sie schläft.	| Sie schläft.
Sie/Ihr	prijevod-de.tsv	Oni gledaju film i jedu sladoled. | They watch a film and eat ice cream.	Oni gledaju film i jedu sladoled. | Sie schauen einen Film und essen Eis.	| Sie schauen einen Film und essen Eis.
Sie/Ihr	prijevod-de.tsv	Ona sjedi i gleda film. | She sits and watches a film.	Ona sjedi i gleda film. | Sie sitzt und schaut einen Film.	| Sie sitzt und schaut einen Film.
Sie/Ihr	prijevod-de.tsv	Ona gleda ribu — riba je svježa, ali je skupa. | She is looking at the fish — the fish is fresh, but it is expensive.	Ona gleda ribu — riba je svježa, ali je skupa. | Sie schaut sich den Fisch an – der Fisch ist frisch, aber er ist teuer.	| Sie schaut sich den Fisch an – der Fisch ist frisch, aber er ist teuer.
Sie/Ihr	prijevod-de.tsv	Ona bira malu vrećicu i plaća račun. | She chooses a small bag and pays the bill.	Ona bira malu vrećicu i plaća račun. | Sie sucht eine kleine Tüte aus und bezahlt die Rechnung.	| Sie sucht eine kleine Tüte aus und bezahlt die Rechnung.
Sie/Ihr	prijevod-de.tsv	Ona čeka tramvaj. | She is waiting for the tram.	Ona čeka tramvaj. | Sie wartet auf die Straßenbahn.	| Sie wartet auf die Straßenbahn.
Sie/Ihr	prijevod-de.tsv	Oni gledaju grad kroz prozor i pričaju. | They look at the city through the window and chat.	Oni gledaju grad kroz prozor i pričaju. | Sie schauen durchs Fenster auf die Stadt und plaudern.	| Sie schauen durchs Fenster auf die Stadt und plaudern.
Sie/Ihr	prijevod-de.tsv	A notice on the wall at the tram stop. No story, no dialogue — just somebody who has had a bad morning. Passive words: *izgubljen* (lost), *molim vas* (please), *ako* (if), *zovite* (call), *nagrada* (reward), *smeđ* (brown), *zove se* (is called).	Ein Aushang an der Wand bei der Straßenbahnhaltestelle. Keine Geschichte, kein Dialog – nur jemand, der einen schlechten Morgen hatte. Passive Wörter: *izgubljen* (verloren), *molim vas* (bitte), *ako* (wenn), *zovite* (ruft an / rufen Sie an), *nagrada* (Belohnung), *smeđ* (braun), *zove se* (heißt).	Passive Wörter: *izgubljen* (verloren), *molim vas* (bitte), *ako* (wenn), *zovi
Sie/Ihr	prijevod-de.tsv	Ako vidite psa, molim vas, zovite broj 091 234 567. | If you see the dog, please call the number 091 234 567.	Ako vidite psa, molim vas, zovite broj 091 234 567. | Wenn Sie den Hund sehen, rufen Sie bitte die Nummer 091 234 567 an.	| Wenn Sie den Hund sehen, rufen Sie bitte die Nummer 091 234 567 an.
zaostali_en	prijevod-de.tsv	Passive words: *ima / imaju* (has / have — *imati* is yours from Vocabulary 4, the plural *imaju* you know from Lesson 7), *drugi* (a different one), *vani* (outside), *cijeli dan* (all day), *nikad* (never), *to* (that).	Passive Wörter: *ima / imaju* (hat / haben – *imati* gehört dir seit Wortschatz 4, den Plural *imaju* kennst du aus Lektion 7), *drugi* (ein anderer), *vani* (draußen), *cijeli dan* (den ganzen Tag), *nikad* (nie), *to* (das).	to
Sie/Ihr	prijevod-de.tsv	Njezina gitara je nova i ona svira cijeli dan. | Her guitar is new and she plays all day.	Njezina gitara je nova i ona svira cijeli dan. | Ihre Gitarre ist neu, und sie spielt den ganzen Tag.	| Ihre Gitarre ist neu, und sie spielt den ganzen Tag.
zaostali_en	prijevod-de.tsv	Bio je to dobar dan. | It was a good day.	Bio je to dobar dan. | Das war ein guter Tag.	to
Sie/Ihr	prijevod-de.tsv	— Dobra večer! Tko ste vi? | — Good evening! Who are you?	— Dobra večer! Tko ste vi? | — Guten Abend! Wer sind Sie?	Wer sind Sie?
Sie/Ihr	prijevod-de.tsv	— Gdje živite, Marko? | — Where do you live, Marko?	— Gdje živite, Marko? | — Wo wohnen Sie, Marko?	| — Wo wohnen Sie, Marko?
Sie/Ihr	prijevod-de.tsv	— Koliko godina imate? | — How old are you?	— Koliko godina imate? | — Wie alt sind Sie?	| — Wie alt sind Sie?
Sie/Ihr	prijevod-de.tsv	— Koji je vaš hobi? | — What is your hobby?	— Koji je vaš hobi? | — Was ist Ihr Hobby?	| — Was ist Ihr Hobby?
Sie/Ihr	prijevod-de.tsv	— Kako često igrate? | — How often do you play?	— Kako često igrate? | — Wie oft spielen Sie?	| — Wie oft spielen Sie?
Sie/Ihr	prijevod-de.tsv	— I zadnje pitanje: zašto volite šah? | — And the last question: why do you love chess?	— I zadnje pitanje: zašto volite šah? | — Und die letzte Frage: Warum lieben Sie Schach?	| — Und die letzte Frage: Warum lieben Sie Schach?
Sie/Ihr	prijevod-de.tsv	— Imate li ribu? | — Do you have fish?	— Imate li ribu? | — Haben Sie Fisch?	| — Haben Sie Fisch?
Sie/Ihr	prijevod-de.tsv	— Hm. Što imate? | — Hm. What do you have?	— Hm. Što imate? | — Hm. Was haben Sie?	Was haben Sie?
zaostali_en	prijevod-de.tsv	"""Ne!"" — to je njegova omiljena riječ. | ""No!"" — that is his favorite word."	"""Ne!"" — to je njegova omiljena riječ. | „Nein!“ – das ist sein Lieblingswort."	to
Sie/Ihr	prijevod-de.tsv	Mami kupuje parfem, a tati knjigu. | She's buying Mum perfume and Dad a book.	Mami kupuje parfem, a tati knjigu. | Sie kauft Mama Parfüm und Papa ein Buch.	| Sie kauft Mama Parfüm und Papa ein Buch.
Sie/Ihr	prijevod-de.tsv	Bratu Marku kupuje loptu. | She's buying her brother Marko a ball.	Bratu Marku kupuje loptu. | Ihrem Bruder Marko kauft sie einen Ball.	| Ihrem Bruder Marko kauft sie einen Ball.
Sie/Ihr	prijevod-de.tsv	Prijateljici Maji daje kartu za koncert. | She's giving her friend Maja a concert ticket.	Prijateljici Maji daje kartu za koncert. | Ihrer Freundin Maja gibt sie eine Konzertkarte.	| Ihrer Freundin Maja gibt sie eine Konzertkarte.
zaostali_en	prijevod-de.tsv	Passive words: *Baš lijepo od tebe!* (How nice of you!), *slatko* (sweet things), *i to* (and what's more).	Passive Wörter: *Baš lijepo od tebe!* (Wie nett von dir!), *slatko* (Süßes), *i to* (und zwar).	to
zaostali_en	prijevod-de.tsv	— Ja ti dajem savjet — i to besplatno! | — I'm giving you advice — and for free!	— Ja ti dajem savjet — i to besplatno! | — Ich gebe dir einen Rat – und zwar kostenlos!	to
Sie/Ihr	prijevod-de.tsv	Idu biciklom, tramvajem, taksijem i pješice. | They go by bike, by tram, by taxi and on foot.	Idu biciklom, tramvajem, taksijem i pješice. | Sie fahren mit dem Fahrrad, mit der Straßenbahn, mit dem Taxi und gehen zu Fuß.	| Sie fahren mit dem Fahrrad, mit der Straßenbahn, mit dem Taxi und gehen zu Fuß
zaostali_en	prijevod-de.tsv	Miris mora, zvuk valova, boja neba — to je početak ljeta. | The smell of the sea, the sound of the waves, the colour of the sky — that is the beginning of summer.	Miris mora, zvuk valova, boja neba — to je početak ljeta. | Der Duft des Meeres, das Rauschen der Wellen, die Farbe des Himmels – das ist der Anfang des Sommers.	to
Sie/Ihr	prijevod-de.tsv	Passive words: *Oprostite* (Excuse me), *pogledajte* (look), *odmah tu* (right there), *za deset minuta* (in ten minutes), *Sretan put* (Have a good trip).	Passive Wörter: *Oprostite* (Entschuldigung), *pogledajte* (schauen Sie), *odmah tu* (gleich da), *za deset minuta* (in zehn Minuten), *Sretan put* (Gute Reise).	Passive Wörter: *Oprostite* (Entschuldigung), *pogledajte* (schauen Sie), *odmah
Sie/Ihr	prijevod-de.tsv	— Idite ravno do semafora. Na semaforu skrenite lijevo. | — Go straight to the traffic lights. At the lights turn left.	— Idite ravno do semafora. Na semaforu skrenite lijevo. | — Gehen Sie geradeaus bis zur Ampel. An der Ampel biegen Sie links ab.	| — Gehen Sie geradeaus bis zur Ampel.
Sie/Ihr	prijevod-de.tsv	— Zatim prijeđite most i hodajte pokraj parka. | — Then cross the bridge and walk past the park.	— Zatim prijeđite most i hodajte pokraj parka. | — Dann gehen Sie über die Brücke und am Park entlang.	| — Dann gehen Sie über die Brücke und am Park entlang.
Sie/Ihr	prijevod-de.tsv	— Pogledajte desno — kolodvor je odmah tu. Ali požurite, vlak kreće za deset minuta! | — Look right — the station is right there. But hurry, the train leaves in ten minutes!	— Pogledajte desno — kolodvor je odmah tu. Ali požurite, vlak kreće za deset minuta! | — Schauen Sie nach rechts – der Bahnhof ist gleich da. Aber beeilen Sie sich, der Zug fährt in zehn Minuten ab!	| — Schauen Sie nach rechts – der Bahnhof ist gleich da.
Sie/Ihr	prijevod-de.tsv	— Sretan put! I ne trčite preko ceste! | — Have a good trip! And don't run across the road!	— Sretan put! I ne trčite preko ceste! | — Gute Reise! Und laufen Sie nicht über die Straße!	Und laufen Sie nicht über die Straße!
Sie/Ihr	prijevod-de.tsv	(a tourist, polite) Turn left!	(ein Tourist, höflich) Biegen Sie links ab!	(ein Tourist, höflich) Biegen Sie links ab!
Sie/Ihr	prijevod-de.tsv	(a tourist, polite) Cross the bridge!	(ein Tourist, höflich) Gehen Sie über die Brücke!	(ein Tourist, höflich) Gehen Sie über die Brücke!
Sie/Ihr	prijevod-de.tsv	(a tourist, polite) Walk past the park!	(ein Tourist, höflich) Gehen Sie am Park entlang!	(ein Tourist, höflich) Gehen Sie am Park entlang!
Sie/Ihr	prijevod-de.tsv	(a tourist, polite) Hurry!	(ein Tourist, höflich) Beeilen Sie sich!	(ein Tourist, höflich) Beeilen Sie sich!
Sie/Ihr	prijevod-de.tsv	en: At the traffic lights turn left.	en: An der Ampel biegen Sie links ab.	en: An der Ampel biegen Sie links ab.
Sie/Ihr	prijevod-de.tsv	en: Then cross the bridge and walk past the park.	en: Dann gehen Sie über die Brücke und am Park entlang.	en: Dann gehen Sie über die Brücke und am Park entlang.
en:prefiks	prijevod-de.tsv	"en: Grandma says neither ""Mix!"" nor ""Add salt!""."	en: Oma sagt weder „Rühr!“ noch „Füg Salz hinzu!“.	
Sie/Ihr	prijevod-de.tsv	PITALI SMO VAS: Što biste radili s milijun eura? | WE ASKED YOU: What would you do with a million euros?	PITALI SMO VAS: Što biste radili s milijun eura? | WIR HABEN SIE GEFRAGT: Was würden Sie mit einer Million Euro machen?	| WIR HABEN SIE GEFRAGT: Was würden Sie mit einer Million Euro machen?
Sie/Ihr	prijevod-de.tsv	Pročitala je pismo dva puta i plakala je od sreće. | She read the letter through twice and cried with joy.	Pročitala je pismo dva puta i plakala je od sreće. | Sie hat den Brief zweimal durchgelesen und vor Freude geweint.	| Sie hat den Brief zweimal durchgelesen und vor Freude geweint.
Sie/Ihr	prijevod-de.tsv	you (plural)	ihr; Sie (höflich)	ihr; Sie (höflich)
Sie/Ihr	prijevod-de.tsv	en: Good day! How are you?	en: Guten Tag! Wie geht es Ihnen?	Wie geht es Ihnen?
Sie/Ihr	prijevod-de.tsv	Good day! How are you?	Guten Tag! Wie geht es Ihnen?	Wie geht es Ihnen?
Sie/Ihr	prijevod-de.tsv	your (plural or polite)	euer, Ihr	euer, Ihr
Sie/Ihr	prijevod-de.tsv	Putujem ___ . (with you, polite)	Putujem ___ . (mit Ihnen, höflich)	(mit Ihnen, höflich)
Sie/Ihr	prijevod-de.tsv	en: At the crossroads turn right.	en: An der Kreuzung biegen Sie rechts ab.	en: An der Kreuzung biegen Sie rechts ab.
Sie/Ihr	prijevod-de.tsv	en: Can you turn left?	en: Können Sie links abbiegen?	en: Können Sie links abbiegen?
Sie/Ihr	prijevod-de.tsv	en: Go straight to the traffic lights.	en: Gehen Sie geradeaus bis zur Ampel.	en: Gehen Sie geradeaus bis zur Ampel.
Sie/Ihr	prijevod-de.tsv	Can you wait? (polite)	Können Sie warten? (höflich)	Können Sie warten?
Sie/Ihr	prijevod-de.tsv	Cross the road! (polite)	Gehen Sie über die Straße! (höflich)	Gehen Sie über die Straße!
Sie/Ihr	prijevod-de.tsv	Please wait! (polite)	Bitte warten Sie! (höflich)	Bitte warten Sie!
Sie/Ihr	prijevod-de.tsv	en: Could you come at eight?	en: Könnten Sie um acht kommen?	en: Könnten Sie um acht kommen?
Sie/Ihr	prijevod-de.tsv	en: Please sign here.	en: Bitte unterschreiben Sie hier.	en: Bitte unterschreiben Sie hier.
Sie/Ihr	prijevod-de.tsv	How are you? (polite)	Wie geht es Ihnen?	Wie geht es Ihnen?
zvjezdice	prijevod-de.tsv	Timed recognition of today's words mixed with words from Lesson 0 and Vocabulary 1, half and half. The **to** in the English gives the verbs away, so the real work is in the rest: keep *rijetko* (rarely) apart from *ponekad* (sometimes), and *roman* (novel) apart from *časopis* (magazine).	Zeitgebundenes Wiedererkennen der Wörter von heute, gemischt mit Wörtern aus Lektion 0 und Wortschatz 1, halb und halb. Die Verben erkennst du an der Infinitivendung *-en*, die eigentliche Arbeit steckt im Rest: Halte *rijetko* (selten) und *ponekad* (manchmal) auseinander, ebenso *roman* (Roman) und *časopis* (Zeitschrift).	
Sie/Ihr	prijevod-de.tsv	The words for saying no, and for what you won't eat. The negative words start with **ni-** and always keep *ne* on the verb: *Ništa ne jedem.* Their positive twins start with **ne-** and take no *ne*: *Nešto jedem.* *Nikad* (never) you know from Vocabulary 3; it works the same way. *Nego* is used only after a negative, to correct it: *Ne jedem meso, nego ribu.*	Die Wörter zum Neinsagen und für das, was du nicht isst. Die Verneinungswörter beginnen mit **ni-** und behalten immer *ne* am Verb: *Ništa ne jedem.* Ihre bejahten Zwillinge beginnen mit **ne-** und nehmen kein *ne*: *Nešto jedem.* *Nikad* (nie) kennst du aus Wortschatz 3; es funktioniert genauso. *Nego* steht nur nach einer Verneinung, um sie zu korrigieren: *Ne jedem meso, nego ribu.*	Die Verneinungswörter beginnen mit **ni-** und behalten immer *ne* am Verb: *Niš
rubni_razmak	sucelje-de.tsv	 are on the back. Play it, **say the word out loud**, then tap **+** to put it in your dictionary (tap it again to star it). 	. Spiel es ab, **sprich das Wort laut aus** und tippe dann auf **+**, um es in dein Wörterbuch aufzunehmen (noch einmal tippen setzt einen Stern). 	
rubni_razmak	sucelje-de.tsv	Add 	 	
Sie/Ihr	sucelje-de.tsv	Do you need a bag?	Brauchen Sie eine Tüte?	Brauchen Sie eine Tüte?
Sie/Ihr	sucelje-de.tsv	Do you have fish?	Haben Sie Fisch?	Haben Sie Fisch?
Sie/Ihr	sucelje-de.tsv	Turn left.	Biegen Sie links ab.	Biegen Sie links ab.
Sie/Ihr	sucelje-de.tsv	Go straight on.	Gehen Sie geradeaus.	Gehen Sie geradeaus.
Sie/Ihr	sucelje-de.tsv	Could you...?	Könnten Sie …?	Könnten Sie …?
Sie/Ihr	sucelje-de.tsv	What would you do?	Was würden Sie tun?	Was würden Sie tun?
preduge(>1.6x)	sucelje-de.tsv	Reset	Zurücksetzen	5→12
preduge(>1.6x)	sucelje-de.tsv	Close	Schließen	5→9
preduge(>1.6x)	sucelje-de.tsv	Skip this word	Dieses Wort überspringen	14→24
fragment	sucelje-de.tsv	Bearer 	=	index.html:3264 …    return { 'Authorization': 'Bearer ' + SESSION.access_token, 'ap …
fragment	sucelje-de.tsv	 day streak · 	 Tage in Folge · 	index.html:3451 …   var pre = niz > 0 ? niz + ' day streak · ' : ''; …
fragment	sucelje-de.tsv	today: 	heute: 	index.html:3456 …       return pre + 'today: ' + dsl.ime + (nd >= dsl.pojm …
fragment	sucelje-de.tsv	Daily challenge 	Tägliche Challenge 	index.html:3464 …  = igre[0].cjelinaNaslov || ('Daily challenge ' + n); …
preduge(>1.6x)	sucelje-de.tsv	Maze	Labyrinth	4→9
fragment	sucelje-de.tsv	 earned	 verdient	index.html:3764 … eturn '✓ ' + st.naplaceno + ' earned'; …
fragment	sucelje-de.tsv	best 	bestes 	index.html:3765 …     if (st.najbolje) return 'best ' + st.najbolje; …
fragment	sucelje-de.tsv	level 	Stufe 	index.html:3766 …     if (st.razina) return 'level ' + st.razina; …
fragment	sucelje-de.tsv	place 	Platz 	index.html:3767 …     if (st.mjesto) return 'place ' + st.mjesto; …
fragment	sucelje-de.tsv	Zasticeni sadrzaj nije ucitan:	=	index.html:3920 …       console.error('Zasticeni sadrzaj nije ucitan:', e); …
preduge(>1.6x)	sucelje-de.tsv	Login failed	Anmeldung fehlgeschlagen	12→24
preduge(>1.6x)	sucelje-de.tsv	Sign-up failed	Registrierung fehlgeschlagen	14→28
fragment	sucelje-de.tsv	Sign-in is unavailable — the app could not load its login library. 	Anmeldung nicht verfügbar – die App konnte ihre Login-Bibliothek nicht laden. 	index.html:4429 …       banerPoruka('Sign-in is unavailable — the app could not load its login library. ' + …
preduge(>1.6x)	sucelje-de.tsv	Sign-in failed: 	Anmeldung fehlgeschlagen: 	16→26
fragment	sucelje-de.tsv	Sign-in failed: 	Anmeldung fehlgeschlagen: 	index.html:4437 … es && res.error) banerPoruka('Sign-in failed: ' + (res.error.message || 'un …
fragment	sucelje-de.tsv	Sign-in did not complete. If you opened Croland from inside another app 	Die Anmeldung wurde nicht abgeschlossen. Wenn du Croland in einer anderen App geöffnet hast 	index.html:4534 …         banerPoruka('Sign-in did not complete. If you opened Croland from inside another app ' + …
fragment	sucelje-de.tsv	(Messenger, Instagram, Facebook), open it in your browser instead — Google blocks 	(Messenger, Instagram, Facebook), öffne es stattdessen in deinem Browser – Google blockiert 	index.html:4535 …           '(Messenger, Instagram, Facebook), open it in your browser instead — Google blocks ' + …
fragment	sucelje-de.tsv	Insert 	Einfügen 	index.html:4793 …       b.title = 'Insert ' + z; …
fragment	sucelje-de.tsv	Now open:	Jetzt offen:	index.html:4947 …       (dalje ? '<br>Now open: <strong>' + esc(imena.join('  …
fragment	sucelje-de.tsv	▶ Next: 	▶ Weiter: 	index.html:4950 …       bd.textContent = '▶ Next: ' + dalje.tip + ' ' + dalje.r …
preduge(>1.6x)	sucelje-de.tsv	Enter an email and password.	Gib eine E-Mail-Adresse und ein Passwort ein.	28→45
fragment	sucelje-de.tsv	The course is open. Alongside Lesson 1 you can now play:	Der Kurs ist offen. Neben Lektion 1 kannst du jetzt spielen:	index.html:5096 …       '<p class="otkljPod">The course is open. Alongside Lesson 1 you can now play:</p>' + …
fragment	sucelje-de.tsv	 mistake	 Fehler	index.html:5216 …  + greske + (greske === 1 ? ' mistake' : ' mistakes') + '</div>'); …
fragment	sucelje-de.tsv	 mistakes	 Fehler	index.html:5216 … greske === 1 ? ' mistake' : ' mistakes') + '</div>'); …
fragment	sucelje-de.tsv	 points to every currency	 Punkte in jeder Währung	index.html:5222 …         ' points to every currency' + …
fragment	sucelje-de.tsv	Spot the pattern:	@blobby	index.html:5274 …     "Spot the pattern:", …
fragment	sucelje-de.tsv	The ending is the name tag:	@blobby	index.html:5281 …     "The ending is the name tag:", …
fragment	sucelje-de.tsv	Drop the pronoun:	@blobby	index.html:5284 …     "Drop the pronoun:", …
fragment	sucelje-de.tsv	You just discovered it yourself:	@blobby	index.html:5296 …     "You just discovered it yourself:", …
fragment	sucelje-de.tsv	Two quirks to meet today:	@blobby	index.html:5302 …     "Two quirks to meet today:", …
fragment	sucelje-de.tsv	One exception today:	@blobby	index.html:5309 …     "One exception today:", …
fragment	sucelje-de.tsv	With this page your present tense is	@blobby	index.html:5311 …     "With this page your present tense is", …
fragment	sucelje-de.tsv	And the friendly tag at the end:	@blobby	index.html:5336 …     "And the friendly tag at the end:", …
fragment	sucelje-de.tsv	Same u/na logic as before:	@blobby	index.html:5348 …     "Same u/na logic as before:", …
fragment	sucelje-de.tsv	Familiar faces:	@blobby	index.html:5374 …     "Familiar faces:", …
fragment	sucelje-de.tsv	The politeness machine:	@blobby	index.html:5379 …     "The politeness machine:", …
fragment	sucelje-de.tsv	The tell-tale words:	@blobby	index.html:5384 …     "The tell-tale words:", …
fragment	sucelje-de.tsv	The homework trap:	@blobby	index.html:5387 …     "The homework trap:", …
fragment	sucelje-de.tsv	Correct: 	Richtig: 	index.html:5547 … function sazetakP() { return 'Correct: ' + tocnihP() + '/' + praznin …
fragment	sucelje-de.tsv	 correct	 richtig	index.html:5553 … g> of ' + praznine.length + ' correct'; …
fragment	sucelje-de.tsv	 gaps filled — the missing word is always one you just read above.	 Lücken gefüllt – das fehlende Wort ist immer eines, das du gerade oben gelesen hast.	index.html:5557 …           ' gaps filled — the missing word is always one you just read above.'; …
fragment	sucelje-de.tsv	Read: 	Gelesen: 	index.html:5752 …   if (bezRjecnika) { setStat('Read: ' + procitano + '/' + ukupno, …
fragment	sucelje-de.tsv	In dictionary: 	Im Wörterbuch: 	index.html:5753 …  + procitano + '/' + ukupno, 'In dictionary: ' + brojDodanih() + '/' + uku …
fragment	sucelje-de.tsv	 · Added to dictionary: 	 · Ins Wörterbuch aufgenommen: 	index.html:5762 …  procitano + '/' + ukupno + ' · Added to dictionary: ' + d + '/' + ukupnoRj, …
preduge(>1.6x)	sucelje-de.tsv	Tap a card to **flip it**: the Croatian word, a picture and 	Tippe auf eine Karte, um sie **umzudrehen**: Auf der Rückseite findest du das kroatische Wort, ein Bild und 	60→108
fragment	sucelje-de.tsv	Tap a card to **flip it**: the Croatian word, a picture and 	Tippe auf eine Karte, um sie **umzudrehen**: Auf der Rückseite findest du das kroatische Wort, ein Bild und 	index.html:5769 …  s.appendChild(trakaSlusanja('Tap a card to **flip it**: the Croatian word, a picture and ' + IK('zvuk') + ' are on the …
fragment	sucelje-de.tsv	 are on the back. Play it, **say the word out loud**, then tap **+** to put it in your dictionary (tap it again to star it). 	. Spiel es ab, **sprich das Wort laut aus** und tippe dann auf **+**, um es in dein Wörterbuch aufzunehmen (noch einmal tippen setzt einen Stern). 	index.html:5769 … icture and ' + IK('zvuk') + ' are on the back. Play it, **say the word out loud**, then tap **+** to put it in your dictionary (tap it again to star it). ' + IK('knjiga') + ' shows al …
fragment	sucelje-de.tsv	 shows all its forms.	 zeigt alle seine Formen.	index.html:5769 … tar it). ' + IK('knjiga') + ' shows all its forms.')); …
fragment	sucelje-de.tsv	Flip card: 	Karte umdrehen: 	index.html:5791 … k.setAttribute('aria-label', 'Flip card: ' + (st[1] || st[0])); …
preduge(>1.6x)	sucelje-de.tsv	tap to flip	zum Umdrehen tippen	11→19
fragment	sucelje-de.tsv	Add 	 	index.html:5840 …          btn.title = n > 1 ? 'Add ' + n + ' words to dictionary …
fragment	sucelje-de.tsv	 words to dictionary	 Wörter ins Wörterbuch aufnehmen	index.html:5840 … itle = n > 1 ? 'Add ' + n + ' words to dictionary' : 'Add to dictionary'; …
fragment	sucelje-de.tsv	Every line has a 	Jede Zeile hat ein 	index.html:5918 …  s.appendChild(trakaSlusanja('Every line has a ' + IK('zvuk') + ' — play it, …
fragment	sucelje-de.tsv	 — play it, then **read your reply out loud** before you tap it.	 – spiel es ab und **lies deine Antwort laut vor**, bevor du sie antippst.	index.html:5918 … line has a ' + IK('zvuk') + ' — play it, then **read your reply out loud** before you tap it.')); …
fragment	sucelje-de.tsv	conversation: 	Gespräch: 	index.html:5922 …  = function () { return { s: 'conversation: ' + i + '/' + igra.stavke.len …
fragment	sucelje-de.tsv	Matched: 	Zugeordnet: 	index.html:5945 …  = function () { return { s: 'Matched: ' + spojeno + '/' + parovi.le …
fragment	sucelje-de.tsv	 · Mistakes: 	 · Fehler: 	index.html:5945 … eno + '/' + parovi.length + ' · Mistakes: ' + greske, pct: spojeno / (p …
fragment	sucelje-de.tsv	Tap 	Tippe bei einem kroatischen Wort auf 	index.html:5947 …  s.appendChild(trakaSlusanja('Tap ' + IK('zvuk') + ' on a Croat …
fragment	sucelje-de.tsv	 on a Croatian word and **say it back** before you look for its pair.	 und **sprich es nach**, bevor du sein Paar suchst.	index.html:5947 … sanja('Tap ' + IK('zvuk') + ' on a Croatian word and **say it back** before you look for its pair.')); …
fragment	sucelje-de.tsv	Mistakes: 	Fehler: 	index.html:5965 … ojeno + '/' + parovi.length, 'Mistakes: ' + greske); …
fragment	sucelje-de.tsv	Pairs: 	Paare: 	index.html:6011 …       return { s: 'Pairs: ' + rijeseno + '/' + parovi.l …
fragment	sucelje-de.tsv	 · Extra flips: 	 · Extra-Umdrehungen: 	index.html:6011 … rovi.length + (uL0() ? '' : ' · Extra flips: ' + kazna), …
fragment	sucelje-de.tsv	Extra flips: 	Extra-Umdrehungen: 	index.html:6042 … + '/' + parovi.length, statD('Extra flips: ' + kazna)); …
fragment	sucelje-de.tsv	All 	Alle 	index.html:6044 …             kraj(uL0() ? 'All ' + parovi.length + ' pairs f …
fragment	sucelje-de.tsv	 pairs found	 Paare gefunden	index.html:6044 …  ? 'All ' + parovi.length + ' pairs found' : 'Extra flips: ' + kazna, …
fragment	sucelje-de.tsv	Score: 	Punkte: 	index.html:6071 …  = function () { return { s: 'Score: ' + bodovi + '/' + cilj + ' · …
fragment	sucelje-de.tsv	 next to the word and **say it out loud** before you answer — the clock can wait one second.	 neben dem Wort und **sprich es laut aus**, bevor du antwortest – die Uhr kann eine Sekunde warten.	index.html:6075 … sanja('Tap ' + IK('zvuk') + ' next to the word and **say it out loud** before you answer — the clock can wait one second.')); …
fragment	sucelje-de.tsv	Time: 	Zeit: 	index.html:6092 …       setStat('Time: ' + preostalo + ' s', 'Score: …
fragment	sucelje-de.tsv	 correct with 	 richtig mit 	index.html:6121 …        kraj('All ' + cilj + ' correct with ' + preostalo + ' s left · Mi …
fragment	sucelje-de.tsv	Question: 	Frage: 	index.html:6156 …       setStat('Question: ' + (i + 1) + '/' + pitanja.l …
fragment	sucelje-de.tsv	Task: 	Aufgabe: 	index.html:6212 …       setStat('Task: ' + (i + 1) + '/' + pitanja.l …
fragment	sucelje-de.tsv	Almost — only the marks are missing (č, ć, š, ž, đ). Correct answer: 	Fast – nur die Zeichen fehlen (č, ć, š, ž, đ). Richtige Antwort: 	index.html:6232 …           ? 'Almost — only the marks are missing (č, ć, š, ž, đ). Correct answer: ' …
fragment	sucelje-de.tsv	Correct answer: 	Richtige Antwort: 	index.html:6233 …           : 'Correct answer: ') + pitanja[i][1]; …
fragment	sucelje-de.tsv	Sentence: 	Satz: 	index.html:6258 …       setStat('Sentence: ' + (i + 1) + '/' + recenice. …
preduge(>1.6x)	sucelje-de.tsv	In place: 	Am richtigen Platz: 	10→20
fragment	sucelje-de.tsv	In place: 	Am richtigen Platz: 	index.html:6334 …       return { s: 'In place: ' + n + '/' + linije.length + …
preduge(>1.6x)	sucelje-de.tsv	Check when ready	Prüfen, wenn du bereit bist	16→27
fragment	sucelje-de.tsv	Result: 	Ergebnis: 	index.html:6590 …  = function () { return { s: 'Result: ' + tocno + '/' + zadaci.leng …
fragment	sucelje-de.tsv	 · below the 	 · unter der 	index.html:6594 … st >= prg ? ' · PASSED ✓' : ' · below the ' + prg + '% threshold'), toc …
fragment	sucelje-de.tsv	Build the sentence:	Bau den Satz:	index.html:6660 … tent = prijevod ? prijevod : 'Build the sentence:'; s.appendChild(pit); …
fragment	sucelje-de.tsv	No favourites yet. Tap 	Noch keine Favoriten. Tippe auf 	index.html:6881 …       { izvor: true, prazno: 'No favourites yet. Tap ' + IK('zvijezda') + ' next t …
fragment	sucelje-de.tsv	 next to any word to keep it here.	 neben einem Wort, um es hier zu behalten.	index.html:6881 … t. Tap ' + IK('zvijezda') + ' next to any word to keep it here.' }); …
preduge(>1.6x)	sucelje-de.tsv	No Croatian words on this page.	Auf dieser Seite gibt es keine kroatischen Wörter.	31→50
preduge(>1.6x)	sucelje-de.tsv	Stuck? The	Hängst du fest? Das	10→19
fragment	sucelje-de.tsv	 — and the 	 – und das Spiel 	index.html:7003 …       ' — and the ' + IK('igra') + ' game right …
fragment	sucelje-de.tsv	 game right under it drills the ones you saved.	 direkt darunter übt die Wörter, die du gespeichert hast.	index.html:7003 …  — and the ' + IK('igra') + ' game right under it drills the ones you saved.', …
fragment	sucelje-de.tsv	 — it opens right here, without leaving the exercise.	 – es öffnet sich direkt hier, ohne dass du die Übung verlässt.	index.html:7011 … ong>, with ' + IK('zvuk') + ' — it opens right here, without leaving the exercise.'; …
fragment	sucelje-de.tsv	Not sure what a picture means? Tap here — every word on this page is listed, with 	Nicht sicher, was ein Bild bedeutet? Tippe hier – jedes Wort auf dieser Seite ist aufgelistet, mit 	index.html:7015 …     1: 'Not sure what a picture means? Tap here — every word on this page is listed, with ' + IK('zvuk') + '.', …
fragment	sucelje-de.tsv	The dictionary follows you around. Drag the icon wherever it suits you. 	Das Wörterbuch begleitet dich. Zieh das Symbol, wohin es dir passt. 	index.html:7016 …     4: 'The dictionary follows you around. Drag the icon wherever it suits you. ' + IK('knjiga'), …
fragment	sucelje-de.tsv	Digraphs tripping you up? Open the dictionary and hear the word first. 	Stolperst du über Doppelbuchstaben? Öffne das Wörterbuch und hör dir das Wort zuerst an. 	index.html:7017 …     7: 'Digraphs tripping you up? Open the dictionary and hear the word first. ' + IK('zvuk') …
fragment	sucelje-de.tsv	The clock is not an exam. When it runs out you simply keep the points you earned — 	Die Uhr ist keine Prüfung. Wenn sie abläuft, behältst du einfach die Punkte, die du verdient hast – 	index.html:7039 …     'The clock is not an exam. When it runs out you simply keep the points you earned — ' + …
fragment	sucelje-de.tsv	Words from this lesson appear here as soon as you add them to your dictionary 	Wörter aus dieser Lektion erscheinen hier, sobald du sie in dein Wörterbuch aufnimmst 	index.html:7153 …         'Words from this lesson appear here as soon as you add them to your dictionary ' + …
fragment	sucelje-de.tsv	Correct answer:	Richtige Antwort:	index.html:7239 …     else o.innerHTML = 'Correct answer: <span class="tocanOdg">' + es …
fragment	sucelje-de.tsv	 · page 	 · Seite 	index.html:7289 … a || '') + (igra.stranica ? ' · page ' + igra.stranica : '')) : '' …
fragment	sucelje-de.tsv	This exercise has no note yet. If you expected one here, the app is running on an older 	Für diese Übung gibt es noch keine Notiz. Wenn du hier eine erwartet hast, läuft die App mit einer älteren 	index.html:7294 …         'This exercise has no note yet. If you expected one here, the app is running on an older ' + …
fragment	sucelje-de.tsv	No questions left today. You get 	Für heute keine Fragen mehr. Morgen bekommst du 	index.html:7377 … if (ostalo === 0) limitTxt = 'No questions left today. You get ' + AI_LIMIT + ' new ones tom …
fragment	sucelje-de.tsv	 new ones tomorrow.	 neue.	index.html:7377 … day. You get ' + AI_LIMIT + ' new ones tomorrow.'; …
fragment	sucelje-de.tsv	 of 	 von 	index.html:7378 … AZI_OD) limitTxt = ostalo + ' of ' + AI_LIMIT + ' questions le …
fragment	sucelje-de.tsv	 questions left today	 Fragen für heute übrig	index.html:7378 … stalo + ' of ' + AI_LIMIT + ' questions left today'; …
fragment	sucelje-de.tsv	What is written on it is gone for good. 	Was darauf steht, ist dann endgültig weg. 	index.html:8067 … potvrdi('Delete this note?', 'What is written on it is gone for good. ' + …
fragment	sucelje-de.tsv	Matched all 	Alle zugeordnet: 	index.html:8137 … seno === stavke.length) kraj('Matched all ' + stavke.length, 1); …
fragment	sucelje-de.tsv	Popped all 	Alle geplatzt: 	index.html:8159 … ngth, ''); ziv = false; kraj('Popped all ' + red.length, 1); return; } …
fragment	sucelje-de.tsv	Words: 	Wörter: 	index.html:8211 …  = function () { return { s: 'Words: ' + tocnih + '/' + zadaci.len …
fragment	sucelje-de.tsv	Built 	Gebaut: 	index.html:8214 …  (n >= zadaci.length) { kraj('Built ' + tocnih + '/' + zadaci.len …
fragment	sucelje-de.tsv	Remember these three — round 	Merk dir diese drei – Runde 	index.html:8297 …       naslov.textContent = 'Remember these three — round ' + (n + 1) + ' of ' + krugov …
preduge(>1.6x)	sucelje-de.tsv	Plum	Pflaume	4→7
fragment	sucelje-de.tsv	Interface size: 	Größe der Oberfläche: 	index.html:8659 … v.disabled = (i === VELICINE.length - 1); …
fragment	sucelje-de.tsv	The hint behind the info icon comes in a shorter version where one exists:	Der Hinweis hinter dem Info-Symbol gibt es in einer kürzeren Fassung, wo eine existiert:	index.html:8736 … '<span class="imeSk">Shorter instructions</span>' + …
fragment	sucelje-de.tsv	Four paper spots wait in the empty space beside the content \u2014 two on the left, 	Vier Papierplätze warten im freien Raum neben dem Inhalt – zwei links, 	index.html:8749 … '<span class="opisSk">Puts <em>add sticky note</em> among the floating icons. ' + …
fragment	sucelje-de.tsv	two on the right \u2014 and each note can be lined, squared or plain. A note belongs to 	zwei rechts –, und jede Notiz kann liniert, kariert oder blanko sein. Eine Notiz gehört zu 	index.html:8750 … 'Four paper spots wait in the empty space beside the content \u2014 two on the left, ' + …
fragment	sucelje-de.tsv	the lesson or mini game you wrote it on and stays there until you delete it. 	der Lektion oder dem Minispiel, in dem du sie geschrieben hast, und bleibt dort, bis du sie löschst. 	index.html:8751 … 'two on the right \u2014 and each note can be lined, squared or plain. A note belongs to ' …
fragment	sucelje-de.tsv	Wide screens only: a phone or a tablet has no margin to put paper in. 	Nur auf breiten Bildschirmen: Ein Handy oder Tablet hat keinen Rand für Papier. 	index.html:8752 … 'the lesson or mini game you wrote it on and stays there until you delete it. ' + …
fragment	sucelje-de.tsv	 You have 	 Du hast 	index.html:8754 … 'Switching this off hides your notes, never deletes them.' + …
fragment	sucelje-de.tsv	 note	 Notiz	index.html:8754 … Switching this off hides your notes, never deletes them.' + …
preduge(>1.6x)	sucelje-de.tsv	 saved.	 gespeichert.	7→13
fragment	sucelje-de.tsv	 saved.	 gespeichert.	index.html:8754 … 'Switching this off hides your notes, never deletes them.' + …
fragment	sucelje-de.tsv	Croatian marks the object of a sentence with its ending, not with word order. 	Das Kroatische markiert das Objekt eines Satzes mit seiner Endung, nicht mit der Wortstellung. 	index.html:8768 … '<div class="odlomak" style="margin-top:16px"><span class="vodilja">Why this works</span>' …
fragment	sucelje-de.tsv	 exercise	 Übung	index.html:8911 … if (vrsta === 'novo') { …
preduge(>1.6x)	sucelje-de.tsv	 and this opens	 und das hier öffnet sich	15→25
fragment	sucelje-de.tsv	 and this opens	 und das hier öffnet sich	index.html:8932 … '<div class="metaS">' + (m …
preduge(>1.6x)	sucelje-de.tsv	Next to unlock	Als Nächstes freischalten	14→25
fragment	sucelje-de.tsv	 word	 Wort	index.html:9016 … Test', IK('meta'), 'Test your words', …
fragment	sucelje-de.tsv	 · practice only, no points	 · nur Übung, keine Punkte	index.html:9016 … brze.push(brzaKarticaHtml('view:dictTest', IK('meta'), 'Test your words', …
fragment	sucelje-de.tsv	all 	alle 	index.html:9026 … gotovih >= MINI_IGRE.length …
fragment	sucelje-de.tsv	 finished · replay any time	 abgeschlossen · jederzeit wiederholbar	index.html:9026 … gotovih >= MINI_IGRE.length …
fragment	sucelje-de.tsv	 finished	 abgeschlossen	index.html:9027 … 'all ' + MINI_IGRE.length + ' finished · replay any time' …
fragment	sucelje-de.tsv	 learned	 gelernt	index.html:9040 … '<div class="imeM">Dictionary</div><div class="podM">' + …
preduge(>1.6x)	sucelje-de.tsv	words you meet get saved here	Wörter, die dir begegnen, werden hier gespeichert	29→49
fragment	sucelje-de.tsv	 — up to 	 – bis zu 	index.html:9215 … return '<div class="miniKart' + (pun ? ' gotovo' : '') + '" onclick="miniDodir(this,\'' +  …
fragment	sucelje-de.tsv	Each game is a standalone prototype with its own built-in vocabulary of 246 words. 	Jedes Spiel ist ein eigenständiger Prototyp mit einem eingebauten Wortschatz von 246 Wörtern. 	index.html:9295 … '<p style="color:var(--muted);font-size:var(--t-s);line-height:1.6;margin-top:16px">' + …
fragment	sucelje-de.tsv	 of 30 letters unlocked	 von 30 Buchstaben freigeschaltet	index.html:9641 … ? 'the whole alphabet is yours · replay any time' …
fragment	sucelje-de.tsv	 — needs Croland Plus	 – braucht Croland Plus	index.html:9738 … html += '<td class="' + klase + '" title="' + esc(tip + ' ' + r + …
fragment	sucelje-de.tsv	 — complete	 – abgeschlossen	index.html:9738 … html += '<td class="' + klase + '" title="' + esc(tip + ' ' + r + …
fragment	sucelje-de.tsv	Lesson 	Lektion 	index.html:9773 … if (n) return n.split(':')[0].trim(); …
fragment	sucelje-de.tsv	Level 	Level 	index.html:9774 … var P = window.PREGLEDI && window.PREGLEDI['Lesson ' + r]; …
fragment	sucelje-de.tsv	 parts	 Teile	index.html:9893 … if (igre.length) { …
fragment	sucelje-de.tsv	 steps	 Schritte	index.html:9893 … if (igre.length) { …
preduge(>1.6x)	sucelje-de.tsv	Complete	Abgeschlossen	8→13
fragment	sucelje-de.tsv	Exercise 	Übung 	index.html:10031 … var klase = 'vnav' + (i === indeks ? ' aktivna' : '') + (zavr ? ' zavrsena' : (djelom ? '  …
fragment	sucelje-de.tsv	Test 	Test 	index.html:10097 …  var prije = osvojenoCjeline('Test', razina); …
fragment	sucelje-de.tsv	 points — everything from level 	 Punkte – alles ab Stufe 	index.html:10106 … '<ul>' + …
preduge(>1.6x)	sucelje-de.tsv	Your best so far:	Dein bisher bestes Ergebnis:	17→28
fragment	sucelje-de.tsv	Your best so far:	Dein bisher bestes Ergebnis:	index.html:10113 … '</ul>' + …
fragment	sucelje-de.tsv	Unknown format: 	Unbekanntes Format: 	index.html:10186 … if (pokreni) pokreni(); …
fragment	sucelje-de.tsv	 · your score comes at the end	 · dein Ergebnis kommt am Ende	index.html:10249 … ? 'Adding up your result.' …
fragment	sucelje-de.tsv	 — not yet 💪	 – noch nicht 💪	index.html:10299 … '<div class="sazetak">' + …
preduge(>1.6x)	sucelje-de.tsv	↻ Play again	↻ Noch einmal spielen	12→21
preduge(>1.6x)	sucelje-de.tsv	Skip →	Überspringen →	6→14
preduge(>1.6x)	sucelje-de.tsv	↻ Try again	↻ Noch einmal versuchen	11→23
preduge(>1.6x)	sucelje-de.tsv	Try again?	Nochmal versuchen?	10→18
fragment	sucelje-de.tsv	 — needs 	 – nötig: 	index.html:10505 … btnNext = '<div style="color:var(--muted);margin-top:12px">' + IK('brava', 'uz') + sljedec …
fragment	sucelje-de.tsv	 still waiting in 	 warten noch in 	index.html:10537 … '</strong> points earned. Nothing left to win here.</div>' …
preduge(>1.6x)	sucelje-de.tsv	— summary	– Zusammenfassung	9→17
fragment	sucelje-de.tsv	Form of:	Form von:	index.html:10914 … } …
fragment	sucelje-de.tsv	Variant of:	Variante von:	index.html:10915 … if (z.oblik_od) h += '<div class="gramNapomena">Form of: ' + esc(z.oblik_od) + '</div>'; …
preduge(>1.6x)	sucelje-de.tsv	No words saved yet	Noch keine Wörter gespeichert	18→29
fragment	sucelje-de.tsv	 entries in the full dictionary	 Einträge im ganzen Wörterbuch	index.html:11266 … : dictOpseg === 'sve' …
fragment	sucelje-de.tsv	 word added	 Wort hinzugefügt	index.html:11267 … ? (l.length ? l.length + ' entries in the full dictionary' : 'dictionary not loaded') …
fragment	sucelje-de.tsv	 words added	 Wörter hinzugefügt	index.html:11267 … ? (l.length ? l.length + ' entries in the full dictionary' : 'dictionary not loaded') …
fragment	sucelje-de.tsv	 words	 Wörter	index.html:11691 … wtLekcije.slice().sort(function (a, b) { return a - b; }).join(', ')); …
fragment	sucelje-de.tsv	 right so far	 bisher richtig	index.html:11692 … el.textContent = opis + ' · ' + wtNiz.length + (wtNiz.length === 1 ? ' word' : ' words') + …
fragment	sucelje-de.tsv	No favourites yet — tap 	Noch keine Favoriten – tippe auf 	index.html:11704 … : wtOpseg === 'fav' …
fragment	sucelje-de.tsv	 next to a word in the dictionary or on a card.	 neben einem Wort im Wörterbuch oder auf einer Karte.	index.html:11704 … : wtOpseg === 'fav' …
fragment	sucelje-de.tsv	— mind the accents:	– achte auf die Akzente:	index.html:11750 … (o === 1 ? '<span class="ok">✓ Correct</span> — ' …
fragment	sucelje-de.tsv	— the answer is:	– die Antwort ist:	index.html:11751 … : o === 2 ? '<span class="ok">✓ Correct</span> — mind the accents: ' …
fragment	sucelje-de.tsv	also accepted:	auch akzeptiert:	index.html:11753 … '<span class="isp">' + esc(ispravno) + '</span>' + zv + …
fragment	sucelje-de.tsv	Done for today — come back tomorrow to make it 	Für heute fertig – komm morgen wieder und mach daraus 	index.html:11780 … '<div>' + (danasOdradjen …
fragment	sucelje-de.tsv	 and keep the streak alive.	 und halte die Serie am Leben.	index.html:11782 … : 'Play today\'s challenge for +' + streakSljedeciBodovi() + ' points' + …
fragment	sucelje-de.tsv	 and start a streak.	 und starte eine Serie.	index.html:11782 … : 'Play today\'s challenge for +' + streakSljedeciBodovi() + ' points' + …
fragment	sucelje-de.tsv	Takes a minute, and no card. Here is what it opens:	Dauert eine Minute, keine Karte nötig. Das wird freigeschaltet:	index.html:11898 … '<p class="uvodP">' + (jeSignup …
fragment	sucelje-de.tsv	Everything you have earned, and the shortest way to more of it. 	Alles, was du erreicht hast, und der kürzeste Weg zu mehr. 	index.html:12006 … '<p class="progOpis" style="font-size:var(--t-m);margin-bottom:1.25rem">' + …
fragment	sucelje-de.tsv	 waiting	 warten	index.html:12012 … 'Friends &amp; groups <span class="br">· ' + brojLjudi + …
fragment	sucelje-de.tsv	needs all four types at level 	braucht alle vier Arten auf Level 	index.html:12090 … var val2 = VALUTA_TIPA[tip], p = prag(tip, r); …
preduge(>1.6x)	sucelje-de.tsv	Show all	Alle anzeigen	8→13
preduge(>1.6x)	sucelje-de.tsv	Show less ▴	Weniger anzeigen ▴	11→18
preduge(>1.6x)	sucelje-de.tsv	locked — hover to see what it needs	gesperrt – fahr mit der Maus darüber, um zu sehen, was nötig ist	35→64
fragment	sucelje-de.tsv	 points from all units of the 	 Punkte aus allen Einheiten der 	index.html:12137 … '<div class="progStaza"><i id="pv_cijeli"></i></div>' + …
fragment	sucelje-de.tsv	All your points together:	Alle deine Punkte zusammen:	index.html:12140 … // Svi bodovi zajedno = zbroj četiri valute, isto kao "ukupno" u tabu Friends & groups. …
fragment	sucelje-de.tsv	best so far 	bisher bestes 	index.html:12154 … '<span class="sto">' + esc(x.ime) + …
fragment	sucelje-de.tsv	 finished, 	 abgeschlossen, 	index.html:12170 … h += '<h2 class="progNas">Daily challenges</h2>' + …
fragment	sucelje-de.tsv	 partly done, 	 teilweise erledigt, 	index.html:12170 … h += '<h2 class="progNas">Daily challenges</h2>' + …
fragment	sucelje-de.tsv	 days — 	 Tage – 	index.html:12171 … '<p class="progOpis">' + dOdr + ' finished, ' + dDio + ' partly done, ' + …
fragment	sucelje-de.tsv	day 	Tag 	index.html:12172 …  streak ' + (st.niz || 0) + ' days — ' + …
fragment	sucelje-de.tsv	 will be worth 	 sind wert 	index.html:12172 … (dani.length - dOdr - dDio) + ' untouched. Current streak ' + (st.niz || 0) + ' days — ' + …
fragment	sucelje-de.tsv	You will leave Progress and go straight into the exercise. You have not played it yet — all 	Du verlässt den Fortschritt und gehst direkt in die Übung. Du hast sie noch nicht gespielt – alle 	index.html:12331 … o === 0 …
fragment	sucelje-de.tsv	 points are still there.	 Punkte sind noch da.	index.html:12332 … ? 'You will leave Progress and go straight into the exercise. You have not played it yet — …
fragment	sucelje-de.tsv	You have already earned all 	Du hast bereits alle 	index.html:12344 … var tekst = o >= g.maks …
fragment	sucelje-de.tsv	 points from this one. The payout happens once, so 	 Punkte aus dieser Übung erreicht. Die Auszahlung passiert einmal, also 	index.html:12344 … var tekst = o >= g.maks …
fragment	sucelje-de.tsv	You have earned 	Du hast hier 	index.html:12347 … : (o > 0 …
fragment	sucelje-de.tsv	 points here. The rest is still waiting, and points 	 Punkte erreicht. Der Rest wartet noch, und Punkte, die 	index.html:12347 … : (o > 0 …
fragment	sucelje-de.tsv	 points are still there. They go into every currency at once.	 Punkte sind noch da. Sie gehen gleichzeitig in jede Währung.	index.html:12349 … 'already earned cannot be lost.' …
fragment	sucelje-de.tsv	Open 	Öffnen: 	index.html:12352 … g.emo + ' <b>' + esc(g.ime) + '</b> · ' + esc(g.stil), tekst, …
preduge(>1.6x)	sucelje-de.tsv	Try again	Nochmal versuchen	9→17
preduge(>1.6x)	sucelje-de.tsv	Copy	Kopieren	4→8
fragment	sucelje-de.tsv	The only way anyone can find you. Your e-mail is	Nur so kann dich jemand finden. Deine E-Mail-Adresse wird	index.html:12406 … '<button class="gumb gumbSivi progSitni" id="progKopiraj">Copy</button>' + …
preduge(>1.6x)	sucelje-de.tsv	Save name	Namen speichern	9→15
preduge(>1.6x)	sucelje-de.tsv	Add someone	Jemanden hinzufügen	11→19
preduge(>1.6x)	sucelje-de.tsv	Everyone you added	Alle, die du hinzugefügt hast	18→29
preduge(>1.6x)	sucelje-de.tsv	Updated	Aktualisiert	7→12
fragment	sucelje-de.tsv	 min ago	 Min. her	index.html:12506 … if (min < 2) return 'just now'; …
fragment	sucelje-de.tsv	 h ago	 Std. her	index.html:12508 … var h = Math.floor(min / 60); …
fragment	sucelje-de.tsv	 days ago	 Tage her	index.html:12511 … if (d === 1) return 'yesterday'; …
preduge(>1.6x)	sucelje-de.tsv	Could not save — try again.	Speichern fehlgeschlagen – versuch es noch einmal.	27→50
preduge(>1.6x)	sucelje-de.tsv	Saved.	Gespeichert.	6→12
fragment	sucelje-de.tsv	Request sent to 	Anfrage gesendet an 	index.html:12543 … if (res.data === 'to si ti') { $('progUnosPoruka').textContent = 'That is your own ID.'; r …
preduge(>1.6x)	sucelje-de.tsv	Last updated 	Zuletzt aktualisiert 	13→21
fragment	sucelje-de.tsv	Last updated 	Zuletzt aktualisiert 	index.html:12627 … '<div class="progLadicaPod">Read-only, and never their e-mail. ' + …
fragment	sucelje-de.tsv	, until 	, bis 	index.html:12682 … '<p style="color:var(--muted);font-size:var(--t-m);margin-bottom:10px">Every level is open …
fragment	sucelje-de.tsv	Exercises played:	Gespielte Übungen:	index.html:12723 … '</div>' + …
fragment	sucelje-de.tsv	 · Words learned: 	 · Gelernte Wörter: 	index.html:12723 … '</div>' + …
fragment	sucelje-de.tsv	Daily streak:	Tägliche Serie:	index.html:12724 … '<p style="color:var(--muted);font-size:var(--t-m)">Exercises played: ' + odigrano + ' · W …
preduge(>1.6x)	sucelje-de.tsv	deleted? See our	löschen lassen? In unserer	16→26
preduge(>1.6x)	sucelje-de.tsv	I'm fine.	Mir geht's gut.	9→15
preduge(>1.6x)	sucelje-de.tsv	I am	ich bin	4→7
preduge(>1.6x)	sucelje-de.tsv	A day of actions	Ein Tag voller Tätigkeiten	16→26
preduge(>1.6x)	sucelje-de.tsv	I see a tram.	Ich sehe eine Straßenbahn.	13→26
preduge(>1.6x)	sucelje-de.tsv	I see a dog.	Ich sehe einen Hund.	12→20
preduge(>1.6x)	sucelje-de.tsv	I will swim.	Ich werde schwimmen.	12→20
preduge(>1.6x)	sucelje-de.tsv	I won't swim.	Ich werde nicht schwimmen.	13→26
preduge(>1.6x)	sucelje-de.tsv	I won't work.	Ich werde nicht arbeiten.	13→25
preduge(>1.6x)	sucelje-de.tsv	I watched a film.	Ich habe einen Film geschaut.	17→29
preduge(>1.6x)	sucelje-de.tsv	I (did)	ich (habe gemacht)	7→18
preduge(>1.6x)	sucelje-de.tsv	I didn't	ich habe nicht	8→14
preduge(>1.6x)	sucelje-de.tsv	I swam.	Ich bin geschwommen.	7→20
preduge(>1.6x)	sucelje-de.tsv	Happy birthday!	Alles Gute zum Geburtstag!	15→26
preduge(>1.6x)	sucelje-de.tsv	I am not	ich bin nicht	8→13
preduge(>1.6x)	sucelje-de.tsv	I won't	ich werde nicht	7→15
preduge(>1.6x)	sucelje-de.tsv	I'm in town.	Ich bin in der Stadt.	12→21
preduge(>1.6x)	sucelje-de.tsv	Around town	Unterwegs in der Stadt	11→22
preduge(>1.6x)	sucelje-de.tsv	by tram	mit der Straßenbahn	7→19
preduge(>1.6x)	sucelje-de.tsv	night out	Abend in der Stadt	9→18
preduge(>1.6x)	sucelje-de.tsv	Turn left.	Biegen Sie links ab.	10→20
preduge(>1.6x)	sucelje-de.tsv	I wouldn't hurry.	Ich würde mich nicht beeilen.	17→29
preduge(>1.6x)	sucelje-de.tsv	I was writing a letter.	Ich war dabei, einen Brief zu schreiben.	23→40
preduge(>1.6x)	sucelje-de.tsv	I finished the letter.	Ich habe den Brief fertig geschrieben.	22→38
preduge(>1.6x)	sucelje-de.tsv	shop → buy	einkaufen → kaufen	10→18
preduge(>1.6x)	sucelje-de.tsv	The summer I remember	Der Sommer, an den ich mich erinnere	21→36
preduge(>1.6x)	sucelje-de.tsv	I learned.	Ich habe gelernt.	10→17
odavanje	daily-2026-08-19.md	Type what's in your basket — watch the ending! (After numbers 2–4, masculine words take -a: dva telefona. You'll learn why later.)	Schreib, was in deinem Korb ist – achte auf die Endung! (Nach den Zahlen 2–4 bekommen maskuline Wörter -a: dva telefona. Warum, lernst du später.)	daily-2026-08-19.md#4#opis | den | Shopping list Type what's in your basket — watch the ending! (After nu
odavanje	daily-2026-08-25.md	You're the judge — pick the correct comment. Watch the adjective ending!	Du bist die Jury – wähle den richtigen Kommentar. Achte auf die Endung des Adjektivs!	daily-2026-08-25.md#4#opis | den,des | Fashion critic You're the judge — pick the correct comment. Watch the 
odavanje	daily-2026-08-28.md	Your morning, in order — type the missing part (or the whole word).	Dein Morgen der Reihe nach – schreib den fehlenden Teil (oder das ganze Wort).	daily-2026-08-28.md#4#opis | den | Type the ending Your morning, in order — type the missing part (or the
odavanje	daily-2026-08-28.md	Gledam ___ (the house)	Gledam ___ (das Haus)	daily-2026-08-28.md#4#s3.0 | das | Type the ending Your morning, in order — type the missing part (or the
odavanje	daily-2026-09-04.md	"""I like the forest."""	„Ich mag den Wald.“	daily-2026-09-04.md#5#s3.0 | den | Describe the view Then describe what you see — endings matter!
odavanje	daily-2026-09-06.md	Look at each person and pick the right sentence. Watch the ending — he and she feel differently!	Schau dir jede Person an und wähle den richtigen Satz. Achte auf die Endung – er und sie fühlen sich unterschiedlich!	daily-2026-09-06.md#4#opis | den | How is everyone? Look at each person and pick the right sentence. Watc
odavanje	daily-2026-09-09.md	"The neighbours came in anyway. Give them the tour — one sentence at a time. (""vrata"" is plural in Croatian, so it takes **su**.) Extra words are traps!"	Die Nachbarn sind trotzdem reingekommen. Gib ihnen die Führung – einen Satz nach dem anderen. („vrata“ ist im Kroatischen Plural, also nimmt es **su**.) Zusätzliche Wörter sind Fallen!	daily-2026-09-09.md#4#opis | dem | Show me around "The neighbours came in anyway. Give them the tour — on
odavanje	gramatika-01.md	Read the noun's last letter, then pick: *velika kuća, dobar dan, plavo more*. *sladak → slatka*.	Lies den letzten Buchstaben des Nomens, dann wähle: *velika kuća, dobar dan, plavo more*. *sladak → slatka*.	gramatika-01.md#4#infokratko | den,des | Pick the adjective Choose the adjective form that agrees with the noun
odavanje	gramatika-01.md	Choose the adjective that agrees with the noun.	Wähle das Adjektiv, das mit dem Nomen übereinstimmt.	gramatika-01.md#4#opis | dem | Pick the adjective Choose the adjective form that agrees with the noun
odavanje	gramatika-01.md	English above, Croatian below. The adjective is waiting for its ending — one tap. Get it right and you'll hear the sentence.	Oben Deutsch, unten Kroatisch. Das Adjektiv wartet auf seine Endung – ein Tipp. Liegst du richtig, hörst du den Satz.	gramatika-01.md#7#opis | den | Tap the ending One tap supplies the missing ending, and the dash means
odavanje	gramatika-01.md	From the English, adjective and ending: *Kuća je velika, More je plavo, Grad je lijep*.	Aus dem Deutschen: Adjektiv und Endung: *Kuća je velika, More je plavo, Grad je lijep*.	gramatika-01.md#8#infokratko | dem | Say the missing word Nothing is offered now, so you retrieve both the 
odavanje	gramatika-01.md	Positive or negative — pick the sentence that matches the English.	Bejaht oder verneint – wähle den Satz, der zum Deutschen passt.	gramatika-01.md#10#opis | den | Yes or no? Pick the positive or the negative version, watching two tra
odavanje	gramatika-01.md	The last step — the English sentence, and you write the Croatian. Word order is free in Croatian, so more than one answer is accepted — as long as *je* is not the first word.	Der letzte Schritt – der deutsche Satz, und du schreibst den kroatischen. Die Wortstellung ist im Kroatischen frei, also wird mehr als eine Antwort akzeptiert – solange *je* nicht das erste Wort ist.	gramatika-01.md#12#opis | den | Write the whole sentence Free production from an English prompt. Two f
odavanje	gramatika-02.md	She is tired.	Sie ist müde.	gramatika-02.md#5#s13.1 | müde | Tap the ending: he, she or they? Only the ending is missing: nothing f
odavanje	gramatika-02.md	We are tired.	Wir sind müde.	gramatika-02.md#5#s14.1 | müde | Tap the ending: he, she or they? Only the ending is missing: nothing f
odavanje	gramatika-02.md	Your best friend	Dein bester Freund	gramatika-02.md#7#s1.0 | bester | ti or vi? Choose *ti* or *vi* for each situation. One friend, child or
odavanje	gramatika-02.md	Your little brother	Dein kleiner Bruder	gramatika-02.md#7#s5.0 | kleiner | ti or vi? Choose *ti* or *vi* for each situation. One friend, child or
odavanje	gramatika-02.md	We aren't tired.	Wir sind nicht müde.	gramatika-02.md#11#s3.0 | müde | The grammatical sentence Pick the sentence a Croatian would actually s
odavanje	gramatika-02.md	No, I'm not. (the whole answer)	Nein, bin ich nicht. (die ganze Antwort)	gramatika-02.md#11#s6.0 | die,ganze | The grammatical sentence Pick the sentence a Croatian would actually s
odavanje	gramatika-02.md	The last step — the English sentence, and you write the Croatian. The pronoun is optional with *ja* and *ti*, so both versions are accepted there; with *on* and *ona* keep it — and never let the verb come first.	Der letzte Schritt – der deutsche Satz, und du schreibst den kroatischen. Bei *ja* und *ti* ist das Pronomen optional, dort werden also beide Fassungen akzeptiert; bei *on* und *ona* behalte es – und lass das Verb nie zuerst kommen.	gramatika-02.md#12#opis | den | Write the whole sentence Free production from English, the hardest ste
odavanje	gramatika-02.md	He is tired.	Er ist müde.	gramatika-02.md#12#s10.0 | müde | Write the whole sentence Free production from English, the hardest ste
odavanje	gramatika-02.md	I am not tired.	Ich bin nicht müde.	gramatika-02.md#12#s15.0 | müde | Write the whole sentence Free production from English, the hardest ste
odavanje	gramatika-03.md	English above, Croatian below. The verb is waiting for its name tag — one tap. Get it right and you'll hear the sentence.	Oben Deutsch, unten Kroatisch. Das Verb wartet auf sein Namensschild – ein Tipp. Liegst du richtig, hörst du den Satz.	gramatika-03.md#6#opis | den | Tap the ending One tap adds the name tag to a ready-made stem: **-m**,
odavanje	gramatika-03.md	I read a text.	Ich lese einen Text.	gramatika-03.md#6#s1.1 | lese,einen | Tap the ending One tap adds the name tag to a ready-made stem: **-m**,
odavanje	gramatika-03.md	You read a text.	Du liest einen Text.	gramatika-03.md#6#s2.1 | einen | Tap the ending One tap adds the name tag to a ready-made stem: **-m**,
odavanje	gramatika-03.md	Ana reads a text.	Ana liest einen Text.	gramatika-03.md#6#s3.1 | einen | Tap the ending One tap adds the name tag to a ready-made stem: **-m**,
odavanje	gramatika-03.md	I write a letter.	Ich schreibe einen Brief.	gramatika-03.md#6#s10.1 | schreibe,einen | Tap the ending One tap adds the name tag to a ready-made stem: **-m**,
odavanje	gramatika-03.md	You write a letter.	Du schreibst einen Brief.	gramatika-03.md#6#s11.1 | einen | Tap the ending One tap adds the name tag to a ready-made stem: **-m**,
odavanje	gramatika-03.md	She writes a letter.	Sie schreibt einen Brief.	gramatika-03.md#6#s12.1 | einen | Tap the ending One tap adds the name tag to a ready-made stem: **-m**,
odavanje	gramatika-03.md	I work.	Ich arbeite.	gramatika-03.md#6#s13.1 | arbeite | Tap the ending One tap adds the name tag to a ready-made stem: **-m**,
odavanje	gramatika-03.md	I study.	Ich lerne.	gramatika-03.md#6#s16.1 | lerne | Tap the ending One tap adds the name tag to a ready-made stem: **-m**,
odavanje	gramatika-03.md	I watch a film.	Ich schaue einen Film.	gramatika-03.md#6#s19.1 | schaue,einen | Tap the ending One tap adds the name tag to a ready-made stem: **-m**,
odavanje	gramatika-03.md	You watch a film.	Du schaust einen Film.	gramatika-03.md#6#s20.1 | einen | Tap the ending One tap adds the name tag to a ready-made stem: **-m**,
odavanje	gramatika-03.md	I listen to the radio.	Ich höre Radio.	gramatika-03.md#6#s23.1 | höre | Tap the ending One tap adds the name tag to a ready-made stem: **-m**,
odavanje	gramatika-03.md	From the English cue; *Ana*, *pas* take the bare form: *piše, spava*.	Nach dem deutschen Hinweis; *Ana*, *pas* nehmen die nackte Form: *piše, spava*.	gramatika-03.md#9#infokratko | dem | Say the missing word Nothing is offered here: read the English cue, ch
odavanje	gramatika-03.md	Negate the sentence. The verb keeps its ending — you only add one word.	Verneine den Satz. Das Verb behält seine Endung – du fügst nur ein Wort hinzu.	gramatika-03.md#12#opis | den | Make it negative Add *ne* and change nothing else: the verb keeps its 
odavanje	gramatika-03.md	The last step — the English sentence, and you write the Croatian. The pronoun is optional with *ja* and *ti*, so both versions are accepted there; with *on* and *ona* keep it.	Der letzte Schritt – der deutsche Satz, und du schreibst den kroatischen. Bei *ja* und *ti* ist das Pronomen optional, dort werden also beide Fassungen akzeptiert; bei *on* und *ona* behalte es.	gramatika-03.md#13#opis | den | Write the whole sentence Full production from English. Croatian has on
odavanje	gramatika-03.md	Marko is watching a film.	Marko schaut einen Film.	gramatika-03.md#13#s3.0 | einen | Write the whole sentence Full production from English. Croatian has on
odavanje	gramatika-03.md	Ana is writing a letter.	Ana schreibt einen Brief.	gramatika-03.md#13#s4.0 | einen | Write the whole sentence Full production from English. Croatian has on
odavanje	gramatika-03.md	I am writing a text.	Ich schreibe einen Text.	gramatika-03.md#13#s10.0 | schreibe,einen | Write the whole sentence Full production from English. Croatian has on
odavanje	gramatika-03.md	I'm not reading today.	Ich lese heute nicht.	gramatika-03.md#13#s13.0 | lese | Write the whole sentence Full production from English. Croatian has on
odavanje	gramatika-04.md	English above, Croatian below. One tap gives the verb its person: **-m** is mine, **-š** is yours, and he or she takes nothing at all.	Oben Deutsch, unten Kroatisch. Ein Tipp gibt dem Verb seine Person: **-m** ist meins, **-š** ist deins, und er oder sie bekommt gar nichts.	gramatika-04.md#10#opis | dem | Tap the ending The connectors join two halves, and each half needs a v
odavanje	gramatika-04.md	I am cooking lunch.	Ich koche Mittagessen.	gramatika-04.md#10#s1.1 | koche | Tap the ending The connectors join two halves, and each half needs a v
odavanje	gramatika-04.md	I clean and cook.	Ich putze und koche.	gramatika-04.md#10#s4.1 | putze,koche | Tap the ending The connectors join two halves, and each half needs a v
odavanje	gramatika-04.md	I sit and wait.	Ich sitze und warte.	gramatika-04.md#10#s7.1 | sitze,warte | Tap the ending The connectors join two halves, and each half needs a v
odavanje	gramatika-04.md	I wait and sit.	Ich warte und sitze.	gramatika-04.md#10#s10.1 | warte,sitze | Tap the ending The connectors join two halves, and each half needs a v
odavanje	gramatika-04.md	I live here.	Ich wohne hier.	gramatika-04.md#10#s16.1 | wohne | Tap the ending The connectors join two halves, and each half needs a v
odavanje	gramatika-04.md	I love my family.	Ich liebe meine Familie.	gramatika-04.md#10#s19.1 | liebe,meine | Tap the ending The connectors join two halves, and each half needs a v
odavanje	gramatika-04.md	She loves her family.	Sie liebt ihre Familie.	gramatika-04.md#10#s20.1 | ihre | Tap the ending The connectors join two halves, and each half needs a v
odavanje	gramatika-04.md	I help and clean.	Ich helfe und putze.	gramatika-04.md#10#s21.1 | helfe,putze | Tap the ending The connectors join two halves, and each half needs a v
odavanje	gramatika-04.md	Complete each sentence — type the correct form of the verb in brackets.	Vervollständige jeden Satz – tippe die richtige Form des Verbs in Klammern.	gramatika-04.md#13#opis | des | Type the verb Typed production with this level's verbs. Find the *ja* 
odavanje	gramatika-05.md	One letter, one tap. If the word is naming something it takes **-a**; if it is the target of the verb it takes **-u**.	Ein Buchstabe, ein Tipp. Benennt das Wort etwas, nimmt es **-a**; ist es das Ziel des Verbs, nimmt es **-u**.	gramatika-05.md#3#opis | des | Tap the ending One tap for the missing letter. Decide the role first: 
odavanje	gramatika-05.md	I need water.	Ich brauche Wasser.	gramatika-05.md#3#s2.1 | brauche | Tap the ending One tap for the missing letter. Decide the role first: 
odavanje	gramatika-05.md	I'm buying fish.	Ich kaufe Fisch.	gramatika-05.md#3#s4.1 | kaufe | Tap the ending One tap for the missing letter. Decide the role first: 
odavanje	gramatika-05.md	I'm cooking soup.	Ich koche Suppe.	gramatika-05.md#3#s6.1 | koche | Tap the ending One tap for the missing letter. Decide the role first: 
odavanje	gramatika-05.md	I'm paying for the cake.	Ich bezahle die Torte.	gramatika-05.md#3#s8.1 | bezahle,die | Tap the ending One tap for the missing letter. Decide the role first: 
odavanje	gramatika-05.md	I'm carrying the bag.	Ich trage die Tüte.	gramatika-05.md#3#s10.1 | trage,die | Tap the ending One tap for the missing letter. Decide the role first: 
odavanje	gramatika-05.md	I'm looking for the market.	Ich suche den Markt.	gramatika-05.md#3#s14.1 | suche,den | Tap the ending One tap for the missing letter. Decide the role first: 
odavanje	gramatika-05.md	I'm reading a book.	Ich lese ein Buch.	gramatika-05.md#3#s16.1 | lese | Tap the ending One tap for the missing letter. Decide the role first: 
odavanje	gramatika-05.md	The chocolate is expensive.	Die Schokolade ist teuer.	gramatika-05.md#3#s17.1 | teuer | Tap the ending One tap for the missing letter. Decide the role first: 
odavanje	gramatika-05.md	I love chocolate.	Ich liebe Schokolade.	gramatika-05.md#3#s18.1 | liebe | Tap the ending One tap for the missing letter. Decide the role first: 
odavanje	gramatika-05.md	Fresh fish is expensive.	Frischer Fisch ist teuer.	gramatika-05.md#7#s3.1 | teuer | Tap the adjective's ending Only the adjective is missing here, and it 
odavanje	gramatika-05.md	I'm buying fresh fish.	Ich kaufe frischen Fisch.	gramatika-05.md#7#s4.1 | kaufe | Tap the adjective's ending Only the adjective is missing here, and it 
odavanje	gramatika-05.md	I'm cooking warm soup.	Ich koche warme Suppe.	gramatika-05.md#7#s8.1 | koche,warme | Tap the adjective's ending Only the adjective is missing here, and it 
odavanje	gramatika-05.md	Sweet chocolate is expensive.	Süße Schokolade ist teuer.	gramatika-05.md#7#s11.1 | teuer | Tap the adjective's ending Only the adjective is missing here, and it 
odavanje	gramatika-05.md	I love sweet chocolate.	Ich liebe süße Schokolade.	gramatika-05.md#7#s12.1 | liebe,süße | Tap the adjective's ending Only the adjective is missing here, and it 
odavanje	gramatika-05.md	Type the two words — the preposition and the place in its target form.	Tippe die zwei Wörter – die Präposition und den Ort in seiner Zielform.	gramatika-05.md#12#opis | den | Type the whole direction You type both parts: the preposition and the 
odavanje	gramatika-05.md	Build the sentence. The adjective and the noun have to end the same way.	Bau den Satz. Adjektiv und Nomen müssen gleich enden.	gramatika-05.md#13#opis | den | Build the sentence Sentence building from tiles. Two things must hold:
odavanje	gramatika-06.md	I see the waiter.	Ich sehe den Kellner.	gramatika-06.md#3#s1.1 | sehe,den | Tap the ending: living or thing? Masculine words only, one tap each. A
odavanje	gramatika-06.md	I see the bus.	Ich sehe den Bus.	gramatika-06.md#3#s2.1 | sehe,den | Tap the ending: living or thing? Masculine words only, one tap each. A
odavanje	gramatika-06.md	I'm calling a taxi.	Ich rufe ein Taxi.	gramatika-06.md#3#s6.1 | rufe | Tap the ending: living or thing? Masculine words only, one tap each. A
odavanje	gramatika-06.md	I'm watching the tourist.	Ich beobachte den Touristen.	gramatika-06.md#3#s7.1 | beobachte,den | Tap the ending: living or thing? Masculine words only, one tap each. A
odavanje	gramatika-06.md	I'm photographing the monument.	Ich fotografiere das Denkmal.	gramatika-06.md#3#s9.1 | fotografiere,das | Tap the ending: living or thing? Masculine words only, one tap each. A
odavanje	gramatika-06.md	I'm photographing the driver.	Ich fotografiere den Fahrer.	gramatika-06.md#3#s10.1 | fotografiere,den | Tap the ending: living or thing? Masculine words only, one tap each. A
odavanje	gramatika-06.md	I hear a man.	Ich höre einen Mann.	gramatika-06.md#3#s11.1 | höre,einen | Tap the ending: living or thing? Masculine words only, one tap each. A
odavanje	gramatika-06.md	I hear the tram.	Ich höre die Straßenbahn.	gramatika-06.md#3#s12.1 | höre,die | Tap the ending: living or thing? Masculine words only, one tap each. A
odavanje	gramatika-06.md	I see a student.	Ich sehe einen Studenten.	gramatika-06.md#3#s13.1 | sehe,einen | Tap the ending: living or thing? Masculine words only, one tap each. A
odavanje	gramatika-06.md	I see a bicycle.	Ich sehe ein Fahrrad.	gramatika-06.md#3#s14.1 | sehe | Tap the ending: living or thing? Masculine words only, one tap each. A
odavanje	gramatika-06.md	I see a pigeon.	Ich sehe eine Taube.	gramatika-06.md#3#s15.1 | sehe | Tap the ending: living or thing? Masculine words only, one tap each. A
odavanje	gramatika-06.md	I see a kiosk.	Ich sehe einen Kiosk.	gramatika-06.md#3#s16.1 | sehe,einen | Tap the ending: living or thing? Masculine words only, one tap each. A
odavanje	gramatika-06.md	I see a boy.	Ich sehe einen Jungen.	gramatika-06.md#3#s19.1 | sehe,einen | Tap the ending: living or thing? Masculine words only, one tap each. A
odavanje	gramatika-06.md	I see a park.	Ich sehe einen Park.	gramatika-06.md#3#s20.1 | sehe,einen | Tap the ending: living or thing? Masculine words only, one tap each. A
odavanje	gramatika-06.md	**-ac** drops the vowel (*Amerikanca*), other beings add **-a**, things stay.	**-ac** verliert den Vokal (*Amerikanca*), andere Lebewesen hängen **-a** an, Dinge bleiben.	gramatika-06.md#6#infokratko | den | Type the accusative Typed accusatives with the squeezers mixed in. Che
odavanje	gramatika-06.md	Three buttons, three outcomes — everything you have learned about the accusative singular in one place. Feminine takes **-u**, a masculine being takes **-a**, a masculine thing takes nothing.	Drei Knöpfe, drei Ergebnisse – alles, was du über den Akkusativ Singular gelernt hast, an einem Ort. Feminin nimmt **-u**, ein maskulines Lebewesen nimmt **-a**, ein maskulines Ding nimmt nichts.	gramatika-06.md#7#opis | den | The whole map in one tap Three buttons for the complete accusative sin
odavanje	gramatika-06.md	I'm calling the doctor.	Ich rufe den Arzt.	gramatika-06.md#7#s5.1 | rufe,den | The whole map in one tap Three buttons for the complete accusative sin
odavanje	gramatika-06.md	I'm driving the car.	Ich fahre das Auto.	gramatika-06.md#7#s6.1 | fahre,das | The whole map in one tap Three buttons for the complete accusative sin
odavanje	gramatika-06.md	I'm eating an apple.	Ich esse einen Apfel.	gramatika-06.md#7#s7.1 | einen | The whole map in one tap Three buttons for the complete accusative sin
odavanje	gramatika-06.md	I see a man.	Ich sehe einen Mann.	gramatika-06.md#7#s11.1 | sehe,einen | The whole map in one tap Three buttons for the complete accusative sin
odavanje	gramatika-06.md	I hear the bus.	Ich höre den Bus.	gramatika-06.md#7#s12.1 | höre,den | The whole map in one tap Three buttons for the complete accusative sin
odavanje	gramatika-06.md	I'm photographing the tourist.	Ich fotografiere den Touristen.	gramatika-06.md#7#s14.1 | fotografiere,den | The whole map in one tap Three buttons for the complete accusative sin
odavanje	gramatika-06.md	I see the traffic light.	Ich sehe die Ampel.	gramatika-06.md#7#s18.1 | sehe,die | The whole map in one tap Three buttons for the complete accusative sin
odavanje	gramatika-06.md	Say the same sentence again, with a pronoun instead of the noun. Watch the gender of the word you're replacing.	Sag denselben Satz noch einmal, mit einem Pronomen statt des Nomens. Achte auf das Genus des Wortes, das du ersetzt.	gramatika-06.md#11#opis | des,des | Replace the target Rewriting a sentence with a pronoun instead of the 
odavanje	gramatika-06.md	**ga** m/n, **je** f; after the first word: *Ana me čeka*.	**ga** m/n, **je** f; nach dem ersten Wort: *Ana me čeka*.	gramatika-06.md#12#infokratko | dem | Pick the pronoun Choosing the right little word and the right slot. **
odavanje	gramatika-06.md	Only one of these is a sentence a Croatian would actually say. The short pronoun never comes first.	Nur einer davon ist ein Satz, den ein Kroate wirklich sagen würde. Das kurze Pronomen kommt nie zuerst.	gramatika-06.md#14#opis | den | Where does the pronoun go? A pure position drill. Only the short forms
odavanje	gramatika-06.md	I see him.	Ich sehe ihn.	gramatika-06.md#14#s1.0 | sehe | Where does the pronoun go? A pure position drill. Only the short forms
odavanje	gramatika-06.md	I love you.	Ich liebe dich.	gramatika-06.md#14#s3.0 | liebe | Where does the pronoun go? A pure position drill. Only the short forms
odavanje	gramatika-06.md	I'm reading it. (the book)	Ich lese es. (das Buch = knjiga)	gramatika-06.md#14#s7.0 | das | Where does the pronoun go? A pure position drill. Only the short forms
odavanje	gramatika-06.md	It's YOU I'm waiting for.	Auf DICH warte ich.	gramatika-06.md#14#s8.0 | warte | Where does the pronoun go? A pure position drill. Only the short forms
odavanje	gramatika-06.md	Nouns keep the accusative; short pronouns never first: *Ana me čeka*.	Nomen behalten den Akkusativ; kurze Pronomen nie zuerst: *Ana me čeka*.	gramatika-06.md#16#infokratko | den | Build the sentence Sentence building that mixes everything on this pag
odavanje	gramatika-06.md	Build the sentence.	Bau den Satz.	gramatika-06.md#16#opis | den | Build the sentence Sentence building that mixes everything on this pag
odavanje	gramatika-07.md	The textbooks are heavy.	Die Lehrbücher sind schwer.	gramatika-07.md#4#s7.1 | schwer | Tap the plural ending One tap per gap, the same trio again: **-i** mas
odavanje	gramatika-07.md	Type the plural. Watch the *k → c* words and the one-syllable ones.	Tippe den Plural. Achte auf die Wörter mit *k → c* und die einsilbigen.	gramatika-07.md#6#opis | den | Type the plural Typed plurals with both spelling changes in play: *k* 
odavanje	gramatika-07.md	Choose the matching adjective. Same trio as the nouns: -i / -e / -a.	Wähle das passende Adjektiv. Dasselbe Trio wie bei den Nomen: -i / -e / -a.	gramatika-07.md#7#opis | den | The adjective follows the noun Agreement in the plural. The adjective 
odavanje	gramatika-07.md	You all watch a film.	Ihr schaut einen Film.	gramatika-07.md#9#s14.1 | einen | Tap the person Choose the person ending. **-mo** is *we*, **-te** is *
odavanje	gramatika-07.md	We are repeating the lesson.	Wir wiederholen die Lektion.	gramatika-07.md#9#s16.1 | die | Tap the person Choose the person ending. **-mo** is *we*, **-te** is *
odavanje	gramatika-07.md	I see the pupils.	Ich sehe die Schüler.	gramatika-07.md#15#s2.1 | sehe,die | Tap the plural target The same noun twice, first naming, then as the t
odavanje	gramatika-07.md	I see the boys.	Ich sehe die Jungen.	gramatika-07.md#15#s4.1 | sehe,die | Tap the plural target The same noun twice, first naming, then as the t
odavanje	gramatika-07.md	I'm carrying the textbooks.	Ich trage die Lehrbücher.	gramatika-07.md#15#s12.1 | trage,die | Tap the plural target The same noun twice, first naming, then as the t
odavanje	gramatika-07.md	I see the tables.	Ich sehe die Tische.	gramatika-07.md#15#s16.1 | sehe,die | Tap the plural target The same noun twice, first naming, then as the t
odavanje	gramatika-07.md	Put the plural into the target form — after *vidim*.	Setz den Plural in die Zielform – nach *vidim*.	gramatika-07.md#16#opis | den | Type the plural target Type the plural target form. Masculine takes **
odavanje	gramatika-08.md	*-i* drops only right before the helper: *Bit će savršeno*, *To će biti savršeno*.	*-i* fällt nur direkt vor dem Hilfswort weg: *Bit će savršeno*, *To će biti savršeno*.	gramatika-08.md#5#infokratko | dem | Long or short? One tap per sentence, and word order alone decides it. 
odavanje	gramatika-08.md	I will get up early.	Ich werde früh aufstehen.	gramatika-08.md#5#s9.1 | werde | Long or short? One tap per sentence, and word order alone decides it. 
odavanje	gramatika-08.md	Two words (*Plivat ću*), *-i* dropped only before the helper, *-ći* kept (*Ići ću*).	Zwei Wörter (*Plivat ću*), *-i* nur vor dem Hilfswort weg, *-ći* bleibt (*Ići ću*).	gramatika-08.md#6#infokratko | dem | The correctly written sentence Spot the correctly written sentence. Th
odavanje	gramatika-08.md	Choose the correctly written sentence.	Wähle den richtig geschriebenen Satz.	gramatika-08.md#6#opis | den | The correctly written sentence Spot the correctly written sentence. Th
odavanje	gramatika-08.md	I won't swim.	Ich werde nicht schwimmen.	gramatika-08.md#11#s1.0 | werde | Positive or negative future? Choose the correctly written sentence. *N
odavanje	gramatika-08.md	I will swim.	Ich werde schwimmen.	gramatika-08.md#11#s5.0 | werde | Positive or negative future? Choose the correctly written sentence. *N
odavanje	gramatika-08.md	I will swim tomorrow.	Ich werde morgen schwimmen.	gramatika-08.md#14#s3.0 | werde | Short or full form? Pick the right form for the job. A plain statement
odavanje	gramatika-09.md	Your body is tired.	Dein Körper ist müde.	gramatika-09.md#3#s12.1 | müde | Tap the ending One tap completes the possessive. The base is given; a 
odavanje	gramatika-09.md	Choose the form that fits the noun. Cover the English and decide from the Croatian noun.	Wähle die Form, die zum Nomen passt. Deck das Deutsche ab und entscheide nach dem kroatischen Nomen.	gramatika-09.md#4#opis | dem | Pick the form Choose the possessive that fits the noun beside it. The 
odavanje	gramatika-09.md	___ klub je dobar. (our)	___ klub je dobar. (unser)	gramatika-09.md#4#s2.0 | unser | Pick the form Choose the possessive that fits the noun beside it. The 
odavanje	gramatika-09.md	___ momčad je jaka. (our)	___ momčad je jaka. (unser)	gramatika-09.md#4#s6.0 | unser | Pick the form Choose the possessive that fits the noun beside it. The 
odavanje	gramatika-09.md	___ klub trenira danas. (our)	___ klub trenira danas. (unser)	gramatika-09.md#5#s4.0 | unser | Type the possessive Typed production. The bracket names the owner, the
odavanje	gramatika-09.md	___ momčad pobjeđuje. (our)	___ momčad pobjeđuje. (unser)	gramatika-09.md#5#s5.0 | unser | Type the possessive Typed production. The bracket names the owner, the
odavanje	gramatika-09.md	___ more je toplo. (our)	___ more je toplo. (unser)	gramatika-09.md#5#s6.0 | unser | Type the possessive Typed production. The bracket names the owner, the
odavanje	gramatika-09.md	___ hobiji su različiti. (our)	___ hobiji su različiti. (unser)	gramatika-09.md#8#s1.0 | unser | Pick the plural form Agreement in the plural, where the possessive and
odavanje	gramatika-09.md	___ igrači su brzi. (our)	___ igrači su brzi. (unser)	gramatika-09.md#8#s6.0 | unser | Pick the plural form Agreement in the plural, where the possessive and
odavanje	gramatika-09.md	*svoj* agrees with the noun; after a verb, feminine **-u**: *svoju sestru*.	*svoj* stimmt mit dem Nomen überein; nach einem Verb feminin **-u**: *svoju sestru*.	gramatika-09.md#11#infokratko | dem | Type svoj Typed production of *svoj* in the form that matches the noun
odavanje	gramatika-09.md	**-a** → **-in** (*Anin, tatin*), others → **-ov** (*Markov, bratov*); then the noun's ending.	**-a** → **-in** (*Anin, tatin*), andere → **-ov** (*Markov, bratov*); dann die Endung des Nomens.	gramatika-09.md#13#infokratko | des | Build the owner's word Type the word built from the owner's name. A wo
odavanje	gramatika-09.md	Type the owner's word — a word in **-a** takes **-in**, any other takes **-ov**. Then let the noun finish it.	Tippe das Wort des Besitzers – ein Wort auf **-a** nimmt **-in**, jedes andere **-ov**. Dann lass das Nomen es vollenden.	gramatika-09.md#13#opis | des | Build the owner's word Type the word built from the owner's name. A wo
odavanje	gramatika-09.md	Whose ball is this?	Wessen Ball ist das?	gramatika-09.md#14#s1.0 | das | Whose is it? Choose the correct sentence. Two things decide it: *čiji*
odavanje	gramatika-09.md	Whose jersey is this?	Wessen Trikot ist das?	gramatika-09.md#14#s2.0 | das | Whose is it? Choose the correct sentence. Two things decide it: *čiji*
odavanje	gramatika-09.md	Whose knee is this?	Wessen Knie ist das?	gramatika-09.md#14#s3.0 | das | Whose is it? Choose the correct sentence. Two things decide it: *čiji*
odavanje	gramatika-09.md	Possessive goes into the accusative too: *Moja lopta je crvena. Tražim moju loptu.*	Das Possessivpronomen geht auch in den Akkusativ: *Moja lopta je crvena. Tražim moju loptu.*	gramatika-09.md#15#infokratko | den | Naming or target? A possessive follows its noun into the accusative fr
odavanje	gramatika-10.md	English above, Croatian below. One tap gives the sentence its helper.	Oben Deutsch, unten Kroatisch. Ein Tipp gibt dem Satz sein Hilfswort.	gramatika-10.md#4#opis | dem | Tap the helper Now the participle is written and the form of **biti** 
odavanje	gramatika-10.md	Choose the correct sentence.	Wähle den richtigen Satz.	gramatika-10.md#6#opis | den | The correct sentence Two things have to agree at once: the helper with
odavanje	gramatika-10.md	Participle + *biti* after the first word. Both genders for *ja* and *ti*.	Partizip + *biti* nach dem ersten Wort. Beide Genera für *ja* und *ti*.	gramatika-10.md#9#infokratko | dem | The yesterday version Turn a present sentence into a past one. Build t
odavanje	gramatika-10.md	Choose the grammatical sentence.	Wähle den grammatisch richtigen Satz.	gramatika-10.md#12#opis | den | The correct negative The negative of *biti* is always one word — there
odavanje	gramatika-10.md	The last step — the English sentence, and you write the Croatian. Word order is free as long as the helper is not first, and either gender is accepted for *I* and *you*.	Der letzte Schritt – der deutsche Satz, und du schreibst den kroatischen. Die Wortstellung ist frei, solange das Hilfswort nicht zuerst steht, und für *ich* und *du* wird jedes Genus akzeptiert.	gramatika-10.md#13#opis | den | Write the whole sentence Free production from English, the hardest ste
odavanje	gramatika-11.md	*li* right after the verb. *biti*: *jesam, jesi, jesmo, jeste*, and *je li*.	*li* direkt nach dem Verb. *biti*: *jesam, jesi, jesmo, jeste* und *je li*.	gramatika-11.md#3#infokratko | dem | Make a li-question Turning a statement into a yes-or-no question. Put 
odavanje	gramatika-11.md	Whose books are these?	Wessen Bücher sind das?	gramatika-11.md#6#s9.1 | das | Tap the ending One tap makes the question word match its noun. A mascu
odavanje	gramatika-11.md	Whose guitar is this?	Wessen Gitarre ist das?	gramatika-11.md#6#s10.1 | das | Tap the ending One tap makes the question word match its noun. A mascu
odavanje	gramatika-11.md	What is the coffee like?	Wie ist der Kaffee?	gramatika-11.md#6#s11.1 | der | Tap the ending One tap makes the question word match its noun. A mascu
odavanje	gramatika-11.md	What is the sea like?	Wie ist das Meer?	gramatika-11.md#6#s12.1 | das | Tap the ending One tap makes the question word match its noun. A mascu
odavanje	gramatika-11.md	What is your sister like?	Wie ist deine Schwester?	gramatika-11.md#6#s14.1 | deine | Tap the ending One tap makes the question word match its noun. A mascu
odavanje	gramatika-11.md	Which one is your sister?	Welche ist deine Schwester?	gramatika-11.md#6#s15.1 | deine | Tap the ending One tap makes the question word match its noun. A mascu
odavanje	gramatika-11.md	___ vlak ide u Split? (which)	___ vlak ide u Split? (welcher)	gramatika-11.md#8#s3.0 | welcher | Type the question word Typed production, and the ending comes from the
odavanje	gramatika-11.md	___ pjesmu pjevaš? (which)	___ pjesmu pjevaš? (welcher)	gramatika-11.md#8#s5.0 | welcher | Type the question word Typed production, and the ending comes from the
odavanje	gramatika-11.md	___ film gledamo? (which)	___ film gledamo? (welcher)	gramatika-11.md#8#s8.0 | welcher | Type the question word Typed production, and the ending comes from the
odavanje	gramatika-11.md	___ knjigu čitaš? (which)	___ knjigu čitaš? (welcher)	gramatika-11.md#8#s10.0 | welcher | Type the question word Typed production, and the ending comes from the
odavanje	gramatika-11.md	Question word first, *li* after the verb, *zar ne* after a comma.	Fragewort zuerst, *li* nach dem Verb, *zar ne* nach einem Komma.	gramatika-11.md#13#infokratko | dem | Build the questions Whole questions from tiles. The question word take
odavanje	gramatika-11.md	Question word + present, or verb + *li*. *koji, kakav, čiji* follow the noun.	Fragewort + Präsens oder Verb + *li*. *koji, kakav, čiji* folgen dem Nomen.	gramatika-11.md#14#infokratko | dem | Write the whole question Free production from English, the hardest ste
odavanje	gramatika-11.md	How much does it cost?	Wie viel kostet das?	gramatika-11.md#14#s5.0 | das | Write the whole question Free production from English, the hardest ste
odavanje	gramatika-11.md	Do you have a brother?	Hast du einen Bruder?	gramatika-11.md#14#s10.0 | einen | Write the whole question Free production from English, the hardest ste
odavanje	gramatika-11.md	Are you tired?	Bist du müde?	gramatika-11.md#14#s11.0 | müde | Write the whole question Free production from English, the hardest ste
odavanje	gramatika-11.md	Is the film good?	Ist der Film gut?	gramatika-11.md#14#s12.0 | der | Write the whole question Free production from English, the hardest ste
odavanje	gramatika-12.md	You didn't pay. (to a woman)	Du hast nicht bezahlt. (zu einer Frau)	gramatika-12.md#4#s9.0 | einer | The grammatical sentence Choosing the sentence a Croatian would say. T
odavanje	gramatika-12.md	I won't order anything.	Ich werde nichts bestellen.	gramatika-12.md#4#s11.0 | werde | The grammatical sentence Choosing the sentence a Croatian would say. T
odavanje	gramatika-12.md	I don't like it. (the soup)	Ich mag sie nicht. (die Suppe)	gramatika-12.md#4#s12.0 | die | The grammatical sentence Choosing the sentence a Croatian would say. T
odavanje	gramatika-12.md	The soup is bitter.	Die Suppe ist bitter.	gramatika-12.md#6#s3.1 | bitter | Tap the ending One tap in front of each word, and the English decides 
odavanje	gramatika-12.md	Negative word first or after the verb; the verb is negative too: *ne, nisam, neću*.	Verneinungswort zuerst oder nach dem Verb; das Verb ist auch verneint: *ne, nisam, neću*.	gramatika-12.md#8#infokratko | dem | Answer with a negative word Full negative answers. Put the negative wo
odavanje	gramatika-12.md	Choose the Croatian sentence that matches the English.	Wähle den kroatischen Satz, der zum Deutschen passt.	gramatika-12.md#10#opis | den | ni, još ne or više ne? Choosing the sentence that matches the English.
odavanje	gramatika-12.md	*ne* before the verb; negative words keep *ne*; comma before *ali*, *nego*.	*ne* vor dem Verb; Verneinungswörter behalten *ne*; Komma vor *ali*, *nego*.	gramatika-12.md#14#infokratko | dem | Build the sentence Whole sentences from tiles, and each one uses a dif
odavanje	gramatika-12.md	The last step — the English sentence, and you write the Croatian.	Der letzte Schritt – der deutsche Satz, und du schreibst den kroatischen.	gramatika-12.md#15#opis | den | Write the whole sentence Free production from English, the hardest ste
odavanje	gramatika-12.md	I'm not hungry.	Ich habe keinen Hunger.	gramatika-12.md#15#s2.0 | keinen | Write the whole sentence Free production from English, the hardest ste
odavanje	gramatika-12.md	I won't pay.	Ich werde nicht bezahlen.	gramatika-12.md#15#s4.0 | werde | Write the whole sentence Free production from English, the hardest ste
odavanje	gramatika-12.md	I'm not waiting for anybody.	Ich warte auf niemanden.	gramatika-12.md#15#s10.0 | warte | Write the whole sentence Free production from English, the hardest ste
odavanje	gramatika-13.md	Type the locative. The preposition is already there.	Schreib den Lokativ. Die Präposition steht schon da.	gramatika-13.md#3#opis | den | Type the locative Typed production of the basic endings. A consonant t
odavanje	gramatika-13.md	English above, Croatian below. One tap finishes the locative. Passive words: *Amerika* (America).	Oben Deutsch, unten Kroatisch. Ein Tippen vollendet den Lokativ. Passive Wörter: *Amerika* (Amerika).	gramatika-13.md#7#opis | den | Tap the ending One tap completes the place. Where the **k** or **g** o
odavanje	gramatika-13.md	Type the locative. Watch the last consonant of the naming form.	Schreib den Lokativ. Achte auf den letzten Konsonanten der Grundform.	gramatika-13.md#8#opis | den,den | Type the changed form Typed production of the special forms. Feminine 
odavanje	gramatika-13.md	Put the pronoun, the question word or the name into the locative.	Setz das Pronomen, das Fragewort oder den Namen in den Lokativ.	gramatika-13.md#10#opis | den,den | Type the pronoun Typed production of the pronoun forms. Every form aft
odavanje	gramatika-13.md	Build the sentence. Passive words: *svi* (everybody).	Bau den Satz. Passive Wörter: *svi* (alle).	gramatika-13.md#14#opis | den | Build the sentence Whole sentences from tiles, each using a different 
odavanje	gramatika-13.md	I live in Croatia.	Ich wohne in Kroatien.	gramatika-13.md#15#s14.0 | wohne | Write the whole sentence Free production from English, the hardest ste
odavanje	gramatika-14.md	English above, Croatian below. One tap finishes the receiver — one person or several?	Oben Deutsch, unten Kroatisch. Ein Tippen vollendet den Empfänger – eine Person oder mehrere?	gramatika-14.md#6#opis | den | Tap the ending One tap completes the receiver, and the English decides
odavanje	gramatika-14.md	I'm buying Mum perfume.	Ich kaufe Mama Parfüm.	gramatika-14.md#6#s1.1 | kaufe | Tap the ending One tap completes the receiver, and the English decides
odavanje	gramatika-14.md	I trust my friend.	Ich vertraue meinem Freund.	gramatika-14.md#6#s12.1 | vertraue,meinem | Tap the ending One tap completes the receiver, and the English decides
odavanje	gramatika-14.md	Say it again, with the short form instead of the name.	Sag es noch einmal, mit der kurzen Form statt des Namens.	gramatika-14.md#8#opis | des | Replace the receiver Rewriting each sentence with the short form. The 
odavanje	gramatika-14.md	Replace the receiver in CAPITALS — and remember the short form can never open the sentence.	Ersetze den Empfänger in GROSSBUCHSTABEN – und denk daran, dass die kurze Form nie den Satz eröffnen kann.	gramatika-14.md#9#opis | den,den | Which little word? Replacing the receiver in capitals. Three checks de
odavanje	gramatika-14.md	I'm buying Mum flowers.	Ich kaufe Mama Blumen.	gramatika-14.md#14#s1.0 | kaufe | Write the whole sentence Free production from English, the hardest ste
odavanje	gramatika-14.md	I'm helping Dad.	Ich helfe Papa.	gramatika-14.md#14#s3.0 | helfe | Write the whole sentence Free production from English, the hardest ste
odavanje	gramatika-14.md	I'm giving it to him. (the ball)	Ich gebe ihn ihm. (den Ball)	gramatika-14.md#14#s12.0 | den | Write the whole sentence Free production from English, the hardest ste
odavanje	gramatika-15.md	Type the instrumental of each word — just the form, without *s*.	Schreib den Instrumental jedes Worts – nur die Form, ohne *s*.	gramatika-15.md#2#opis | den | Type the instrumental The instrumental of single words, old and new. M
odavanje	gramatika-15.md	Pišem ___ . (with a pencil)	Pišem ___ . (mit einem Bleistift)	gramatika-15.md#7#s1.0 | einem | Tool, food or company? The second rule page in practice. A tool works 
odavanje	gramatika-15.md	Jedem ___ i nožem. (with a fork)	Jedem ___ i nožem. (mit einer Gabel)	gramatika-15.md#7#s7.0 | einer | Tool, food or company? The second rule page in practice. A tool works 
odavanje	gramatika-15.md	Pizzu jedem ___ . (with my hand)	Pizzu jedem ___ . (mit der Hand)	gramatika-15.md#7#s8.0 | der | Tool, food or company? The second rule page in practice. A tool works 
odavanje	gramatika-15.md	Pišem pismo ___ . (together with my sister)	Pišem pismo ___ . (zusammen mit meiner Schwester)	gramatika-15.md#7#s9.0 | meiner | Tool, food or company? The second rule page in practice. A tool works 
odavanje	gramatika-15.md	Čime putuješ? — ___ . (by bus)	Čime putuješ? — ___ . (mit dem Bus)	gramatika-15.md#7#s10.0 | dem | Tool, food or company? The second rule page in practice. A tool works 
odavanje	gramatika-15.md	Putujem ___ . (by train)	Putujem ___ . (mit dem Zug)	gramatika-15.md#10#s1.0 | dem | Person or vehicle? Company takes *s* or *sa*, means takes nothing — an
odavanje	gramatika-15.md	Idemo ___ . (by bus)	Idemo ___ . (mit dem Bus)	gramatika-15.md#10#s3.0 | dem | Person or vehicle? Company takes *s* or *sa*, means takes nothing — an
odavanje	gramatika-15.md	Idem na otok ___ . (by ferry)	Idem na otok ___ . (mit der Fähre)	gramatika-15.md#10#s7.0 | der | Person or vehicle? Company takes *s* or *sa*, means takes nothing — an
odavanje	gramatika-15.md	Putujete li ___ ? (by car)	Putujete li ___ ? (mit dem Auto)	gramatika-15.md#10#s10.0 | dem | Person or vehicle? Company takes *s* or *sa*, means takes nothing — an
odavanje	gramatika-15.md	English above, Croatian below. One tap puts the word in the instrumental — singular or plural.	Oben Deutsch, unten Kroatisch. Ein Tippen bringt das Wort in den Instrumental – Singular oder Plural.	gramatika-15.md#12#opis | den | Tap the ending One tap for all four endings of the instrumental. In th
odavanje	gramatika-15.md	I pay by card.	Ich zahle mit Karte.	gramatika-15.md#14#s11.0 | zahle | Write the whole sentence Free production from English, the hardest ste
odavanje	gramatika-16.md	Type the genitive after the little word.	Schreib den Genitiv nach dem kleinen Wort.	gramatika-16.md#2#opis | den,dem | Type the genitive The genitive of single words, old and new. Masculine
odavanje	gramatika-16.md	Nitko ne zna ___ Marka. (except)	Nitko ne zna ___ Marka. (außer)	gramatika-16.md#6#s11.0 | außer | Pick the preposition Choosing the little word from its English meaning
odavanje	gramatika-16.md	English above, Croatian below. One tap puts the word in the genitive.	Oben Deutsch, unten Kroatisch. Ein Tippen bringt das Wort in den Genitiv.	gramatika-16.md#7#opis | den | Tap the ending One tap for the genitive after a little word. Masculine
odavanje	gramatika-16.md	Genitive after the thing, the little word, *nema* or a number. *kod mene, bez tebe*.	Genitiv nach der Sache, dem kleinen Wort, *nema* oder einer Zahl. *kod mene, bez tebe*.	gramatika-16.md#12#infokratko | dem | Build the sentence Whole sentences from tiles, each using a different 
odavanje	gramatika-16.md	I come from Zagreb.	Ich komme aus Zagreb.	gramatika-16.md#13#s2.0 | komme | Write the whole sentence Free production from English. The genitive fo
odavanje	gramatika-17.md	Make the command (ti form).	Bilde den Befehl (ti-Form).	gramatika-17.md#2#opis | den | Make the command (ti) You make the order for one friend from the infin
odavanje	gramatika-17.md	The English is above. One tap finishes the order — for one friend or for a group.	Oben steht das Deutsche. Ein Tippen vollendet den Befehl – für einen Freund oder für eine Gruppe.	gramatika-17.md#4#opis | den | Tap the ending One tap finishes the order. The bracket says who gets i
odavanje	gramatika-18.md	Add the right helper.	Füg den richtigen Helfer hinzu.	gramatika-18.md#2#opis | den | Type the helper You type the helper that matches the person. *Ja* take
odavanje	gramatika-18.md	Marko would save.	Marko würde sparen.	gramatika-18.md#3#s6.1 | würde | Tap the ending One tap finishes the participle. It shows gender and nu
odavanje	gramatika-18.md	Grandma would read books.	Oma würde Bücher lesen.	gramatika-18.md#3#s13.1 | würde | Tap the ending One tap finishes the participle. It shows gender and nu
odavanje	gramatika-18.md	afraid of the sea	Angst vor dem Meer	gramatika-18.md#4#s4.0 | dem | The grammatical sentence Choosing the sentence with the right word ord
odavanje	gramatika-18.md	polite question	höfliche Frage	gramatika-18.md#4#s6.0 | höfliche | The grammatical sentence Choosing the sentence with the right word ord
odavanje	gramatika-18.md	tomorrow I'd buy	morgen würde ich kaufen	gramatika-18.md#4#s10.0 | würde | The grammatical sentence Choosing the sentence with the right word ord
odavanje	gramatika-18.md	I would hope	ich würde hoffen	gramatika-18.md#4#s11.0 | würde | The grammatical sentence Choosing the sentence with the right word ord
odavanje	gramatika-18.md	Rewrite the dream with *kad bih*.	Schreib den Traum mit *kad bih* neu.	gramatika-18.md#10#opis | den | From da to kad bih The same dream said the other way. *Da* + present b
odavanje	gramatika-18.md	Make it softer with the conditional.	Mach es mit dem Konditional sanfter.	gramatika-18.md#11#opis | dem | Make it softer You make a request more polite with the conditional. *M
odavanje	gramatika-18.md	I would like a coffee.	Ich möchte einen Kaffee.	gramatika-18.md#13#s4.0 | möchte,einen | Write the whole sentence Free production from English. The conditional
odavanje	gramatika-18.md	I wouldn't be afraid.	Ich hätte keine Angst.	gramatika-18.md#13#s5.0 | hätte | Write the whole sentence Free production from English. The conditional
odavanje	gramatika-18.md	What would you do? (to a friend)	Was würdest du tun? (zu einem Freund)	gramatika-18.md#13#s14.0 | einem | Write the whole sentence Free production from English. The conditional
odavanje	gramatika-19.md	Type the perfective twin.	Schreib den perfektiven Zwilling.	gramatika-19.md#3#opis | den | Type the twin You type the perfective twin of each imperfective verb. 
odavanje	gramatika-19.md	Choose the right twin.	Wähle den richtigen Zwilling.	gramatika-19.md#4#opis | den | Pick the twin Choosing the twin that fits the context. Duration and re
odavanje	gramatika-19.md	Type the participle of the right twin.	Schreib das Partizip des richtigen Zwillings.	gramatika-19.md#6#opis | des | Process or result? You type the right twin in the past tense. The brac
odavanje	gramatika-19.md	Jesi li ___ zadaću? (pisati / napisati, to a boy)	Jesi li ___ zadaću? (pisati / napisati, zu einem Jungen)	gramatika-19.md#6#s11.0 | einem | Process or result? You type the right twin in the past tense. The brac
odavanje	gramatika-19.md	to sign a contract	einen Vertrag unterschreiben	gramatika-19.md#10#s1.0 | einen | Which prefix? Choosing the prefixed verb from its meaning. All five co
odavanje	gramatika-19.md	to copy out the text	den Text abschreiben	gramatika-19.md#10#s5.0 | den | Which prefix? Choosing the prefixed verb from its meaning. All five co
odavanje	gramatika-19.md	to sign the postcard	die Postkarte unterschreiben	gramatika-19.md#10#s6.0 | die | Which prefix? Choosing the prefixed verb from its meaning. All five co
odavanje	gramatika-19.md	to describe your family	deine Familie beschreiben	gramatika-19.md#10#s7.0 | deine | Which prefix? Choosing the prefixed verb from its meaning. All five co
odavanje	gramatika-19.md	to note down the address	die Adresse aufschreiben	gramatika-19.md#10#s8.0 | die | Which prefix? Choosing the prefixed verb from its meaning. All five co
odavanje	gramatika-19.md	Eat up the soup!	Iss die Suppe auf!	gramatika-19.md#11#s6.0 | die | Which command? Choosing the order that asks for the right thing. The i
odavanje	gramatika-19.md	Finish your homework!	Mach deine Hausaufgaben fertig!	gramatika-19.md#11#s10.0 | deine | Which command? Choosing the order that asks for the right thing. The i
odavanje	gramatika-19.md	Note down my number! (to a friend)	Schreib dir meine Nummer auf! (zu einem Freund)	gramatika-19.md#13#s9.0 | einem | Write the whole sentence Free production from English. Something lasti
odavanje	gramatika-19.md	Describe your house! (to a friend)	Beschreib dein Haus! (zu einem Freund)	gramatika-19.md#13#s10.0 | einem | Write the whole sentence Free production from English. Something lasti
odavanje	gramatika-19.md	Drink up your water! (to a friend)	Trink dein Wasser aus! (zu einem Freund)	gramatika-19.md#13#s11.0 | einem | Write the whole sentence Free production from English. Something lasti
odavanje	gramatika-19.md	Don't eat the cake! (to a friend)	Iss den Kuchen nicht! (zu einem Freund)	gramatika-19.md#13#s12.0 | einem | Write the whole sentence Free production from English. Something lasti
odavanje	gramatika-19.md	Have you finished your homework? (to a girl)	Hast du deine Hausaufgaben fertig? (zu einem Mädchen)	gramatika-19.md#13#s13.0 | einem | Write the whole sentence Free production from English. Something lasti
odavanje	gramatika-20.md	Join with the connector in brackets.	Verbinde mit dem Bindewort in Klammern.	gramatika-20.md#4#opis | dem | Join with a connector You join two sentences with the connector in bra
odavanje	gramatika-20.md	The relative pronoun takes the case its own clause needs.	Das Relativpronomen nimmt den Fall, den sein eigener Satz braucht.	gramatika-20.md#7#opis | den,den | koji in the right case Choosing the case of *koji* from its own senten
odavanje	gramatika-20.md	"Report the thought — join the halves with ""da""."	Gib den Gedanken wieder – verbinde die Hälften mit „da“.	gramatika-20.md#11#opis | den | Join it with da You report a thought or a statement by joining the two
odavanje	gramatika-20.md	*koji* after its noun; *da* after *mislim*; short words right after the connector.	*koji* nach seinem Substantiv; *da* nach *mislim*; kurze Wörter direkt nach dem Bindewort.	gramatika-20.md#12#infokratko | dem | The final sentence The last sentences of the course, built from tiles.
odavanje	lekcija-0.md	Match the pictures to the words.	Ordne die Bilder den Wörtern zu.	lekcija-0.md#5#opis | den | Six more Meet the letters only Croatian has: **dž**, **đ**, **ć**. Don
odavanje	lekcija-01.md	Same meaning, three endings. Look at the last letter of the noun: a consonant takes the short form (velik grad), -a takes -a (velika kuća), -o or -e takes -o (veliko more).	Gleiche Bedeutung, drei Endungen. Schau auf den letzten Buchstaben des Nomens: Ein Konsonant nimmt die Kurzform (velik grad), -a nimmt -a (velika kuća), -o oder -e nimmt -o (veliko more).	lekcija-01.md#7#opis | den,des | Which ending fits? You pick the description whose ending echoes the no
odavanje	lekcija-02.md	The person decides the ending. Pick the sentence that fits.	Die Person entscheidet über die Endung. Wähle den Satz, der passt.	lekcija-02.md#7#opis | den | Which ending fits? Pick the form that agrees with the person named. A 
odavanje	lekcija-03.md	I read a textbook.	Ich lese ein Lehrbuch.	lekcija-03.md#8#s1.1 | lese | Tap the ending One tap supplies the name tag: **-m** when the subject 
odavanje	lekcija-03.md	She watches a film.	Sie schaut einen Film.	lekcija-03.md#8#s12.1 | einen | Tap the ending One tap supplies the name tag: **-m** when the subject 
odavanje	lekcija-03.md	Ana writes a letter.	Ana schreibt einen Brief.	lekcija-03.md#8#s15.1 | einen | Tap the ending One tap supplies the name tag: **-m** when the subject 
odavanje	lekcija-03.md	I sleep.	Ich schlafe.	lekcija-03.md#8#s19.1 | schlafe | Tap the ending One tap supplies the name tag: **-m** when the subject 
odavanje	lekcija-03.md	Build the sentence that describes the scene.	Bau den Satz, der die Szene beschreibt.	lekcija-03.md#10#opis | den | Build the scene Word-order building: the subject comes first and the o
odavanje	lekcija-05.md	I'm buying salad.	Ich kaufe Salat.	lekcija-05.md#6#s14.1 | kaufe | Tap the ending One tap supplies the missing final letter. Ask what the
odavanje	lekcija-05.md	Ana is paying for the cake.	Ana bezahlt die Torte.	lekcija-05.md#6#s18.1 | die | Tap the ending One tap supplies the missing final letter. Ask what the
odavanje	lekcija-05.md	I'm buying a tomato.	Ich kaufe eine Tomate.	lekcija-05.md#6#s22.1 | kaufe | Tap the ending One tap supplies the missing final letter. Ask what the
odavanje	lekcija-05.md	Choose the correct form to complete the sentence.	Wähle die richtige Form, um den Satz zu vervollständigen.	lekcija-05.md#8#opis | den | Pick the right form Choosing between the naming and the target form. A
odavanje	lekcija-05.md	Against the clock: swap the last letter, *kava → kavu, tržnica → tržnicu*.	Gegen die Uhr: Tausche den letzten Buchstaben, *kava → kavu, tržnica → tržnicu*.	lekcija-05.md#12#infokratko | den | Accusative sprint A timed swap from naming form to target form. Only t
odavanje	lekcija-06.md	I see the tram.	Ich sehe die Straßenbahn.	lekcija-06.md#6#s1.1 | sehe,die | Tap the ending One tap chooses the ending. A living being takes **-a**
odavanje	lekcija-06.md	I see a friend.	Ich sehe einen Freund.	lekcija-06.md#6#s2.1 | sehe,einen | Tap the ending One tap chooses the ending. A living being takes **-a**
odavanje	lekcija-06.md	I'm photographing my neighbour.	Ich fotografiere meinen Nachbarn.	lekcija-06.md#6#s10.1 | fotografiere,meinen | Tap the ending One tap chooses the ending. A living being takes **-a**
odavanje	lekcija-06.md	Ana is calling the waiter.	Ana ruft den Kellner.	lekcija-06.md#6#s16.1 | den | Tap the ending One tap chooses the ending. A living being takes **-a**
odavanje	lekcija-06.md	I see my neighbour.	Ich sehe meinen Nachbarn.	lekcija-06.md#6#s18.1 | sehe,meinen | Tap the ending One tap chooses the ending. A living being takes **-a**
odavanje	lekcija-06.md	Arrange the tiles to build the sentence.	Ordne die Kärtchen, um den Satz zu bauen.	lekcija-06.md#9#opis | den | Build the street scene You build whole sentences from tiles. Order sta
odavanje	lekcija-06.md	Read, then answer. **-a** marks the person acted on: *vidi policajca*. No **-a** after the verb means a thing.	Lies, dann antworte. **-a** markiert die Person, auf die eingewirkt wird: *vidi policajca*. Kein **-a** nach dem Verb heißt ein Ding.	lekcija-06.md#12#infokratko | dem | A street in Zagreb Read the street scene, then answer. Look for who is
odavanje	lekcija-07.md	Type the plural: *učenik → učenici*, *stol → stolovi*, *dijete → djeca*.	Tippe den Plural: *učenik → učenici*, *stol → stolovi*, *dijete → djeca*.	lekcija-07.md#11#infokratko | den | Make it plural Type the plural yourself, so spelling counts. Remember 
odavanje	lekcija-07.md	Type the plural.	Tippe den Plural.	lekcija-07.md#11#opis | den | Make it plural Type the plural yourself, so spelling counts. Remember 
odavanje	lekcija-08.md	Plural sprint from Lesson 7 — tap the plural before the timer runs out.	Plural-Sprint aus Lektion 7 – tippe auf den Plural, bevor die Zeit abläuft.	lekcija-08.md#2#opis | den | Rapid recall A timed warm-up on the plurals from Lesson 7, before the 
odavanje	lekcija-08.md	Helper from the subject; the verb stays whole: *Ja ću plivati*.	Hilfswort nach dem Subjekt; das Verb bleibt ganz: *Ja ću plivati*.	lekcija-08.md#7#infokratko | dem | Pick the helper Choose the helper that matches the subject. Nothing el
odavanje	lekcija-08.md	**Before** the helper drop the *-i* (*Plivat ću*); **after** it keep it (*Ja ću plivati*).	**Vor** dem Hilfswort fällt das *-i* weg (*Plivat ću*); **danach** bleibt es (*Ja ću plivati*).	lekcija-08.md#8#infokratko | dem | Long or short? One tap decides the verb's shape, and only word order d
odavanje	lekcija-08.md	Arrange the tiles to build the plan.	Ordne die Kärtchen, um den Plan zu bauen.	lekcija-08.md#11#opis | den | Build the plan Assemble whole sentences from tiles, watching where the
odavanje	lekcija-08.md	Read the plan, then answer the questions. Passive words: *planiraju* (they are planning), *pa* (so), *težak* (heavy), *prije sunca* (before sunrise).	Lies den Plan und beantworte dann die Fragen. Passive Wörter: *planiraju* (sie planen), *pa* (also), *težak* (schwer), *prije sunca* (vor Sonnenaufgang).	lekcija-08.md#15#opis | den | A summer plan Read the plan first, then answer. The helper tells you w
odavanje	lekcija-09.md	Her body is tired.	Ihr Körper ist müde.	lekcija-09.md#11#s15.1 | müde | One tap decides it The whole rule reduced to a single tap. The base of
odavanje	lekcija-09.md	Read the text, then answer. Passive words: *svaki dan* (every day), *nosi* (carries), *svi* (everyone).	Lies den Text und antworte dann. Passive Wörter: *svaki dan* (jeden Tag), *nosi* (trägt), *svi* (alle).	lekcija-09.md#17#opis | den | Read: our club A short text where almost every sentence carries a poss
odavanje	lekcija-10.md	___ klub (our)	___ klub (unser)	lekcija-10.md#2#s2.0 | unser | Rapid recall A timed warm-up on the possessives from Lesson 9, before 
odavanje	lekcija-10.md	___ more (our)	___ more (unser)	lekcija-10.md#2#s5.0 | unser | Rapid recall A timed warm-up on the possessives from Lesson 9, before 
odavanje	lekcija-10.md	Ti si igra___ tenis. (to a friend, m.)	Ti si igra___ tenis. (zu einem Freund)	lekcija-10.md#8#s21.0 | einem | Tap the ending One tap finishes the participle. Find the subject first
odavanje	lekcija-10.md	Ti si igra___ tenis. (to a friend, f.)	Ti si igra___ tenis. (zu einer Freundin)	lekcija-10.md#8#s22.0 | einer | Tap the ending One tap finishes the participle. Find the subject first
odavanje	lekcija-10.md	Ti ___ dugo. (to a friend, m.)	Ti ___ dugo. (zu einem Freund, m.)	lekcija-10.md#9#s10.0 | einem | Pick the right combo Multiple choice on the whole pair, helper plus pa
odavanje	lekcija-10.md	biti (it — more) →	biti (es – more) →	lekcija-10.md#10#s9.0 | more | Type the participle Now you type the participle yourself, so spelling 
odavanje	lekcija-10.md	Participle + *biti* after the first word: *Gledam film → Gledao sam film*. Both genders accepted.	Partizip + *biti* nach dem ersten Wort: *Gledam film → Gledao sam film*. Beide Genera akzeptiert.	lekcija-10.md#12#infokratko | dem | Today → yesterday Turn a present sentence into a past one. Take the ve
odavanje	lekcija-10.md	Helper right after the first word: *Jučer sam gledao film. Ana je pjevala.*	Hilfswort direkt nach dem ersten Wort: *Jučer sam gledao film. Ana je pjevala.*	lekcija-10.md#13#infokratko | dem | Build yesterday Whole sentences from tiles, so the helper has to land 
odavanje	lekcija-11.md	*koji / kakav / čiji* agree with the noun: m bare or **-i**, f **-a**, n **-e/-o**. Target f: *Koju knjigu čitaš?*	*koji / kakav / čiji* stimmen mit dem Nomen überein: m Grundform oder **-i**, f **-a**, n **-e/-o**. Ziel f: *Koju knjigu čitaš?*	lekcija-11.md#8#infokratko | dem | Tap the ending One tap for the three question words that agree. They c
odavanje	lekcija-11.md	*li* right after the verb, never first. With *biti*: *jesi li, je li, jeste li*.	*li* direkt nach dem Verb, nie zuerst. Bei *biti*: *jesi li, je li, jeste li*.	lekcija-11.md#9#infokratko | dem | Build the question Choosing the correctly built question. *Li* always 
odavanje	lekcija-11.md	*koji, kakav, čiji* agree with the noun; *koga* for a person as target: *Koga čekaš?*	*koji, kakav, čiji* stimmen mit dem Nomen überein; *koga* für eine Person als Ziel: *Koga čekaš?*	lekcija-11.md#13#infokratko | dem | Type the question word You type the word, with the answer given. Three
odavanje	lekcija-12.md	Lesson 11 against the clock. Question word first, *li* after the verb, *Jesi li...?* with *biti*.	Lektion 11 gegen die Uhr. Fragewort zuerst, *li* nach dem Verb, *Jesi li …?* bei *biti*.	lekcija-12.md#2#infokratko | dem | Rapid recall A timed warm-up on the questions from Lesson 11. The ques
odavanje	lekcija-12.md	English above, Croatian below. One tap in front of the word — or none, if the sentence is positive.	Oben Deutsch, unten Kroatisch. Ein Tipp vor dem Wort – oder keiner, wenn der Satz bejaht ist.	lekcija-12.md#10#opis | dem | Tap the ending One tap in front of each word. **Ni-** makes the negati
odavanje	lekcija-12.md	Choose the correct Croatian sentence.	Wähle den richtigen kroatischen Satz.	lekcija-12.md#11#opis | den | Stack the negatives Choosing the sentence built the Croatian way. When
odavanje	lekcija-12.md	Somebody is eating my pizza!	Jemand isst meine Pizza!	lekcija-12.md#11#s10.0 | meine | Stack the negatives Choosing the sentence built the Croatian way. When
odavanje	lekcija-12.md	*ne* before the verb; *nisam, neću* can come first; negative words keep *ne* on the verb.	*ne* vor dem Verb; *nisam, neću* dürfen zuerst; Verneinungswörter behalten *ne* am Verb.	lekcija-12.md#12#infokratko | dem | Build the protest Whole negative sentences from tiles. *Ne* goes direc
odavanje	lekcija-13.md	"English above, Croatian below. One tap puts the place in the ""being there"" form."	Oben Deutsch, unten Kroatisch. Ein Tipp setzt den Ort in die Da-sein-Form.	lekcija-13.md#8#opis | den | Tap the ending One tap completes the place. Masculine words ending in 
odavanje	lekcija-13.md	Naming form → locative: **-u** or **-i**, with the right *u* or *na*.	Benennungsform → Lokativ: **-u** oder **-i**, mit dem richtigen *u* oder *na*.	lekcija-13.md#14#infokratko | dem | Locative sprint "A timed sprint from the naming form to ""being there"
odavanje	lekcija-14.md	I'm bringing Ana flowers.	Ich bringe Ana Blumen.	lekcija-14.md#8#s7.1 | bringe | Tap the ending One tap completes the receiver. A word in **-a** takes 
odavanje	lekcija-14.md	I'm helping my friend.	Ich helfe meinem Freund.	lekcija-14.md#8#s8.1 | helfe,meinem | Tap the ending One tap completes the receiver. A word in **-a** takes 
odavanje	lekcija-14.md	I'm bringing Grandma cakes.	Ich bringe Oma Kuchen.	lekcija-14.md#8#s9.1 | bringe | Tap the ending One tap completes the receiver. A word in **-a** takes 
odavanje	lekcija-14.md	I'm buying Petra perfume.	Ich kaufe Petra Parfüm.	lekcija-14.md#8#s13.1 | kaufe | Tap the ending One tap completes the receiver. A word in **-a** takes 
odavanje	lekcija-14.md	Receiver: *baki*, not *baka* or *baku*. *Komu?* for the receiver. *tati*, never *tatu* here.	Empfänger: *baki*, nicht *baka* oder *baku*. *Komu?* für den Empfänger. *tati*, hier nie *tatu*.	lekcija-14.md#9#infokratko | den | Pick the right form Choosing the receiver's form. The dative ends in *
odavanje	lekcija-14.md	Choose the receiver's form.	Wähle die Form des Empfängers.	lekcija-14.md#9#opis | des | Pick the right form Choosing the receiver's form. The dative ends in *
odavanje	lekcija-15.md	**-om** after most sounds and for **-a**; **-em** after j, lj, nj, č, ć, š, ž: *prijateljem, tramvajem*.	**-om** nach den meisten Lauten und für **-a**; **-em** nach j, lj, nj, č, ć, š, ž: *prijateljem, tramvajem*.	lekcija-15.md#7#infokratko | den | Tap the ending One tap completes the instrumental. Most words take **-
odavanje	lekcija-15.md	English above, Croatian below. One tap puts the word in the instrumental.	Oben Deutsch, unten Kroatisch. Ein Tippen bringt das Wort in den Instrumental.	lekcija-15.md#7#opis | den | Tap the ending One tap completes the instrumental. Most words take **-
odavanje	lekcija-16.md	Choose the correct genitive.	Wähle den richtigen Genitiv.	lekcija-16.md#9#opis | den | Pick the right form Choosing the correct genitive. The usual mistakes 
odavanje	lekcija-16.md	Genitive right after the little word or the thing: *bez šećera, vrata kuće*.	Genitiv direkt nach dem kleinen Wort oder der Sache: *bez šećera, vrata kuće*.	lekcija-16.md#12#infokratko | dem | Build it Whole sentences about Grandma's house, built from tiles. The 
odavanje	lekcija-16.md	Read the text, then answer the questions. Passive words: *veliki* (big), *popravlja* (repairs), *nema ni problema* (there's no problem either).	Lies den Text und beantworte dann die Fragen. Passive Wörter: *veliki* (groß), *popravlja* (repariert), *nema ni problema* (es gibt auch kein Problem).	lekcija-16.md#15#opis | den | Read: Grandma's house Read the description, then answer in Croatian. A
odavanje	lekcija-17.md	The *ti* form is in the English line. One tap makes the order.	Die *ti*-Form steht in der deutschen Zeile. Ein Tippen macht den Befehl.	lekcija-17.md#8#opis | den | Tap the ending One tap turns the verb into an order for one friend. Ve
odavanje	lekcija-17.md	One friend or a group? Choose the right command.	Ein Freund oder eine Gruppe? Wähle den richtigen Befehl.	lekcija-17.md#9#opis | den | Pick the form Choosing the correct imperative. The wrong options take 
odavanje	lekcija-17.md	Type the command. (ti) = one friend, (vi) = a group.	Schreib den Befehl. (ti) = ein Freund, (vi) = eine Gruppe.	lekcija-17.md#10#opis | den | Type the order You type the order yourself, for one friend or for a gr
odavanje	lekcija-17.md	A *ti* form flashes — tap the order before the timer runs out.	Eine *ti*-Form blinkt auf – tippe den Befehl, bevor die Zeit abläuft.	lekcija-17.md#15#opis | den | Command sprint A timed sprint from the *ti* form to the order. **-aš**
odavanje	lekcija-18.md	Command sprint from Lesson 17 — tap the order before the timer runs out.	Befehls-Sprint aus Lektion 17 – tippe den Befehl, bevor die Zeit abläuft.	lekcija-18.md#2#opis | den | Rapid recall A timed warm-up on the imperative from Lesson 17. Take th
odavanje	lekcija-18.md	English above, Croatian below. One tap finishes the helper — or none.	Oben Deutsch, unten Kroatisch. Ein Tippen vollendet den Helfer – oder keiner.	lekcija-18.md#7#opis | den | Tap the ending One tap finishes the helper *bi*. For *ja* it becomes *
odavanje	lekcija-18.md	Marko would save money.	Marko würde Geld sparen.	lekcija-18.md#7#s11.1 | würde | Tap the ending One tap finishes the helper *bi*. For *ja* it becomes *
odavanje	lekcija-18.md	Make it a dream — rewrite in the conditional (male or female form).	Mach einen Traum daraus – schreib den Satz im Konditional (männliche oder weibliche Form).	lekcija-18.md#9#opis | den | Today → in your dreams You turn a present-tense sentence into a dream.
odavanje	lekcija-19.md	Choose the right twin for the sentence.	Wähle den richtigen Zwilling für den Satz.	lekcija-19.md#9#opis | den,den | Pick the twin Choosing the twin that fits the sentence. Look for the t
odavanje	lekcija-19.md	"Type the ""done!"" twin."	Schreib den „fertig!“-Zwilling.	lekcija-19.md#10#opis | den | Type the twin You type the result twin of each verb. Most take a prefi
odavanje	lekcija-20.md	"Twin sprint from Lesson 19 — tap the ""done"" twin before the timer runs out."	Zwillings-Sprint aus Lektion 19 – tippe den „fertig“-Zwilling, bevor die Zeit abläuft.	lekcija-20.md#2#opis | den | Rapid recall A timed warm-up on aspect from Lesson 19. The perfective 
odavanje	praksa-01.md	Answer from the text.	Antworte aus dem Text.	praksa-01.md#2#opis | dem | Did you get it? Comprehension questions with the text still above you,
odavanje	praksa-01.md	Copy the word from the text. Masculine nouns, so bare adjectives: *hladan, popularan*.	Übernimm das Wort aus dem Text. Maskuline Nomen, also Adjektive in Grundform: *hladan, popularan*.	praksa-01.md#3#infokratko | dem | Fill in from the text You copy the missing word straight out of the te
odavanje	praksa-01.md	Read the English sentence, then build its Croatian translation from the tiles. Almost every sentence comes from the three texts you just read — and you'll hear it once it's right.	Lies den deutschen Satz und bau dann seine kroatische Übersetzung aus den Kärtchen. Fast jeder Satz stammt aus den drei Texten, die du gerade gelesen hast – und du hörst ihn, sobald er stimmt.	praksa-01.md#9#opis | den,den,den | Translate by building Tile translation of sentences taken from the thr
odavanje	praksa-02.md	Who is the doctor?	Wer ist die Ärztin?	praksa-02.md#2#s1.0 | die | Did you get it? A comprehension check on the text above; every answer 
odavanje	praksa-02.md	Who is the cook?	Wer ist der Koch?	praksa-02.md#2#s2.0 | der | Did you get it? A comprehension check on the text above; every answer 
odavanje	praksa-02.md	Who is the driver?	Wer ist der Fahrer?	praksa-02.md#2#s3.0 | der | Did you get it? A comprehension check on the text above; every answer 
odavanje	praksa-02.md	Copy from the text: *ja sam, on je, mi smo*; *Petra je draga*.	Übernimm aus dem Text: *ja sam, on je, mi smo*; *Petra je draga*.	praksa-02.md#3#infokratko | dem | Fill in from the text Gap-fill taken straight from the text, so read i
odavanje	praksa-02.md	Read the English sentence, then build its Croatian translation from the tiles. Almost every sentence comes from the four texts you just read — and you'll hear it once it's right.	Lies den deutschen Satz und bau dann seine kroatische Übersetzung aus den Kärtchen. Fast jeder Satz stammt aus den vier Texten, die du gerade gelesen hast – und du hörst ihn, sobald er stimmt.	praksa-02.md#11#opis | den,den,den | Translate by building Production from English with tiles drawn from al
odavanje	praksa-03.md	The answer is usually the word after the verb: *Marko pije sok*.	Die Antwort ist meist das Wort nach dem Verb: *Marko pije sok*.	praksa-03.md#2#infokratko | dem | Did you get it? Comprehension straight from the text above. The answer
odavanje	praksa-03.md	**-m** belongs to the speaker: Ana says *Pijem čaj*.	**-m** gehört dem Sprecher: Ana sagt *Pijem čaj*.	praksa-03.md#4#infokratko | dem | True or false? Truth checks against the dialogue, and the trap is owne
odavanje	praksa-03.md	Type the whole verb from the text.	Tippe das ganze Verb aus dem Text.	praksa-03.md#6#opis | dem | Type the verb from the text You type the whole verb, so the subject pi
odavanje	praksa-03.md	What is the brother listening to?	Was hört der Bruder?	praksa-03.md#7#s3.0 | der | Did you get it? — the evening Comprehension on the evening text. Read 
odavanje	praksa-03.md	Afterwards the dog...	Danach … der Hund.	praksa-03.md#7#s6.0 | der | Did you get it? — the evening Comprehension on the evening text. Read 
odavanje	praksa-03.md	Ending matches the subject; *ne* right before the verb. *Pijem čaj* is complete.	Endung passt zum Subjekt; *ne* direkt vor dem Verb. *Pijem čaj* ist vollständig.	praksa-03.md#10#infokratko | dem | Translate by building Building Croatian from English out of tiles. Two
odavanje	praksa-03.md	Read the English sentence, then build its Croatian translation from the tiles. Almost every sentence comes from the four texts you just read.	Lies den deutschen Satz und bau dann seine kroatische Übersetzung aus den Kärtchen. Fast jeder Satz stammt aus den vier Texten, die du gerade gelesen hast.	praksa-03.md#10#opis | den,den,den | Translate by building Building Croatian from English out of tiles. Two
odavanje	praksa-03.md	en: I'm learning Croatian.	en: Ich lerne Kroatisch.	praksa-03.md#10#s9.1 | lerne | Translate by building Building Croatian from English out of tiles. Two
odavanje	praksa-03.md	en: I am listening to the radio.	en: Ich höre Radio.	praksa-03.md#10#s26.1 | höre | Translate by building Building Croatian from English out of tiles. Two
odavanje	praksa-05.md	Target form in the questions too: *Tko nosi žutu vrećicu?*	Auch in den Fragen die Zielform: *Tko nosi žutu vrećicu?*	praksa-05.md#9#infokratko | den | Solve the puzzle Deduction questions on Text 3. The questions themselv
odavanje	praksa-05.md	Nobody says whose bag is whose. Work it out from what each person likes and does.	Niemand sagt, wem welche Tüte gehört. Finde es heraus aus dem, was jede Person mag und tut.	praksa-05.md#9#opis | dem | Solve the puzzle Deduction questions on Text 3. The questions themselv
odavanje	praksa-05.md	Every sentence here came out of the four texts you just read. Naming takes **-a**, target takes **-u**.	Jeder Satz hier stammt aus den vier Texten, die du gerade gelesen hast. Benennen nimmt **-a**, Ziel nimmt **-u**.	praksa-05.md#11#opis | den | Tap the ending from the texts One tap per sentence, almost every sente
odavanje	praksa-05.md	I love Saturday.	Ich liebe den Samstag.	praksa-05.md#11#s13.1 | liebe,den | Tap the ending from the texts One tap per sentence, almost every sente
odavanje	praksa-05.md	Order by sense: check the price before paying.	Ordne nach Sinn: erst den Preis prüfen, dann bezahlen.	praksa-05.md#13#infokratko | den | Ana's Saturday, in order Ordering seven moments into a sequence that m
odavanje	praksa-05.md	Read the English sentence, then build its Croatian translation from the tiles. Almost everything comes from the four texts.	Lies den deutschen Satz und bau dann seine kroatische Übersetzung aus den Kärtchen. Fast alles stammt aus den vier Texten.	praksa-05.md#14#opis | den,den,den | Translate by building English in, Croatian tiles out. Two habits decid
odavanje	praksa-05.md	en: I love coffee!	en: Ich liebe Kaffee!	praksa-05.md#14#s17.1 | liebe | Translate by building English in, Croatian tiles out. Two habits decid
odavanje	praksa-06.md	*koga* asks for the target (**-a**). Start from the last line.	*koga* fragt nach dem Ziel (**-a**). Fang mit der letzten Zeile an.	praksa-06.md#4#infokratko | dem | Solve the puzzle Questions that follow the chain. Every *koga* questio
odavanje	praksa-06.md	Almost every sentence came out of the four texts. A being takes **-a**, a thing takes nothing.	Fast jeder Satz stammt aus den vier Texten. Ein Lebewesen nimmt **-a**, ein Ding nimmt nichts.	praksa-06.md#10#opis | den | Tap the ending from the texts Ending taps drawn from the four texts. A
odavanje	praksa-06.md	Ana sees a friend.	Ana sieht einen Freund.	praksa-06.md#10#s1.1 | einen | Tap the ending from the texts Ending taps drawn from the four texts. A
odavanje	praksa-06.md	I see a car.	Ich sehe ein Auto.	praksa-06.md#10#s8.1 | sehe | Tap the ending from the texts Ending taps drawn from the four texts. A
odavanje	praksa-06.md	Marko is photographing the bridge.	Marko fotografiert die Brücke.	praksa-06.md#10#s10.1 | die | Tap the ending from the texts Ending taps drawn from the four texts. A
odavanje	praksa-06.md	I see a bus.	Ich sehe einen Bus.	praksa-06.md#10#s14.1 | sehe,einen | Tap the ending from the texts Ending taps drawn from the four texts. A
odavanje	praksa-06.md	Fill in the accusative from the text.	Ergänze den Akkusativ aus dem Text.	praksa-06.md#11#opis | den,dem | Type the accusative Typing the target form back into sentences you hav
odavanje	praksa-06.md	Say the sentence again, but swap the noun for its little word. *ga* for masculine and neuter, *je* for feminine.	Sag den Satz noch einmal, aber tausche das Nomen gegen sein kleines Wort. *ga* für Maskulinum und Neutrum, *je* für Femininum.	praksa-06.md#12#opis | den | Say it with a pronoun Swapping a named target for its pronoun. Gender 
odavanje	praksa-07.md	Fill in the plural verb from the text.	Ergänze das Verb im Plural aus dem Text.	praksa-07.md#7#opis | dem | Type the plural verb Type the verb to match its subject. *mi* takes **
odavanje	praksa-07.md	Almost every sentence came out of the five texts. Masculine takes **-i**, feminine **-e**, neuter **-a**.	Fast jeder Satz stammt aus den fünf Texten. Maskulin nimmt **-i**, feminin **-e**, neutral **-a**.	praksa-07.md#13#opis | den | Tap the plural ending from the texts Fill in the plural ending on sent
odavanje	praksa-07.md	Order by the events.	Ordne nach den Ereignissen.	praksa-07.md#15#infokratko | den | A school morning, in order Sequence the day by sense, not by grammar. 
odavanje	praksa-07.md	Read the English sentence, then build its Croatian translation from the tiles. Almost everything comes from the five texts.	Lies den deutschen Satz und bau dann seine kroatische Übersetzung aus den Kärtchen. Fast alles stammt aus den fünf Texten.	praksa-07.md#16#opis | den,den,den | Translate by building English prompt, Croatian built from tiles. Every
odavanje	praksa-08.md	Work it out from what each person likes and fears.	Finde es heraus aus dem, was jede Person mag und fürchtet.	praksa-08.md#9#opis | dem | Solve the puzzle Work out who goes where by elimination. The load-bear
odavanje	praksa-08.md	Right before the helper: no *-i* (*Bit će*); after it: whole (*ću biti*).	Direkt vor dem Hilfswort: kein *-i* (*Bit će*); danach: ganz (*ću biti*).	praksa-08.md#11#infokratko | dem | Long or short, from the texts The same one-tap rule, now on sentences 
odavanje	praksa-08.md	Almost every sentence came out of the five texts. In front of *ću* the verb drops its **-i**; after *ću* it keeps it.	Fast jeder Satz stammt aus den fünf Texten. Vor *ću* verliert das Verb sein **-i**; nach *ću* behält es es.	praksa-08.md#11#opis | den | Long or short, from the texts The same one-tap rule, now on sentences 
odavanje	praksa-08.md	Before the helper trim (*Ustat ću*); after, whole (*Sutra ću putovati*). *ići* stays.	Vor dem Hilfswort kürzen (*Ustat ću*); danach ganz (*Sutra ću putovati*). *ići* bleibt.	praksa-08.md#12#infokratko | dem | Type the future form Type the verb in the shape the slot demands. If t
odavanje	praksa-08.md	Fill in the future form from the text.	Ergänze die Futurform aus dem Text.	praksa-08.md#12#opis | dem | Type the future form Type the verb in the shape the slot demands. If t
odavanje	praksa-08.md	Follow the time words: *navečer*, *rano*, *poslije*, *navečer*.	Folge den Zeitwörtern: *navečer*, *rano*, *poslije*, *navečer*.	praksa-08.md#16#infokratko | den | The journey, in order Put seven future sentences into the order the tr
odavanje	praksa-09.md	Answer from the text. Passive words: *prljav* (dirty).	Antworte aus dem Text. Passive Wörter: *prljav* (schmutzig).	praksa-09.md#2#opis | dem | Did you get it? Comprehension questions in Croatian on the text above.
odavanje	praksa-09.md	___ kuća je vesela. (our)	___ kuća je vesela. (unser)	praksa-09.md#3#s8.0 | unser | Type the possessive from the text Copy the possessive back into the se
odavanje	praksa-09.md	Nobody says whose is whose. Work it out from what each person does.	Niemand sagt, wem was gehört. Finde es heraus aus dem, was jede Person tut.	praksa-09.md#10#opis | dem | Solve the puzzle Deduction from the four habits. The answers are built
odavanje	praksa-09.md	Almost every sentence came out of the four texts. Read the Croatian noun and tap the ending.	Fast jeder Satz stammt aus den vier Texten. Lies das kroatische Nomen und tippe auf die Endung.	praksa-09.md#11#opis | den | Tap the ending from the texts One tap per sentence, and almost every s
odavanje	praksa-09.md	___ klub je mali. (our)	___ klub je mali. (unser)	praksa-09.md#12#s1.0 | unser | Type the possessive Type the whole possessive, with the text as a safe
odavanje	praksa-09.md	___ trener je pošten. (our)	___ trener je pošten. (unser)	praksa-09.md#12#s2.0 | unser | Type the possessive Type the whole possessive, with the text as a safe
odavanje	praksa-09.md	___ roditelji navijaju. (our)	___ roditelji navijaju. (unser)	praksa-09.md#12#s6.0 | unser | Type the possessive Type the whole possessive, with the text as a safe
odavanje	praksa-09.md	___ park ima nove golove. (our)	___ park ima nove golove. (unser)	praksa-09.md#12#s11.0 | unser | Type the possessive Type the whole possessive, with the text as a safe
odavanje	praksa-10.md	Almost every sentence came out of the four texts. One tap completes the participle.	Fast jeder Satz stammt aus den vier Texten. Ein Tipp vollendet das Partizip.	praksa-10.md#12#opis | den | Tap the ending from the texts One tap per sentence, and almost every s
odavanje	praksa-10.md	I slept for a long time.	Ich habe lange geschlafen.	praksa-10.md#12#s1.1 | lange | Tap the ending from the texts One tap per sentence, and almost every s
odavanje	praksa-10.md	I had an exam.	Ich hatte eine Prüfung.	praksa-10.md#12#s9.1 | hatte | Tap the ending from the texts One tap per sentence, and almost every s
odavanje	praksa-10.md	en: I knew everything!	en: Ich wusste alles!	praksa-10.md#16#s10.1 | wusste | Translate by building English in, Croatian out, built from tiles taken
odavanje	praksa-11.md	Answer from the dialogue.	Antworte aus dem Dialog.	praksa-11.md#2#opis | dem | Did you get it? Comprehension on the dialogue above. Each question her
odavanje	praksa-11.md	Every question came out of the four texts. One tap makes the question word match its noun.	Jede Frage stammt aus den vier Texten. Ein Tipp lässt das Fragewort zu seinem Nomen passen.	praksa-11.md#11#opis | den | Tap the ending from the texts One tap per question, and almost every q
odavanje	praksa-11.md	What is the cake like?	Wie ist die Torte?	praksa-11.md#11#s3.1 | die | Tap the ending from the texts One tap per question, and almost every q
odavanje	praksa-11.md	Whose box is this?	Wessen Kiste ist das?	praksa-11.md#11#s4.1 | das | Tap the ending from the texts One tap per question, and almost every q
odavanje	praksa-11.md	Whose present is this?	Wessen Geschenk ist das?	praksa-11.md#11#s5.1 | das | Tap the ending from the texts One tap per question, and almost every q
odavanje	praksa-11.md	Whose letter is this?	Wessen Brief ist das?	praksa-11.md#11#s9.1 | das | Tap the ending from the texts One tap per question, and almost every q
odavanje	praksa-11.md	Which coffee is yours?	Welcher Kaffee ist deiner?	praksa-11.md#11#s11.1 | deiner | Tap the ending from the texts One tap per question, and almost every q
odavanje	praksa-11.md	What is the weather like?	Wie ist das Wetter?	praksa-11.md#11#s13.1 | das | Tap the ending from the texts One tap per question, and almost every q
odavanje	praksa-11.md	Question word first, no *do*; *li* right after the verb.	Fragewort zuerst; *li* direkt nach dem Verb.	praksa-11.md#15#infokratko | dem | Translate by building English in, Croatian out, built from tiles taken
odavanje	praksa-12.md	Fill in the negation from the text.	Ergänze die Verneinung aus dem Text.	praksa-12.md#3#opis | dem | Type the negation Copy the negative word back into its line. Read the 
odavanje	praksa-12.md	By elimination from the negatives.	Durch Ausschluss aus den Verneinungen.	praksa-12.md#10#infokratko | den | Solve the puzzle Deduction from the negatives. Only Damir can take the
odavanje	praksa-12.md	Nobody says who eats what. Work it out from the text.	Niemand sagt, wer was isst. Finde es aus dem Text heraus.	praksa-12.md#10#opis | dem | Solve the puzzle Deduction from the negatives. Only Damir can take the
odavanje	praksa-12.md	Almost every sentence came out of the four texts. One tap — or none, if the sentence is positive.	Fast jeder Satz stammt aus den vier Texten. Ein Tipp – oder keiner, wenn der Satz bejaht ist.	praksa-12.md#11#opis | den | Tap the ending from the texts One tap per sentence, and almost every s
odavanje	praksa-12.md	Fish isn't tasty.	Fisch ist nicht lecker.	praksa-12.md#11#s10.1 | lecker | Tap the ending from the texts One tap per sentence, and almost every s
odavanje	praksa-12.md	*ne* before the verb; *nije, nemamo* one tile; negative words keep *ne*.	*ne* vor dem Verb; *nije, nemamo* ein Kärtchen; Verneinungswörter behalten *ne*.	praksa-12.md#15#infokratko | dem | Translate by building English in, Croatian out, built from tiles taken
odavanje	praksa-13.md	The text is right above you — fill in the locative.	Der Text steht direkt über dir – setz den Lokativ ein.	praksa-13.md#3#opis | den | Type the locative Copy the place back into its sentence in the locativ
odavanje	praksa-13.md	"Every sentence came out of the five texts. One tap puts the place in the ""being there"" form."	Jeder Satz stammt aus den fünf Texten. Ein Tippen bringt den Ort in die „Dortsein“-Form.	praksa-13.md#14#opis | den,den | Tap the ending from the texts One tap per sentence, and every sentence
odavanje	praksa-14.md	Fill in the receiver from the text.	Setz den Empfänger aus dem Text ein.	praksa-14.md#3#opis | den,dem | Type the dative Copy each receiver back into its line. The bracket giv
odavanje	praksa-14.md	Fill in the receivers from the text.	Setz die Empfänger aus dem Text ein.	praksa-14.md#9#opis | dem | Type the receiver Copy each receiver back into Ivo's round. A noun wit
odavanje	praksa-14.md	Almost every sentence came out of the five texts. One tap finishes the word.	Fast jeder Satz stammt aus den fünf Texten. Ein Tippen vollendet das Wort.	praksa-14.md#14#opis | den | Tap the ending from the texts One tap per sentence, and almost every s
odavanje	praksa-14.md	I'm sending Marko gloves.	Ich schicke Marko Handschuhe.	praksa-14.md#14#s12.1 | schicke | Tap the ending from the texts One tap per sentence, and almost every s
odavanje	praksa-14.md	I'm bringing Grandpa cakes.	Ich bringe Opa Kuchen.	praksa-14.md#14#s15.1 | bringe | Tap the ending from the texts One tap per sentence, and almost every s
odavanje	praksa-15.md	Fill in the instrumental from the text.	Setz den Instrumental aus dem Text ein.	praksa-15.md#3#opis | den,dem | Type the instrumental Copy each instrumental back into its line. The b
odavanje	praksa-16.md	Fill in the genitive from the text.	Setz den Genitiv aus dem Text ein.	praksa-16.md#3#opis | den,dem | Type the genitive Copy each genitive back into its line. The bracket g
odavanje	praksa-16.md	Fill in the genitive.	Setz den Genitiv ein.	praksa-16.md#9#opis | den | Type the genitive Copy each genitive back into the journey. The little
odavanje	praksa-16.md	Almost every sentence came out of the five texts. One tap finishes the genitive.	Fast jeder Satz stammt aus den fünf Texten. Ein Tippen vollendet den Genitiv.	praksa-16.md#14#opis | den,den | Tap the ending from the texts One tap per sentence, and almost every s
odavanje	praksa-16.md	Genitive after the thing, the little word, *nema*, or 2–4.	Genitiv nach der Sache, dem kleinen Wort, *nema* oder 2–4.	praksa-16.md#17#infokratko | dem | Translate by building English in, Croatian out, built from tiles taken
odavanje	praksa-17.md	Fill in the command from the recipe.	Setz den Befehl aus dem Rezept ein.	praksa-17.md#3#opis | den,dem | Type the command Copy each order back into the recipe. The bracket giv
odavanje	praksa-17.md	Almost every order came out of the five texts. One tap finishes it.	Fast jeder Befehl stammt aus den fünf Texten. Ein Tippen vollendet ihn.	praksa-17.md#14#opis | den | Tap the ending from the texts One tap per order, and almost every orde
odavanje	praksa-17.md	(the team) Run!	(die Mannschaft) Lauft!	praksa-17.md#14#s10.1 | die | Tap the ending from the texts One tap per order, and almost every orde
odavanje	praksa-17.md	(the team) Pass the ball!	(die Mannschaft) Spielt den Ball ab!	praksa-17.md#14#s11.1 | die | Tap the ending from the texts One tap per order, and almost every orde
odavanje	praksa-17.md	(the team) Don't sleep!	(die Mannschaft) Schlaft nicht!	praksa-17.md#14#s12.1 | die | Tap the ending from the texts One tap per order, and almost every orde
odavanje	praksa-18.md	One line per person. *-o* a man, *-la* a woman — then read the rest.	Eine Zeile pro Person. *-o* ein Mann, *-la* eine Frau – dann lies den Rest.	praksa-18.md#11#infokratko | den | Who said it? Reading the survey for who said what. Each person has one
odavanje	praksa-18.md	Almost every sentence came out of the five texts. One tap finishes the participle.	Fast jeder Satz stammt aus den fünf Texten. Ein Tippen vollendet das Partizip.	praksa-18.md#14#opis | den | Tap the ending from the texts One tap finishes the participle, and alm
odavanje	praksa-18.md	Dad would get peace.	Papa würde Ruhe bekommen.	praksa-18.md#14#s13.1 | würde | Tap the ending from the texts One tap finishes the participle, and alm
odavanje	praksa-18.md	Petra wouldn't save.	Petra würde nicht sparen.	praksa-18.md#14#s15.1 | würde | Tap the ending from the texts One tap finishes the participle, and alm
odavanje	praksa-19.md	Almost every sentence came out of the five texts. One tap adds a prefix — or none.	Fast jeder Satz stammt aus den fünf Texten. Ein Tippen fügt eine Vorsilbe hinzu – oder keine.	praksa-19.md#14#opis | den | Tap the prefix from the texts One tap in front of the verb decides the
odavanje	praksa-20.md	Fill in the connector from the text.	Setz das Bindewort aus dem Text ein.	praksa-20.md#3#opis | dem | Type the connector Copy each connector back into its line. *Koje* desc
odavanje	praksa-20.md	Almost every sentence came out of the five texts. One tap finishes *koji*.	Fast jeder Satz stammt aus den fünf Texten. Ein Tippen vollendet *koji*.	praksa-20.md#14#opis | den | Tap the ending from the texts One tap finishes *koj___*, and almost ev
odavanje	praksa-20.md	Read the English sentence, then build its Croatian translation — your graduation sentences!	Lies den deutschen Satz und bau dann seine kroatische Übersetzung – deine Abschlusssätze!	praksa-20.md#17#opis | den | Translate by building English in, Croatian out, built from tiles taken
odavanje	test-02.md	On je ___. (tired)	On je ___. (müde)	test-02.md#8#s4.0 | müde | Type the missing word Read the English in brackets and type the Croati
odavanje	test-02.md	Ona je ___. (tired)	Ona je ___. (müde)	test-02.md#8#s5.0 | müde | Type the missing word Read the English in brackets and type the Croati
odavanje	test-02.md	No tiles, no options. Read the English and write the whole Croatian sentence. The pronoun is optional with *ja* and *ti*, so both versions count there; with *on* and *ona* keep it — and never let the verb come first.	Keine Kärtchen, keine Auswahl. Lies das Deutsche und schreib den ganzen kroatischen Satz. Bei *ja* und *ti* ist das Pronomen optional, dort zählen also beide Fassungen; bei *on* und *ona* behalte es – und lass das Verb nie zuerst kommen.	test-02.md#11#opis | den | Write it in Croatian No tiles, no options. Read the English and write 
odavanje	test-02.md	I'm fine, thank you.	Mir geht's gut, danke.	test-02.md#11#s34.0 | danke | Write it in Croatian No tiles, no options. Read the English and write 
odavanje	test-03.md	She reads a text.	Sie liest einen Text.	test-03.md#5#s15.1 | einen | Tap the ending The English is above. The verb is waiting for its name 
odavanje	test-03.md	I write a text.	Ich schreibe einen Text.	test-03.md#5#s19.1 | schreibe,einen | Tap the ending The English is above. The verb is waiting for its name 
odavanje	test-03.md	I study Croatian.	Ich lerne Kroatisch.	test-03.md#5#s39.1 | lerne | Tap the ending The English is above. The verb is waiting for its name 
odavanje	test-03.md	I read a letter.	Ich lese einen Brief.	test-03.md#5#s44.1 | lese,einen | Tap the ending The English is above. The verb is waiting for its name 
odavanje	test-03.md	She reads a letter.	Sie liest einen Brief.	test-03.md#5#s45.1 | einen | Tap the ending The English is above. The verb is waiting for its name 
odavanje	test-03.md	I listen to a film.	Ich höre einen Film.	test-03.md#5#s47.1 | höre,einen | Tap the ending The English is above. The verb is waiting for its name 
odavanje	test-03.md	I write an email.	Ich schreibe eine E-Mail.	test-03.md#5#s52.1 | schreibe | Tap the ending The English is above. The verb is waiting for its name 
odavanje	test-03.md	No tiles, no options. Read the English and write the whole Croatian sentence. The pronoun is optional with *ja* and *ti*, so both versions count there; with *on* and *ona* keep it.	Keine Kärtchen, keine Auswahl. Lies das Deutsche und schreib den ganzen kroatischen Satz. Bei *ja* und *ti* ist das Pronomen optional, dort zählen also beide Fassungen; bei *on* und *ona* behalte es.	test-03.md#10#opis | den | Write it in Croatian No tiles, no options. Read the English and write 
odavanje	test-04.md	I cook.	Ich koche.	test-04.md#7#s1.1 | koche | Tap the ending The English is above. The verb is waiting for its name 
odavanje	test-04.md	I clean the apartment.	Ich putze die Wohnung.	test-04.md#7#s4.1 | putze,die | Tap the ending The English is above. The verb is waiting for its name 
odavanje	test-04.md	You clean the apartment.	Du putzt die Wohnung.	test-04.md#7#s5.1 | die | Tap the ending The English is above. The verb is waiting for its name 
odavanje	test-04.md	Dad cleans the apartment.	Papa putzt die Wohnung.	test-04.md#7#s6.1 | die | Tap the ending The English is above. The verb is waiting for its name 
odavanje	test-04.md	I wait.	Ich warte.	test-04.md#7#s7.1 | warte | Tap the ending The English is above. The verb is waiting for its name 
odavanje	test-04.md	I sit.	Ich sitze.	test-04.md#7#s10.1 | sitze | Tap the ending The English is above. The verb is waiting for its name 
odavanje	test-04.md	I love my home.	Ich liebe mein Zuhause.	test-04.md#7#s16.1 | liebe | Tap the ending The English is above. The verb is waiting for its name 
odavanje	test-04.md	I have a garden.	Ich habe einen Garten.	test-04.md#7#s22.1 | einen | Tap the ending The English is above. The verb is waiting for its name 
odavanje	test-04.md	You have a garden.	Du hast einen Garten.	test-04.md#7#s23.1 | einen | Tap the ending The English is above. The verb is waiting for its name 
odavanje	test-04.md	I am talking.	Ich rede.	test-04.md#7#s25.1 | rede | Tap the ending The English is above. The verb is waiting for its name 
odavanje	test-04.md	I help.	Ich helfe.	test-04.md#7#s28.1 | helfe | Tap the ending The English is above. The verb is waiting for its name 
odavanje	test-04.md	I get up early.	Ich stehe früh auf.	test-04.md#7#s31.1 | stehe | Tap the ending The English is above. The verb is waiting for its name 
odavanje	test-04.md	No tiles, no options. Read the English and write the whole Croatian sentence. The pronoun is optional with *ja* and *ti*, so both versions count there; with *on* and *ona* keep it — but the comma is not optional: *a* and *ali* always take one, *i* never does.	Keine Kärtchen, keine Auswahl. Lies das Deutsche und schreib den ganzen kroatischen Satz. Bei *ja* und *ti* ist das Pronomen optional, dort zählen also beide Fassungen; bei *on* und *ona* behalte es – aber das Komma ist nicht optional: *a* und *ali* nehmen immer eins, *i* nie.	test-04.md#12#opis | den | Write it in Croatian No tiles, no options. Read the English and write 
odavanje	test-04.md	You are cleaning the apartment.	Du putzt die Wohnung.	test-04.md#12#s18.0 | die | Write it in Croatian No tiles, no options. Read the English and write 
odavanje	test-05.md	Type the accusative form of the word.	Tippe die Akkusativform des Wortes.	test-05.md#8#opis | des | Type the accusative Type the accusative form of the word.
odavanje	test-06.md	I see the bridge.	Ich sehe die Brücke.	test-06.md#6#s20.1 | sehe,die | Tap the ending: living or thing? Masculine words only. A being takes *
odavanje	test-06.md	I'm buying a ticket.	Ich kaufe eine Fahrkarte.	test-06.md#7#s19.1 | kaufe | The whole map in one tap Three buttons, three outcomes. Feminine takes
odavanje	test-06.md	I'm looking for the stop.	Ich suche die Haltestelle.	test-06.md#7#s20.1 | suche,die | The whole map in one tap Three buttons, three outcomes. Feminine takes
odavanje	test-06.md	Say the same sentence again, with a pronoun instead of the noun.	Sag denselben Satz noch einmal, mit einem Pronomen statt des Nomens.	test-06.md#9#opis | des | Replace the target Say the same sentence again, with a pronoun instead
odavanje	test-06.md	Marko is calling the waiter.	Marko ruft den Kellner.	test-06.md#14#s6.0 | den | Write it in Croatian No tiles, no options. Read the English and write 
odavanje	test-06.md	I see the police officer.	Ich sehe den Polizisten.	test-06.md#14#s13.0 | sehe,den | Write it in Croatian No tiles, no options. Read the English and write 
odavanje	test-06.md	I'm driving a car.	Ich fahre Auto.	test-06.md#14#s14.0 | fahre | Write it in Croatian No tiles, no options. Read the English and write 
odavanje	test-07.md	The exams are hard.	Die Prüfungen sind schwer.	test-07.md#7#s20.1 | schwer | Tap the plural ending One tap. Masculine takes **-i**, feminine **-e**
odavanje	test-07.md	I see the cities.	Ich sehe die Städte.	test-07.md#9#s6.1 | sehe,die | Tap the plural target The same word twice — once naming, once as the t
odavanje	test-07.md	I'm calling the parents.	Ich rufe die Eltern.	test-07.md#9#s18.1 | rufe,die | Tap the plural target The same word twice — once naming, once as the t
odavanje	test-07.md	I'm reading new books.	Ich lese neue Bücher.	test-07.md#16#s13.0 | lese,neue | Write it in Croatian No tiles, no options. Read the English and write 
odavanje	test-08.md	I will train in the evening.	Ich werde abends trainieren.	test-08.md#6#s21.1 | werde | Long or short? In front of *ću* the verb drops its final **-i**. Anywh
odavanje	test-08.md	You get the infinitive — type the form that stands in front of *ću*.	Du bekommst den Infinitiv – tippe die Form, die vor *ću* steht.	test-08.md#9#opis | den | Type the future stem You get the infinitive — type the form that stand
odavanje	test-08.md	No tiles, no options. Read the English and write the whole Croatian sentence. Both word orders count, and so does the pronoun.	Keine Kärtchen, keine Auswahl. Lies das Deutsche und schreib den ganzen kroatischen Satz. Beide Wortstellungen zählen, und das Pronomen auch.	test-08.md#15#opis | den | Write it in Croatian No tiles, no options. Read the English and write 
odavanje	test-08.md	I won't study.	Ich werde nicht lernen.	test-08.md#15#s6.0 | werde | Write it in Croatian No tiles, no options. Read the English and write 
odavanje	test-09.md	Not about possessives — everything here comes from levels 5 to 8.	Nicht über Possessivpronomen – alles hier stammt aus den Levels 5 bis 8.	test-09.md#12#opis | den | From the earlier levels Not about possessives — everything here comes 
odavanje	test-10.md	Not about the past tense — everything here comes from levels 5 to 9.	Nicht über die Vergangenheit – alles hier stammt aus den Levels 5 bis 9.	test-10.md#13#opis | den | From the earlier levels Not about the past tense — everything here com
odavanje	test-10.md	Marko voli ___ klub. (his own)	Marko voli ___ klub. (seinen eigenen)	test-10.md#13#s18.0 | seinen,eigenen | From the earlier levels Not about the past tense — everything here com
odavanje	test-12.md	The English is above. One tap in front of the word — or none, if the sentence is positive.	Oben steht das Deutsche. Ein Tipp vor dem Wort – oder keiner, wenn der Satz bejaht ist.	test-12.md#5#opis | dem | Tap the ending The English is above. One tap in front of the word — or
odavanje	test-13.md	The English is above. One tap finishes the locative — watch the feminine words in *-ka* and *-ga*.	Oben steht das Deutsche. Ein Tippen vollendet den Lokativ – achte auf die femininen Wörter auf *-ka* und *-ga*.	test-13.md#5#opis | den | Tap the ending The English is above. One tap finishes the locative — w
odavanje	test-13.md	Type the place in the locative. The preposition is already there.	Schreib den Ort im Lokativ. Die Präposition steht schon da.	test-13.md#9#opis | den | Type the locative Type the place in the locative. The preposition is a
odavanje	test-13.md	Not about the locative — everything here comes from levels 8 to 12.	Nicht zum Lokativ – alles hier stammt aus den Stufen 8 bis 12.	test-13.md#12#opis | den | From the earlier levels Not about the locative — everything here comes
odavanje	test-13.md	Čija je ovo lopta? — ___ . (mine)	Čija je ovo lopta? — ___ . (meiner)	test-13.md#12#s5.0 | meiner | From the earlier levels Not about the locative — everything here comes
odavanje	test-14.md	The English is above. One tap finishes the receiver — one person or several?	Oben steht das Deutsche. Ein Tippen vollendet den Empfänger – eine Person oder mehrere?	test-14.md#5#opis | den | Tap the ending The English is above. One tap finishes the receiver — o
odavanje	test-14.md	I'm sending Grandma chocolate.	Ich schicke Oma Schokolade.	test-14.md#5#s10.1 | schicke | Tap the ending The English is above. One tap finishes the receiver — o
odavanje	test-14.md	Replace the receiver in CAPITALS — the short form can never open the sentence.	Ersetze den Empfänger in GROSSBUCHSTABEN – die kurze Form kann nie den Satz eröffnen.	test-14.md#8#opis | den,den | Which little word? Replace the receiver in CAPITALS — the short form c
odavanje	test-14.md	Not about the dative — everything here comes from levels 9 to 13.	Nicht zum Dativ – alles hier stammt aus den Stufen 9 bis 13.	test-14.md#13#opis | den | From the earlier levels Not about the dative — everything here comes f
odavanje	test-15.md	The English is above. One tap puts the word in the instrumental.	Oben steht das Deutsche. Ein Tippen bringt das Wort in den Instrumental.	test-15.md#5#opis | den | Tap the ending One tap for the instrumental. In the singular most word
odavanje	test-15.md	Choose the company form of the pronoun.	Wähle die Begleitungsform des Pronomens.	test-15.md#8#opis | des | With me, with you The company forms of the pronouns from Grammar 15. *
odavanje	test-15.md	The naming form is in brackets. Choose the form that fits the sentence.	Die Grundform steht in Klammern. Wähle die Form, die in den Satz passt.	test-15.md#9#opis | den | One word, four cases The same noun in four jobs, the core of Module C.
odavanje	test-15.md	Read the text, then answer. Passive words: *ih* (them), *najljepši* (most beautiful).	Lies den Text und antworte dann. Passive Wörter: *ih* (sie), *najljepši* (der schönste).	test-15.md#12#opis | den | Read: Grandma's birthday trip A short story with all four cases of Mod
odavanje	test-15.md	Not only the instrumental — everything here comes from levels 8 to 14.	Nicht nur der Instrumental – alles hier stammt aus den Stufen 8 bis 14.	test-15.md#13#opis | den | From the earlier levels The rest of Module C and a little from before 
odavanje	test-15.md	No tiles, no options. Read the English and write the whole Croatian sentence.	Keine Kärtchen, keine Auswahl. Lies das Deutsche und schreib den ganzen kroatischen Satz.	test-15.md#15#opis | den | Write it in Croatian Free production from English, the hardest step. C
odavanje	test-15.md	I'm dancing with him.	Ich tanze mit ihm.	test-15.md#15#s10.0 | tanze | Write it in Croatian Free production from English, the hardest step. C
odavanje	test-16.md	at someone's place	bei jemandem	test-16.md#2#s3.1 | jemandem | What does it mean? Recognition of the Level 16 words, with three meani
odavanje	test-16.md	instead of	statt, anstelle von	test-16.md#2#s8.3 | anstelle | What does it mean? Recognition of the Level 16 words, with three meani
odavanje	test-16.md	except	außer	test-16.md#2#s9.3 | außer | What does it mean? Recognition of the Level 16 words, with three meani
odavanje	test-16.md	before	vorher, früher	test-16.md#2#s10.3 | vorher,früher | What does it mean? Recognition of the Level 16 words, with three meani
odavanje	test-16.md	The English is above. One tap puts the word in the genitive.	Oben steht das Deutsche. Ein Tippen bringt das Wort in den Genitiv.	test-16.md#5#opis | den | Tap the ending One tap for the genitive. Masculine and neuter nouns ta
odavanje	test-16.md	Type the genitive of the word in brackets.	Schreib den Genitiv des Worts in Klammern.	test-16.md#10#opis | den,des | Type the genitive You type the genitive after the little word, *nema* 
odavanje	test-16.md	Read the text, then answer. Passive words: *rastu* (grow), *ključ od podruma* (the cellar key), *ga* (it), *na kraju* (in the end), *nađe* (finds).	Lies den Text und antworte dann. Passive Wörter: *rastu* (wachsen), *ključ od podruma* (der Kellerschlüssel), *ga* (ihn), *na kraju* (am Ende), *nađe* (findet).	test-16.md#12#opis | den | Read: the key to the cellar A short story with the genitive in almost 
odavanje	test-16.md	Not about the genitive — everything here comes from levels 8 to 15.	Nicht zum Genitiv – alles hier stammt aus den Stufen 8 bis 15.	test-16.md#13#opis | den | From the earlier levels A review of Module C and the perfect: the inst
odavanje	test-16.md	Genitive after the thing, the little word, *nema* or 2–4. Comma before *a, ali*.	Genitiv nach der Sache, dem kleinen Wort, *nema* oder 2–4. Komma vor *a, ali*.	test-16.md#14#infokratko | dem | Build the sentences Whole sentences with the genitive in all its jobs,
odavanje	test-16.md	The English is above — tap the tiles to build the Croatian sentence.	Oben steht das Deutsche – tippe auf die Kärtchen, um den kroatischen Satz zu bauen.	test-16.md#14#opis | den | Build the sentences Whole sentences with the genitive in all its jobs,
odavanje	test-16.md	I come from Split.	Ich komme aus Split.	test-16.md#15#s2.0 | komme | Write it in Croatian Free production from English. The genitive follow
odavanje	test-17.md	Choose the correct command.	Wähle den richtigen Befehl.	test-17.md#6#opis | den | Pick the form Choosing the correct imperative. The wrong options take 
odavanje	test-17.md	Not about the imperative — everything here comes from levels 10 to 16.	Nicht zum Imperativ – alles hier stammt aus den Stufen 10 bis 16.	test-17.md#13#opis | den | From the earlier levels A review of Levels 12 to 16: the genitive, the
odavanje	test-18.md	the same	derselbe, gleich	test-18.md#2#s18.2 | derselbe | What does it mean? Recognition of the Level 18 words, with three meani
odavanje	test-18.md	She would laugh.	Sie würde lachen.	test-18.md#7#s6.0 | würde | The grammatical sentence Choosing the sentence with the right word ord
odavanje	test-18.md	Tomorrow I would save.	Morgen würde ich sparen.	test-18.md#7#s7.0 | würde | The grammatical sentence Choosing the sentence with the right word ord
odavanje	test-18.md	Rewrite the sentence in the conditional.	Schreib den Satz im Konditional neu.	test-18.md#9#opis | den | Today → in your dreams You turn a present-tense sentence into a condit
odavanje	test-18.md	Not about the conditional — everything here comes from levels 10 to 17.	Nicht zum Konditional – alles hier stammt aus den Stufen 10 bis 17.	test-18.md#12#opis | den | From the earlier levels A review of Levels 13 to 17: the imperative, t
odavanje	test-18.md	I hope so.	Das hoffe ich.	test-18.md#14#s13.0 | hoffe | Write it in Croatian Free production from English. The conditional is 
odavanje	test-19.md	to sign the document	das Dokument unterschreiben	test-19.md#7#s1.0 | das | Which prefix? Choosing the verb from its meaning. All five come from *
odavanje	test-19.md	to finish writing the letter	den Brief fertig schreiben	test-19.md#7#s2.0 | den | Which prefix? Choosing the verb from its meaning. All five come from *
odavanje	test-19.md	to copy out the homework	die Hausaufgaben abschreiben	test-19.md#7#s5.0 | die | Which prefix? Choosing the verb from its meaning. All five come from *
odavanje	test-19.md	Jesi li ___ zadaću? (pisati / napisati, to a girl)	Jesi li ___ zadaću? (pisati / napisati, zu einem Mädchen)	test-19.md#9#s10.0 | einem | Process or result? You type the participle of the right twin. The brac
odavanje	test-19.md	Not about aspect — everything here comes from levels 10 to 18.	Nicht zum Aspekt – alles hier stammt aus den Stufen 10 bis 18.	test-19.md#12#opis | den | From the earlier levels A review of Levels 14 to 18: the conditional, 
odavanje	test-19.md	Have you finished your homework? (to a boy)	Hast du deine Hausaufgaben fertig? (zu einem Jungen)	test-19.md#14#s15.0 | einem | Write it in Croatian Free production from English. Something lasting o
odavanje	test-20.md	Everything from the course. The connector in the sentence points to the answer.	Alles aus dem Kurs. Das Bindewort im Satz zeigt zur Antwort.	test-20.md#10#infokratko | dem | Read: the last letter A letter that uses almost everything from the co
odavanje	test-20.md	Read the letter, then answer. Passive words: *mjesec dana* (a month), *stigla* (arrived), *svako jutro* (every morning), *mi se sviđa* (I like), *u kolovozu* (in August).	Lies den Brief und antworte dann. Passive Wörter: *mjesec dana* (einen Monat), *stigla* (angekommen), *svako jutro* (jeden Morgen), *mi se sviđa* (mir gefällt), *u kolovozu* (im August).	test-20.md#10#opis | den | Read: the last letter A letter that uses almost everything from the co
odavanje	test-20.md	Everything here comes from levels 1 to 10.	Alles hier stammt aus den Stufen 1 bis 10.	test-20.md#11#opis | den | From the earlier levels The beginning of the course, one last time: ge
odavanje	test-20.md	The course's key sentences. Short words second; connector opens its half.	Die Schlüsselsätze des Kurses. Kurze Wörter an zweiter Stelle; Bindewort eröffnet seine Hälfte.	test-20.md#12#infokratko | des | Build the sentences The key sentences of the whole course, one per lev
odavanje	test-20.md	Tomorrow I'll swim.	Morgen werde ich schwimmen.	test-20.md#13#s7.0 | werde | Write it in Croatian Free production from English, the last task of th
odavanje	vokabular-02.md	grilled meat	gegrilltes Fleisch	vokabular-02.md#6#s18.1 | gegrilltes | Speed challenge: old and new Timed recognition of today's words mixed 
odavanje	vokabular-07.md	heavy	schwer	vokabular-07.md#8#s7.0 | schwer | Type it in Croatian The final writing round mixes today's words with o
odavanje	vokabular-07.md	from where	woher	vokabular-07.md#8#s10.0 | woher | Type it in Croatian The final writing round mixes today's words with o
odavanje	vokabular-10.md	usually	normalerweise	vokabular-10.md#5#s6.0 | normalerweise | First writing: the new words You write each new word once, from its En
odavanje	vokabular-10.md	for a long time	lange	vokabular-10.md#5#s9.0 | lange | First writing: the new words You write each new word once, from its En
odavanje	vokabular-10.md	last week	letzte Woche	vokabular-10.md#8#s5.0 | letzte | Type it in Croatian The final writing round mixes today's words with o
odavanje	vokabular-10.md	the whole day	den ganzen Tag	vokabular-10.md#8#s7.0 | den | Type it in Croatian The final writing round mixes today's words with o
odavanje	vokabular-11.md	which	welcher	vokabular-11.md#6#s4.0 | welcher | First writing: the new words You write each new word once, from its En
odavanje	vokabular-12.md	bitter	bitter	vokabular-12.md#6#s11.0 | bitter | First writing: the new words You write each new word once, from its En
odavanje	vokabular-13.md	a whole hour	eine ganze Stunde	vokabular-13.md#6#s20.1 | ganze | Speed challenge: old and new Timed recognition of today's words mixed 
odavanje	vokabular-15.md	young man	junger Mann	vokabular-15.md#5#s8.0 | junger | First writing: the new words You write each new word once, from its En
odavanje	vokabular-18.md	better	besser	vokabular-18.md#8#s3.0 | besser | Type it in Croatian The final writing round mixes today's words with o
odavanje	vokabular-19.md	pie	Pita (gefüllter Teigkuchen)	vokabular-19.md#8#s12.0 | gefüllter | Type it in Croatian The final writing round mixes today's words with o
odavanje	vokabular-20.md	The final challenge of the course: type each word in Croatian. Remember: Croatian is written exactly as it sounds.	Die letzte Herausforderung des Kurses: Schreib jedes Wort auf Kroatisch. Denk daran: Kroatisch wird genau so geschrieben, wie es klingt.	vokabular-20.md#8#opis | des | Type it in Croatian The last writing round of the course mixes today's
